{"stats":{"minecraft:mined":{"minecraft:white_bed":2,"minecraft:cherry_log":8,"minecraft:red_nether_bricks":41,"minecraft:carved_pumpkin":10,"minecraft:obsidian":13,"minecraft:granite":66,"minecraft:red_sand":46,"minecraft:acacia_log":15,"minecraft:jungle_log":12,"minecraft:deepslate_bricks":60,"minecraft:bubble_coral_block":8,"minecraft:bamboo_block":59,"minecraft:tube_coral_block":8,"minecraft:hopper":18,"minecraft:oak_wall_sign":8,"minecraft:magma_block":40,"minecraft:cobbled_deepslate":40,"minecraft:fire":72,"minecraft:pumpkin":7,"minecraft:deepslate_lapis_ore":51,"minecraft:dirt_path":3,"minecraft:stripped_bamboo_block":1,"minecraft:crimson_nylium":31,"minecraft:powder_snow":1,"minecraft:torch":30,"minecraft:melon":3,"minecraft:sugar_cane":14,"minecraft:amethyst_block":128,"minecraft:white_terracotta":45,"minecraft:verdant_froglight":1,"minecraft:mud":66,"minecraft:wheat":3,"minecraft:pumpkin_stem":2,"minecraft:oak_fence_gate":3,"minecraft:mangrove_log":24,"minecraft:smooth_basalt":31,"minecraft:stonecutter":2,"minecraft:deepslate":200,"minecraft:suspicious_gravel":53,"minecraft:yellow_terracotta":9,"minecraft:deepslate_tiles":33,"minecraft:dark_prismarine":38,"minecraft:mossy_cobblestone":65,"minecraft:dark_oak_log":42,"minecraft:stripped_birch_log":1,"minecraft:sea_lantern":16,"minecraft:nether_bricks":47,"minecraft:cobbled_deepslate_slab":2,"minecraft:spruce_fence":10,"minecraft:moss_block":93,"minecraft:redstone_ore":13,"minecraft:packed_mud":37,"minecraft:red_sandstone":62,"minecraft:snow":27,"minecraft:suspicious_sand":25,"minecraft:green_terracotta":12,"minecraft:andesite":53,"minecraft:cobblestone_slab":2,"minecraft:fire_coral_block":12,"minecraft:oak_slab":68,"minecraft:glass_pane":2,"minecraft:soul_sand":57,"minecraft:emerald_ore":20,"minecraft:sponge":15,"minecraft:copper_ore":99,"minecraft:dried_kelp_block":8,"minecraft:deepslate_gold_ore":31,"minecraft:diorite":56,"minecraft:warped_wart_block":13,"minecraft:pearlescent_froglight":1,"minecraft:red_terracotta":4,"minecraft:white_carpet":13,"minecraft:spruce_log":23,"minecraft:gravel":33,"minecraft:dripstone_block":72,"minecraft:brown_terracotta":6,"minecraft:gold_ore":26,"minecraft:deepslate_emerald_ore":10,"minecraft:spruce_planks":1,"minecraft:oak_sapling":2,"minecraft:farmland":1,"minecraft:cobblestone_stairs":3,"minecraft:budding_amethyst":36,"minecraft:grass_block":119,"minecraft:soul_soil":25,"minecraft:mud_bricks":31,"minecraft:gilded_blackstone":22,"minecraft:raw_iron_block":2,"minecraft:glowstone":28,"minecraft:iron_ore":56,"minecraft:brain_coral_block":10,"minecraft:spruce_slab":5,"minecraft:deepslate_redstone_ore":10,"minecraft:cyan_terracotta":6,"minecraft:blackstone":85,"minecraft:dead_bubble_coral_block":2,"minecraft:orange_terracotta":12,"minecraft:clay":44,"minecraft:light_gray_terracotta":8,"minecraft:calcite":96,"minecraft:chest":72,"minecraft:mushroom_stem":10,"minecraft:nether_quartz_ore":26,"minecraft:cobblestone":547,"minecraft:honeycomb_block":2,"minecraft:prismarine":38,"minecraft:oak_planks":1,"minecraft:wall_torch":2,"minecraft:deepslate_copper_ore":64,"minecraft:warped_nylium":33,"minecraft:blue_terracotta":9,"minecraft:dark_oak_slab":4,"minecraft:nether_wart_block":23,"minecraft:birch_log":12,"minecraft:blue_ice":10,"minecraft:oak_log":62,"minecraft:lime_terracotta":9,"minecraft:sand":93,"minecraft:dirt":91,"minecraft:raw_copper_block":2,"minecraft:netherrack":74,"minecraft:ancient_debris":9,"minecraft:oak_leaves":1,"minecraft:horn_coral_block":8,"minecraft:nether_gold_ore":15,"minecraft:diamond_ore":11,"minecraft:crying_obsidian":3,"minecraft:tuff":67,"minecraft:deepslate_diamond_ore":19,"minecraft:mangrove_roots":13,"minecraft:birch_slab":34,"minecraft:sandstone":98,"minecraft:rooted_dirt":26,"minecraft:hay_block":2,"minecraft:stripped_spruce_log":1,"minecraft:dead_horn_coral_block":2,"minecraft:deepslate_iron_ore":55,"minecraft:shroomlight":20,"minecraft:stripped_oak_log":3,"minecraft:packed_ice":14,"minecraft:stone":163,"minecraft:pink_terracotta":1,"minecraft:podzol":6,"minecraft:scaffolding":12,"minecraft:stripped_dark_oak_log":1,"minecraft:basalt":51,"minecraft:crafting_table":1,"minecraft:oak_fence":89,"minecraft:deepslate_coal_ore":42,"minecraft:lapis_ore":30,"minecraft:prismarine_bricks":49,"minecraft:dead_fire_coral_block":1,"minecraft:sweet_berry_bush":2,"minecraft:muddy_mangrove_roots":13,"minecraft:coal_ore":39,"minecraft:cherry_leaves":4,"minecraft:terracotta":16},"minecraft:used":{"minecraft:writable_book":3,"minecraft:spruce_slab":13,"minecraft:ladder":11,"minecraft:chest":14,"minecraft:rotten_flesh":19,"minecraft:snowball":75,"minecraft:wandering_trader_spawn_egg":1,"minecraft:jungle_sapling":2,"minecraft:lava_bucket":2,"minecraft:dark_oak_slab":6,"minecraft:bow":136,"minecraft:sweet_berries":369,"minecraft:furnace":3,"minecraft:oak_sapling":3,"minecraft:egg":175,"minecraft:seagrass":3,"minecraft:fox_spawn_egg":1,"minecraft:parrot_spawn_egg":1,"minecraft:sand":28,"minecraft:pumpkin_seeds":3,"minecraft:birch_fence":4,"minecraft:birch_slab":146,"minecraft:wooden_sword":4,"minecraft:stone_sword":45,"minecraft:carved_pumpkin":12,"minecraft:silverfish_spawn_egg":1,"minecraft:torch":33,"minecraft:cod_bucket":1,"minecraft:oak_fence_gate":19,"minecraft:shroomlight":3,"minecraft:music_disc_mellohi":1,"minecraft:iron_block":4,"minecraft:iron_axe":482,"minecraft:rooted_dirt":3,"minecraft:tadpole_bucket":1,"minecraft:cobbled_deepslate":5,"minecraft:calcite":1,"minecraft:water_bucket":32,"minecraft:birch_planks":1,"minecraft:spruce_fence_gate":1,"minecraft:deepslate_bricks":7,"minecraft:oak_slab":257,"minecraft:crafting_table":3,"minecraft:birch_sign":5,"minecraft:white_bed":1,"minecraft:dark_oak_fence_gate":1,"minecraft:oak_log":18,"minecraft:diamond_pickaxe":1345,"minecraft:iron_pickaxe":1636,"minecraft:cobblestone":1991,"minecraft:cooked_porkchop":10,"minecraft:glass_pane":27,"minecraft:iron_shovel":153,"minecraft:oak_sign":12,"minecraft:shield":17,"minecraft:iron_sword":73,"minecraft:music_disc_13":1,"minecraft:axolotl_bucket":8,"minecraft:big_dripleaf":1,"minecraft:glass":8,"minecraft:packed_mud":3,"minecraft:scaffolding":17,"minecraft:stone_pickaxe":1062,"minecraft:oak_planks":73,"minecraft:chainmail_helmet":4,"minecraft:sugar_cane":18,"minecraft:cave_spider_spawn_egg":1,"minecraft:shulker_spawn_egg":1,"minecraft:shears":19,"minecraft:creeper_spawn_egg":1,"minecraft:bread":20,"minecraft:melon_slice":31,"minecraft:golden_helmet":3,"minecraft:tropical_fish_bucket":3,"minecraft:bone_meal":2,"minecraft:oak_fence":266,"minecraft:rose_bush":1,"minecraft:tropical_fish":1,"minecraft:stone_shovel":3,"minecraft:zombie_villager_spawn_egg":1,"minecraft:spruce_planks":1,"minecraft:wooden_shovel":45,"minecraft:stone_hoe":2,"minecraft:cooked_chicken":33,"minecraft:dirt":105,"minecraft:white_carpet":17,"minecraft:hopper":18,"minecraft:salmon_bucket":1,"minecraft:spruce_fence":35,"minecraft:wooden_axe":81,"minecraft:acacia_slab":12,"minecraft:wolf_spawn_egg":1,"minecraft:turtle_egg":2,"minecraft:pumpkin":21,"minecraft:cooked_mutton":6,"minecraft:cobblestone_stairs":93,"minecraft:snow_block":42,"minecraft:stonecutter":3,"minecraft:llama_spawn_egg":1,"minecraft:cobblestone_slab":96,"minecraft:apple":9,"minecraft:stone_axe":126,"minecraft:bucket":46},"minecraft:picked_up":{"minecraft:wooden_axe":1,"minecraft:seagrass":6,"minecraft:prismarine_shard":6,"minecraft:lead":6,"minecraft:diamond_sword":1,"minecraft:wither_rose":1,"minecraft:enchanted_book":7,"minecraft:amethyst_block":205,"minecraft:music_disc_cat":1,"minecraft:string":48,"minecraft:soul_soil":30,"minecraft:wayfinder_armor_trim_smithing_template":1,"minecraft:red_nether_bricks":54,"minecraft:explorer_pottery_sherd":4,"minecraft:pufferfish":4,"minecraft:shroomlight":24,"minecraft:gold_nugget":104,"minecraft:cobbled_deepslate":408,"minecraft:spruce_planks":2,"minecraft:enchanted_golden_apple":1,"minecraft:melon_slice":69,"minecraft:mangrove_log":24,"minecraft:golden_helmet":3,"minecraft:beehive":3,"minecraft:sheaf_pottery_sherd":4,"minecraft:music_disc_blocks":1,"minecraft:acacia_log":19,"minecraft:honeycomb_block":9,"minecraft:cherry_log":11,"minecraft:rabbit_foot":2,"minecraft:green_terracotta":20,"minecraft:pink_terracotta":6,"minecraft:black_dye":2,"minecraft:bamboo_block":72,"minecraft:stone_sword":4,"minecraft:horn_coral_fan":3,"minecraft:tropical_fish":13,"minecraft:blue_dye":9,"minecraft:carved_pumpkin":12,"minecraft:cyan_terracotta":11,"minecraft:wolf_spawn_egg":2,"minecraft:white_terracotta":68,"minecraft:blaze_rod":10,"minecraft:snowball":822,"minecraft:sponge":15,"minecraft:birch_log":23,"minecraft:magma_block":36,"minecraft:dune_armor_trim_smithing_template":1,"minecraft:cooked_beef":1,"minecraft:feather":66,"minecraft:birch_slab":160,"minecraft:water_bucket":6,"minecraft:jungle_log":13,"minecraft:powder_snow_bucket":1,"minecraft:flint":8,"minecraft:glow_squid_spawn_egg":2,"minecraft:zombie_villager_spawn_egg":1,"minecraft:twisting_vines":4,"minecraft:stripped_bamboo_block":1,"minecraft:stonecutter":2,"minecraft:glowstone_dust":97,"minecraft:moss_block":127,"minecraft:pitcher_pod":1,"minecraft:honeycomb":3,"minecraft:glow_lichen":4,"minecraft:warped_wart_block":25,"minecraft:lime_terracotta":13,"minecraft:stripped_spruce_log":1,"minecraft:ink_sac":4,"minecraft:dark_oak_log":51,"minecraft:red_terracotta":7,"minecraft:iron_hoe":4,"minecraft:blue_terracotta":18,"minecraft:writable_book":4,"minecraft:miner_pottery_sherd":8,"minecraft:dead_brain_coral_block":11,"minecraft:granite":86,"minecraft:chainmail_helmet":1,"minecraft:bread":3,"minecraft:rooted_dirt":31,"minecraft:diamond_pickaxe":6,"minecraft:crimson_roots":1,"minecraft:crafting_table":2,"minecraft:mud":88,"minecraft:shelter_pottery_sherd":11,"minecraft:nether_wart":4,"minecraft:clay_ball":292,"minecraft:mourner_pottery_sherd":10,"minecraft:dead_horn_coral_block":11,"minecraft:flint_and_steel":1,"minecraft:netherite_scrap":2,"minecraft:white_carpet":18,"minecraft:iron_shovel":5,"minecraft:jungle_sapling":4,"minecraft:spruce_slab":6,"minecraft:poppy":3,"minecraft:minecart":3,"minecraft:chest":90,"minecraft:raw_copper_block":5,"minecraft:egg":387,"minecraft:sandstone":122,"minecraft:stone":2,"minecraft:music_disc_mellohi":2,"minecraft:amethyst_cluster":7,"minecraft:spruce_fence":12,"minecraft:skull_pottery_sherd":18,"minecraft:carrot":2,"minecraft:redstone":165,"minecraft:prismarine_crystals":52,"minecraft:stone_shovel":2,"minecraft:shears":5,"minecraft:deepslate_bricks":80,"minecraft:hay_block":6,"minecraft:yellow_terracotta":15,"minecraft:mutton":24,"minecraft:rail":6,"minecraft:white_wool":19,"minecraft:heartbreak_pottery_sherd":10,"minecraft:stripped_oak_log":3,"minecraft:mud_bricks":39,"minecraft:ochre_froglight":4,"minecraft:packed_mud":46,"minecraft:oak_log":347,"minecraft:lily_pad":12,"minecraft:ancient_debris":8,"minecraft:paper":4,"minecraft:apple":16,"minecraft:kelp":2,"minecraft:stone_pickaxe":12,"minecraft:creeper_spawn_egg":1,"minecraft:wild_armor_trim_smithing_template":1,"minecraft:warped_stem":8,"minecraft:oak_fence_gate":9,"minecraft:music_disc_far":2,"minecraft:spore_blossom":8,"minecraft:cobweb":2,"minecraft:blade_pottery_sherd":4,"minecraft:glass_bottle":1,"minecraft:arms_up_pottery_sherd":6,"minecraft:iron_sword":5,"minecraft:flowering_azalea":6,"minecraft:smooth_basalt":69,"minecraft:dark_oak_slab":25,"minecraft:sweet_berries":298,"minecraft:spyglass":1,"minecraft:gravel":61,"minecraft:dead_fire_coral_block":11,"minecraft:prize_pottery_sherd":3,"minecraft:spruce_sapling":2,"minecraft:spruce_log":32,"minecraft:crying_obsidian":3,"minecraft:leather_helmet":2,"minecraft:archer_pottery_sherd":21,"minecraft:brewer_pottery_sherd":17,"minecraft:husk_spawn_egg":1,"minecraft:slime_ball":32,"minecraft:stone_axe":4,"minecraft:scute":2,"minecraft:diamond_axe":1,"minecraft:birch_sign":1,"minecraft:melon_seeds":6,"minecraft:stripped_dark_oak_log":1,"minecraft:mangrove_propagule":2,"minecraft:hopper":18,"minecraft:shulker_shell":1,"minecraft:chiseled_deepslate":4,"minecraft:music_disc_strad":2,"minecraft:wheat":57,"minecraft:sentry_armor_trim_smithing_template":1,"minecraft:turtle_egg":1,"minecraft:gilded_blackstone":24,"minecraft:dead_tube_coral_block":8,"minecraft:raw_copper":980,"minecraft:experience_bottle":11,"minecraft:oak_sign":20,"minecraft:sea_pickle":4,"minecraft:deepslate_tiles":50,"minecraft:red_sand":69,"minecraft:smooth_stone":64,"minecraft:bucket":10,"minecraft:red_dye":4,"minecraft:rose_bush":2,"minecraft:cobblestone_slab":379,"minecraft:calcite":137,"minecraft:azalea":1,"minecraft:wooden_shovel":4,"minecraft:iron_pickaxe":12,"minecraft:tipped_arrow":14,"minecraft:stick":505,"minecraft:brown_terracotta":13,"minecraft:oak_fence":118,"minecraft:torch":263,"minecraft:porkchop":3,"minecraft:snow_block":6,"minecraft:shulker_spawn_egg":3,"minecraft:diorite":92,"minecraft:vine":5,"minecraft:quartz_block":1,"minecraft:cactus":3,"minecraft:rotten_flesh":56,"minecraft:mangrove_roots":16,"minecraft:music_disc_wait":2,"minecraft:obsidian":14,"minecraft:cod":1,"minecraft:cobblestone":5702,"minecraft:muddy_mangrove_roots":17,"minecraft:magma_cream":3,"minecraft:raiser_armor_trim_smithing_template":1,"minecraft:andesite":57,"minecraft:tuff":89,"minecraft:prismarine_bricks":58,"minecraft:danger_pottery_sherd":8,"minecraft:wandering_trader_spawn_egg":2,"minecraft:dirt":391,"minecraft:lapis_lazuli":799,"minecraft:bone":53,"minecraft:bow":12,"minecraft:orange_tulip":4,"minecraft:wheat_seeds":282,"minecraft:small_dripleaf":15,"minecraft:raw_gold":99,"minecraft:cobbled_deepslate_slab":2,"minecraft:bamboo":60,"minecraft:prismarine":51,"minecraft:oak_planks":38,"minecraft:stone_hoe":4,"minecraft:ghast_tear":4,"minecraft:cooked_porkchop":42,"minecraft:music_disc_13":3,"minecraft:axolotl_bucket":3,"minecraft:sand":144,"minecraft:dead_bush":21,"minecraft:mossy_cobblestone":80,"minecraft:dark_prismarine":29,"minecraft:light_gray_terracotta":11,"minecraft:sugar":2,"minecraft:diamond":44,"minecraft:crossbow":3,"minecraft:bone_meal":10,"minecraft:golden_apple":3,"minecraft:parrot_spawn_egg":1,"minecraft:emerald":46,"minecraft:oak_sapling":64,"minecraft:netherrack":160,"minecraft:cocoa_beans":5,"minecraft:chicken":3,"minecraft:ladder":10,"minecraft:cooked_rabbit":6,"minecraft:shield":8,"minecraft:iron_axe":6,"minecraft:wooden_sword":4,"minecraft:vex_spawn_egg":1,"minecraft:blackstone":98,"minecraft:candle":5,"minecraft:oak_boat":2,"minecraft:lectern":1,"minecraft:sugar_cane":46,"minecraft:phantom_membrane":1,"minecraft:dark_oak_sapling":5,"minecraft:raw_iron":155,"minecraft:copper_ingot":2,"minecraft:mooshroom_spawn_egg":1,"minecraft:quartz_pillar":5,"minecraft:music_disc_11":1,"minecraft:trident":3,"minecraft:friend_pottery_sherd":15,"minecraft:weeping_vines":4,"minecraft:arrow":413,"minecraft:tube_coral":2,"minecraft:nether_bricks":60,"minecraft:pink_tulip":5,"minecraft:purple_dye":4,"minecraft:basalt":51,"minecraft:glow_ink_sac":12,"minecraft:golden_carrot":4,"minecraft:burn_pottery_sherd":16,"minecraft:crimson_stem":3,"minecraft:salmon":5,"minecraft:leather":5,"minecraft:birch_planks":34,"minecraft:crimson_fungus":4,"minecraft:nether_wart_block":29,"minecraft:gunpowder":12,"minecraft:cobblestone_stairs":196,"minecraft:heart_pottery_sherd":18,"minecraft:orange_terracotta":16,"minecraft:cooked_mutton":99,"minecraft:pearlescent_froglight":1,"minecraft:red_sandstone":73,"minecraft:iron_ingot":10,"minecraft:cooked_chicken":154,"minecraft:frogspawn":6,"minecraft:verdant_froglight":1,"minecraft:acacia_sapling":5,"minecraft:soul_sand":58,"minecraft:book":6,"minecraft:sculk_catalyst":5,"minecraft:scaffolding":23,"minecraft:oak_slab":132,"minecraft:warped_fungus":1,"minecraft:pumpkin":28,"minecraft:budding_amethyst":2,"minecraft:quartz":28,"minecraft:raw_iron_block":3,"minecraft:dripstone_block":104,"minecraft:amethyst_shard":12,"minecraft:white_bed":2,"minecraft:spider_eye":8,"minecraft:bamboo_mosaic":2,"minecraft:pumpkin_seeds":84,"minecraft:dried_kelp_block":8,"minecraft:dead_bubble_coral_block":8,"minecraft:cherry_sapling":1,"minecraft:terracotta":39,"minecraft:coal":182,"minecraft:sunflower":5},"minecraft:custom":{"minecraft:interact_with_crafting_table":181,"minecraft:leave_game":6,"minecraft:time_since_death":25139,"minecraft:damage_blocked_by_shield":589,"minecraft:play_time":1570862,"minecraft:deaths":38,"minecraft:jump":7527,"minecraft:interact_with_furnace":125,"minecraft:play_record":2,"minecraft:traded_with_villager":20,"minecraft:sleep_in_bed":13,"minecraft:damage_dealt":16831,"minecraft:interact_with_smithing_table":4,"minecraft:use_cauldron":4,"minecraft:horse_one_cm":2616,"minecraft:inspect_hopper":17,"minecraft:sneak_time":60649,"minecraft:total_world_time":1570862,"minecraft:interact_with_stonecutter":18,"minecraft:time_since_rest":56265,"minecraft:fly_one_cm":732640,"minecraft:open_chest":2114,"minecraft:fall_one_cm":156748,"minecraft:animals_bred":3,"minecraft:damage_resisted":7,"minecraft:sprint_one_cm":926453,"minecraft:drop":181,"minecraft:talked_to_villager":12,"minecraft:walk_on_water_one_cm":252896,"minecraft:player_kills":9,"minecraft:crouch_one_cm":169007,"minecraft:mob_kills":105,"minecraft:climb_one_cm":40207,"minecraft:walk_one_cm":2977448,"minecraft:walk_under_water_one_cm":7104,"minecraft:damage_taken":19607},"minecraft:dropped":{"minecraft:iron_sword":3,"minecraft:lapis_lazuli":49,"minecraft:cooked_beef":1,"minecraft:diamond":3,"minecraft:cooked_porkchop":2,"minecraft:dark_oak_slab":20,"minecraft:crossbow":1,"minecraft:dirt":8,"minecraft:husk_spawn_egg":1,"minecraft:writable_book":1,"minecraft:bone_meal":2,"minecraft:sand":4,"minecraft:iron_pickaxe":9,"minecraft:white_wool":4,"minecraft:bone":10,"minecraft:stone_axe":2,"minecraft:cooked_chicken":16,"minecraft:cobbled_deepslate":10,"minecraft:oak_planks":1,"minecraft:hopper":9,"minecraft:lectern":1,"minecraft:egg":4,"minecraft:enchanted_book":5,"minecraft:creeper_spawn_egg":1,"minecraft:oak_fence":2,"minecraft:cobblestone":32,"minecraft:coal":10,"minecraft:wooden_axe":1,"minecraft:brown_terracotta":1,"minecraft:iron_shovel":4,"minecraft:string":3,"minecraft:stone_sword":2,"minecraft:white_terracotta":3,"minecraft:oak_sign":1,"minecraft:cobblestone_slab":158,"minecraft:diamond_pickaxe":2,"minecraft:bamboo":12,"minecraft:bow":3,"minecraft:moss_block":2,"minecraft:oak_log":4,"minecraft:cobblestone_stairs":1,"minecraft:mutton":8,"minecraft:vex_spawn_egg":1,"minecraft:snowball":26,"minecraft:gilded_blackstone":1,"minecraft:oak_fence_gate":1,"minecraft:trident":1,"minecraft:gunpowder":2,"minecraft:chest":1,"minecraft:arrow":23,"minecraft:prismarine_bricks":1,"minecraft:stone_hoe":1,"minecraft:water_bucket":4,"minecraft:bread":6,"minecraft:oak_slab":14,"minecraft:amethyst_block":2,"minecraft:frogspawn":2,"minecraft:stick":3,"minecraft:sculk_catalyst":2,"minecraft:torch":17,"minecraft:melon_slice":21,"minecraft:iron_axe":5,"minecraft:bucket":1,"minecraft:redstone":17,"minecraft:sweet_berries":22,"minecraft:nether_wart":2,"minecraft:tuff":3,"minecraft:raw_iron":3,"minecraft:iron_hoe":2,"minecraft:flint_and_steel":1,"minecraft:shield":4,"minecraft:oak_boat":1,"minecraft:oak_sapling":7,"minecraft:stone_pickaxe":3,"minecraft:glow_squid_spawn_egg":1},"minecraft:killed_by":{"minecraft:vindicator":1,"minecraft:zombie":1,"minecraft:vex":1,"minecraft:ghast":1,"minecraft:zombified_piglin":1,"minecraft:creeper":2,"minecraft:polar_bear":1,"minecraft:player":16,"minecraft:skeleton":1,"minecraft:phantom":1},"minecraft:killed":{"minecraft:skeleton":4,"minecraft:fox":1,"minecraft:magma_cube":27,"minecraft:pillager":1,"minecraft:goat":1,"minecraft:zombie":12,"minecraft:vindicator":1,"minecraft:zoglin":1,"minecraft:husk":3,"minecraft:wandering_trader":1,"minecraft:zombified_piglin":8,"minecraft:witch":2,"minecraft:spider":5,"minecraft:bee":1,"minecraft:wolf":2,"minecraft:zombie_villager":3,"minecraft:creeper":5,"minecraft:stray":2,"minecraft:blaze":1,"minecraft:slime":19,"minecraft:wither_skeleton":1},"minecraft:broken":{"minecraft:wooden_shovel":1,"minecraft:leather_helmet":1,"minecraft:iron_axe":1,"minecraft:iron_pickaxe":7,"minecraft:stone_pickaxe":6,"minecraft:stone_axe":1,"minecraft:wooden_axe":1},"minecraft:crafted":{"minecraft:smooth_stone":64,"minecraft:oak_sign":9,"minecraft:birch_slab":60,"minecraft:glass":79,"minecraft:birch_fence_gate":1,"minecraft:cooked_porkchop":9,"minecraft:acacia_slab":12,"minecraft:iron_pickaxe":6,"minecraft:spruce_fence_gate":1,"minecraft:spruce_fence":24,"minecraft:ladder":21,"minecraft:stone_pickaxe":6,"minecraft:dark_oak_planks":12,"minecraft:calcite":1,"minecraft:oak_fence_gate":19,"minecraft:wooden_axe":2,"minecraft:iron_shovel":1,"minecraft:iron_leggings":1,"minecraft:oak_planks":652,"minecraft:cobblestone_slab":30,"minecraft:cobblestone_stairs":496,"minecraft:stone":72,"minecraft:hopper":9,"minecraft:bow":2,"minecraft:oak_fence":183,"minecraft:sea_lantern":3,"minecraft:oak_slab":156,"minecraft:arrow":320,"minecraft:crafting_table":2,"minecraft:spruce_planks":32,"minecraft:wooden_pickaxe":1,"minecraft:iron_helmet":1,"minecraft:birch_planks":40,"minecraft:iron_chestplate":1,"minecraft:diamond_pickaxe":5,"minecraft:emerald_block":7,"minecraft:shield":2,"minecraft:birch_fence":6,"minecraft:stick":344,"minecraft:iron_ingot":44,"minecraft:snow_block":36,"minecraft:dark_oak_fence_gate":1,"minecraft:shears":3,"minecraft:raw_iron":9,"minecraft:furnace":3,"minecraft:raw_copper_block":10,"minecraft:glass_pane":32,"minecraft:iron_axe":4,"minecraft:cobblestone_wall":96,"minecraft:birch_sign":6,"minecraft:iron_sword":2,"minecraft:bucket":2,"minecraft:stone_axe":3,"minecraft:bread":23,"minecraft:jungle_planks":12,"minecraft:stonecutter":1,"minecraft:acacia_planks":40,"minecraft:clay":80,"minecraft:lapis_block":31}},"DataVersion":3700}