{"stats":{"minecraft:mined":{"minecraft:oak_sapling":2,"minecraft:farmland":1,"minecraft:carved_pumpkin":10,"minecraft:granite":45,"minecraft:budding_amethyst":18,"minecraft:red_sand":6,"minecraft:acacia_log":6,"minecraft:grass_block":68,"minecraft:deepslate_bricks":59,"minecraft:bubble_coral_block":7,"minecraft:tube_coral_block":7,"minecraft:raw_iron_block":1,"minecraft:iron_ore":23,"minecraft:cobbled_deepslate":4,"minecraft:pumpkin":5,"minecraft:deepslate_lapis_ore":20,"minecraft:brain_coral_block":7,"minecraft:cyan_terracotta":6,"minecraft:dead_bubble_coral_block":2,"minecraft:powder_snow":1,"minecraft:clay":27,"minecraft:torch":7,"minecraft:light_gray_terracotta":8,"minecraft:calcite":37,"minecraft:melon":3,"minecraft:chest":28,"minecraft:prismarine":34,"minecraft:amethyst_block":60,"minecraft:deepslate_copper_ore":35,"minecraft:white_terracotta":9,"minecraft:blue_terracotta":9,"minecraft:birch_log":7,"minecraft:wheat":1,"minecraft:blue_ice":10,"minecraft:pumpkin_stem":2,"minecraft:oak_log":46,"minecraft:oak_fence_gate":1,"minecraft:sand":38,"minecraft:dirt":46,"minecraft:smooth_basalt":15,"minecraft:oak_leaves":1,"minecraft:horn_coral_block":8,"minecraft:deepslate":112,"minecraft:yellow_terracotta":2,"minecraft:suspicious_gravel":27,"minecraft:deepslate_tiles":33,"minecraft:dark_prismarine":34,"minecraft:diamond_ore":4,"minecraft:tuff":36,"minecraft:deepslate_diamond_ore":13,"minecraft:stripped_birch_log":1,"minecraft:dark_oak_log":37,"minecraft:sea_lantern":14,"minecraft:spruce_fence":8,"minecraft:birch_slab":30,"minecraft:moss_block":79,"minecraft:sandstone":6,"minecraft:rooted_dirt":26,"minecraft:redstone_ore":2,"minecraft:red_sandstone":11,"minecraft:snow":27,"minecraft:suspicious_sand":6,"minecraft:green_terracotta":7,"minecraft:andesite":26,"minecraft:dead_horn_coral_block":2,"minecraft:deepslate_iron_ore":29,"minecraft:stripped_oak_log":3,"minecraft:packed_ice":14,"minecraft:stone":88,"minecraft:fire_coral_block":11,"minecraft:podzol":5,"minecraft:oak_slab":29,"minecraft:glass_pane":1,"minecraft:stripped_dark_oak_log":1,"minecraft:oak_fence":61,"minecraft:crafting_table":1,"minecraft:emerald_ore":4,"minecraft:sponge":15,"minecraft:copper_ore":50,"minecraft:deepslate_coal_ore":24,"minecraft:lapis_ore":7,"minecraft:dried_kelp_block":8,"minecraft:deepslate_gold_ore":13,"minecraft:diorite":28,"minecraft:prismarine_bricks":39,"minecraft:dead_fire_coral_block":1,"minecraft:white_carpet":2,"minecraft:spruce_log":21,"minecraft:coal_ore":25,"minecraft:gravel":29,"minecraft:dripstone_block":44,"minecraft:brown_terracotta":4,"minecraft:terracotta":9,"minecraft:gold_ore":8},"minecraft:used":{"minecraft:spruce_slab":3,"minecraft:chest":2,"minecraft:shield":14,"minecraft:rotten_flesh":19,"minecraft:axolotl_bucket":5,"minecraft:snowball":67,"minecraft:big_dripleaf":1,"minecraft:sweet_berries":11,"minecraft:oak_sapling":2,"minecraft:furnace":1,"minecraft:egg":12,"minecraft:seagrass":3,"minecraft:stone_pickaxe":516,"minecraft:oak_planks":71,"minecraft:chainmail_helmet":4,"minecraft:shears":13,"minecraft:pumpkin_seeds":3,"minecraft:birch_fence":4,"minecraft:birch_slab":90,"minecraft:melon_slice":19,"minecraft:bread":5,"minecraft:golden_helmet":3,"minecraft:wooden_sword":4,"minecraft:tropical_fish_bucket":3,"minecraft:bone_meal":2,"minecraft:oak_fence":219,"minecraft:stone_sword":8,"minecraft:carved_pumpkin":12,"minecraft:wooden_shovel":45,"minecraft:stone_hoe":2,"minecraft:cooked_chicken":1,"minecraft:torch":11,"minecraft:dirt":39,"minecraft:white_carpet":2,"minecraft:cod_bucket":1,"minecraft:salmon_bucket":1,"minecraft:spruce_fence":33,"minecraft:oak_fence_gate":9,"minecraft:wooden_axe":81,"minecraft:iron_axe":167,"minecraft:rooted_dirt":3,"minecraft:cobbled_deepslate":4,"minecraft:turtle_egg":2,"minecraft:pumpkin":15,"minecraft:cooked_mutton":2,"minecraft:water_bucket":26,"minecraft:snow_block":32,"minecraft:spruce_fence_gate":1,"minecraft:deepslate_bricks":7,"minecraft:oak_slab":180,"minecraft:crafting_table":2,"minecraft:dark_oak_fence_gate":1,"minecraft:oak_log":8,"minecraft:iron_pickaxe":981,"minecraft:stone_axe":48,"minecraft:cooked_porkchop":2,"minecraft:bucket":32,"minecraft:glass_pane":27},"minecraft:picked_up":{"minecraft:wooden_axe":1,"minecraft:seagrass":3,"minecraft:wheat":3,"minecraft:prismarine_shard":6,"minecraft:turtle_egg":1,"minecraft:amethyst_block":107,"minecraft:string":10,"minecraft:dead_tube_coral_block":7,"minecraft:raw_copper":623,"minecraft:explorer_pottery_sherd":4,"minecraft:pufferfish":4,"minecraft:deepslate_tiles":42,"minecraft:red_sand":6,"minecraft:cobbled_deepslate":176,"minecraft:bucket":1,"minecraft:spruce_planks":2,"minecraft:calcite":69,"minecraft:wooden_shovel":4,"minecraft:iron_pickaxe":6,"minecraft:melon_slice":44,"minecraft:golden_helmet":2,"minecraft:tipped_arrow":14,"minecraft:stick":56,"minecraft:sheaf_pottery_sherd":4,"minecraft:brown_terracotta":4,"minecraft:oak_fence":69,"minecraft:torch":26,"minecraft:acacia_log":9,"minecraft:snow_block":6,"minecraft:diorite":53,"minecraft:green_terracotta":11,"minecraft:rabbit_foot":2,"minecraft:stone_sword":1,"minecraft:horn_coral_fan":2,"minecraft:rotten_flesh":28,"minecraft:tropical_fish":13,"minecraft:blue_dye":5,"minecraft:carved_pumpkin":12,"minecraft:cyan_terracotta":11,"minecraft:wolf_spawn_egg":1,"minecraft:white_terracotta":28,"minecraft:snowball":759,"minecraft:cod":1,"minecraft:cobblestone":143,"minecraft:sponge":15,"minecraft:birch_log":16,"minecraft:feather":5,"minecraft:birch_slab":155,"minecraft:andesite":29,"minecraft:powder_snow_bucket":1,"minecraft:flint":7,"minecraft:tuff":51,"minecraft:prismarine_bricks":45,"minecraft:lapis_lazuli":273,"minecraft:dirt":230,"minecraft:bone":26,"minecraft:wheat_seeds":136,"minecraft:small_dripleaf":15,"minecraft:raw_gold":48,"minecraft:moss_block":96,"minecraft:prismarine":46,"minecraft:oak_planks":4,"minecraft:stone_hoe":2,"minecraft:glow_lichen":4,"minecraft:music_disc_13":1,"minecraft:axolotl_bucket":3,"minecraft:sand":48,"minecraft:ink_sac":4,"minecraft:dark_oak_log":46,"minecraft:red_terracotta":1,"minecraft:dark_prismarine":25,"minecraft:iron_hoe":2,"minecraft:light_gray_terracotta":11,"minecraft:blue_terracotta":18,"minecraft:diamond":17,"minecraft:dead_brain_coral_block":8,"minecraft:granite":62,"minecraft:bone_meal":10,"minecraft:emerald":5,"minecraft:bread":3,"minecraft:chainmail_helmet":1,"minecraft:rooted_dirt":31,"minecraft:oak_sapling":13,"minecraft:crafting_table":1,"minecraft:shelter_pottery_sherd":8,"minecraft:cocoa_beans":1,"minecraft:chicken":2,"minecraft:clay_ball":200,"minecraft:mourner_pottery_sherd":6,"minecraft:cooked_rabbit":6,"minecraft:dead_horn_coral_block":10,"minecraft:shield":3,"minecraft:iron_axe":1,"minecraft:wooden_sword":4,"minecraft:white_carpet":2,"minecraft:iron_shovel":3,"minecraft:poppy":3,"minecraft:spruce_slab":1,"minecraft:chest":36,"minecraft:raw_copper_block":3,"minecraft:egg":17,"minecraft:dark_oak_sapling":2,"minecraft:raw_iron":80,"minecraft:sandstone":9,"minecraft:copper_ingot":2,"minecraft:music_disc_mellohi":1,"minecraft:amethyst_cluster":3,"minecraft:spruce_fence":9,"minecraft:trident":1,"minecraft:redstone":8,"minecraft:prismarine_crystals":49,"minecraft:arrow":22,"minecraft:tube_coral":2,"minecraft:shears":4,"minecraft:deepslate_bricks":79,"minecraft:hay_block":3,"minecraft:yellow_terracotta":2,"minecraft:white_wool":4,"minecraft:heartbreak_pottery_sherd":10,"minecraft:stripped_oak_log":3,"minecraft:glow_ink_sac":7,"minecraft:salmon":2,"minecraft:birch_planks":34,"minecraft:oak_log":150,"minecraft:lily_pad":3,"minecraft:gunpowder":7,"minecraft:orange_terracotta":3,"minecraft:cooked_mutton":32,"minecraft:kelp":2,"minecraft:red_sandstone":6,"minecraft:creeper_spawn_egg":1,"minecraft:oak_fence_gate":3,"minecraft:spore_blossom":7,"minecraft:music_disc_far":1,"minecraft:iron_ingot":6,"minecraft:stone_pickaxe":7,"minecraft:blade_pottery_sherd":4,"minecraft:iron_sword":1,"minecraft:flowering_azalea":1,"minecraft:book":2,"minecraft:sculk_catalyst":2,"minecraft:oak_slab":38,"minecraft:smooth_basalt":49,"minecraft:dark_oak_slab":20,"minecraft:pumpkin":18,"minecraft:sweet_berries":33,"minecraft:raw_iron_block":2,"minecraft:dripstone_block":69,"minecraft:gravel":56,"minecraft:dead_fire_coral_block":8,"minecraft:amethyst_shard":1,"minecraft:spruce_sapling":2,"minecraft:spruce_log":30,"minecraft:spider_eye":3,"minecraft:leather_helmet":1,"minecraft:pumpkin_seeds":59,"minecraft:dried_kelp_block":8,"minecraft:stone_axe":2,"minecraft:dead_bubble_coral_block":7,"minecraft:terracotta":30,"minecraft:melon_seeds":1,"minecraft:stripped_dark_oak_log":1,"minecraft:coal":96},"minecraft:custom":{"minecraft:animals_bred":2,"minecraft:interact_with_crafting_table":107,"minecraft:leave_game":2,"minecraft:time_since_death":149709,"minecraft:damage_resisted":7,"minecraft:sprint_one_cm":237756,"minecraft:damage_blocked_by_shield":470,"minecraft:drop":37,"minecraft:play_time":471116,"minecraft:deaths":16,"minecraft:jump":1568,"minecraft:walk_on_water_one_cm":31578,"minecraft:interact_with_furnace":12,"minecraft:damage_dealt":5153,"minecraft:player_kills":1,"minecraft:crouch_one_cm":45781,"minecraft:mob_kills":23,"minecraft:walk_one_cm":963858,"minecraft:sneak_time":18173,"minecraft:walk_under_water_one_cm":2088,"minecraft:total_world_time":471116,"minecraft:time_since_rest":149745,"minecraft:damage_taken":5575,"minecraft:fly_one_cm":96750,"minecraft:open_chest":649,"minecraft:fall_one_cm":36048},"minecraft:dropped":{"minecraft:oak_log":4,"minecraft:dark_oak_slab":20,"minecraft:bone_meal":2,"minecraft:iron_pickaxe":5,"minecraft:bone":10,"minecraft:oak_planks":1,"minecraft:oak_fence_gate":1,"minecraft:trident":1,"minecraft:gunpowder":2,"minecraft:arrow":1,"minecraft:stone_hoe":1,"minecraft:creeper_spawn_egg":1,"minecraft:coal":8,"minecraft:torch":15,"minecraft:sculk_catalyst":2,"minecraft:wooden_axe":1,"minecraft:iron_axe":1,"minecraft:iron_shovel":3,"minecraft:bucket":1,"minecraft:tuff":3,"minecraft:raw_iron":3,"minecraft:iron_hoe":2,"minecraft:shield":2,"minecraft:oak_sapling":7,"minecraft:bow":1,"minecraft:stone_pickaxe":2},"minecraft:killed_by":{"minecraft:polar_bear":1,"minecraft:player":7},"minecraft:killed":{"minecraft:spider":2,"minecraft:skeleton":2,"minecraft:fox":1,"minecraft:creeper":3,"minecraft:goat":1,"minecraft:zombie":10,"minecraft:stray":2,"minecraft:husk":1},"minecraft:broken":{"minecraft:wooden_shovel":1,"minecraft:stone_pickaxe":2,"minecraft:wooden_axe":1,"minecraft:leather_helmet":1,"minecraft:iron_axe":1,"minecraft:iron_pickaxe":3},"minecraft:crafted":{"minecraft:oak_planks":468,"minecraft:birch_slab":60,"minecraft:glass":15,"minecraft:birch_fence_gate":1,"minecraft:oak_fence":159,"minecraft:oak_slab":138,"minecraft:cooked_porkchop":9,"minecraft:crafting_table":1,"minecraft:spruce_planks":24,"minecraft:wooden_pickaxe":1,"minecraft:birch_planks":24,"minecraft:shield":1,"minecraft:birch_fence":6,"minecraft:stick":160,"minecraft:iron_pickaxe":4,"minecraft:snow_block":32,"minecraft:dark_oak_fence_gate":1,"minecraft:spruce_fence_gate":1,"minecraft:shears":2,"minecraft:furnace":1,"minecraft:spruce_fence":24,"minecraft:glass_pane":32,"minecraft:iron_axe":1,"minecraft:dark_oak_planks":12,"minecraft:bucket":2,"minecraft:stone_axe":2,"minecraft:oak_fence_gate":7,"minecraft:wooden_axe":2,"minecraft:clay":55}},"DataVersion":3700}