{"stats":{"minecraft:crafted":{"minecraft:oak_planks":256,"minecraft:birch_slab":60,"minecraft:spruce_fence":24,"minecraft:iron_axe":1,"minecraft:birch_fence_gate":1,"minecraft:dark_oak_planks":12,"minecraft:oak_fence":87,"minecraft:oak_slab":78,"minecraft:crafting_table":1,"minecraft:spruce_planks":24,"minecraft:wooden_pickaxe":1,"minecraft:birch_planks":24,"minecraft:stone_axe":1,"minecraft:oak_fence_gate":5,"minecraft:shield":1,"minecraft:birch_fence":6,"minecraft:stick":128,"minecraft:iron_pickaxe":2,"minecraft:wooden_axe":2,"minecraft:snow_block":32,"minecraft:dark_oak_fence_gate":1,"minecraft:spruce_fence_gate":1,"minecraft:shears":2,"minecraft:clay":4},"minecraft:broken":{"minecraft:leather_helmet":1,"minecraft:wooden_shovel":1,"minecraft:stone_pickaxe":2,"minecraft:iron_axe":1,"minecraft:iron_pickaxe":2,"minecraft:wooden_axe":1},"minecraft:dropped":{"minecraft:stone_hoe":1,"minecraft:oak_log":4,"minecraft:dark_oak_slab":20,"minecraft:coal":8,"minecraft:torch":15,"minecraft:wooden_axe":1,"minecraft:bone_meal":2,"minecraft:iron_axe":1,"minecraft:iron_pickaxe":4,"minecraft:iron_shovel":3,"minecraft:bucket":1,"minecraft:bone":10,"minecraft:tuff":3,"minecraft:raw_iron":3,"minecraft:oak_planks":1,"minecraft:iron_hoe":2,"minecraft:oak_fence_gate":1,"minecraft:shield":2,"minecraft:gunpowder":2,"minecraft:oak_sapling":7,"minecraft:bow":1,"minecraft:arrow":1,"minecraft:stone_pickaxe":2},"minecraft:killed":{"minecraft:spider":2,"minecraft:skeleton":2,"minecraft:fox":1,"minecraft:creeper":3,"minecraft:goat":1,"minecraft:zombie":10,"minecraft:stray":2},"minecraft:killed_by":{"minecraft:player":7,"minecraft:polar_bear":1},"minecraft:custom":{"minecraft:mob_kills":21,"minecraft:interact_with_crafting_table":77,"minecraft:leave_game":1,"minecraft:time_since_death":2777,"minecraft:damage_resisted":7,"minecraft:sprint_one_cm":175640,"minecraft:walk_one_cm":674878,"minecraft:damage_blocked_by_shield":470,"minecraft:drop":33,"minecraft:play_time":285603,"minecraft:deaths":15,"minecraft:sneak_time":11301,"minecraft:jump":721,"minecraft:walk_on_water_one_cm":357,"minecraft:total_world_time":285603,"minecraft:interact_with_furnace":1,"minecraft:time_since_rest":2802,"minecraft:damage_taken":4608,"minecraft:damage_dealt":4431,"minecraft:player_kills":1,"minecraft:fly_one_cm":44251,"minecraft:open_chest":358,"minecraft:crouch_one_cm":28504,"minecraft:fall_one_cm":8248},"minecraft:mined":{"minecraft:deepslate_tiles":33,"minecraft:diamond_ore":3,"minecraft:tuff":30,"minecraft:oak_sapling":2,"minecraft:deepslate_diamond_ore":9,"minecraft:dark_oak_log":27,"minecraft:stripped_birch_log":1,"minecraft:carved_pumpkin":10,"minecraft:granite":23,"minecraft:budding_amethyst":14,"minecraft:acacia_log":5,"minecraft:grass_block":56,"minecraft:spruce_fence":8,"minecraft:deepslate_bricks":59,"minecraft:birch_slab":30,"minecraft:moss_block":53,"minecraft:rooted_dirt":17,"minecraft:iron_ore":17,"minecraft:snow":27,"minecraft:green_terracotta":6,"minecraft:andesite":21,"minecraft:pumpkin":5,"minecraft:deepslate_lapis_ore":16,"minecraft:deepslate_iron_ore":15,"minecraft:packed_ice":11,"minecraft:stripped_oak_log":3,"minecraft:stone":70,"minecraft:podzol":4,"minecraft:oak_slab":16,"minecraft:stripped_dark_oak_log":1,"minecraft:powder_snow":1,"minecraft:clay":1,"minecraft:oak_fence":27,"minecraft:crafting_table":1,"minecraft:torch":4,"minecraft:light_gray_terracotta":8,"minecraft:calcite":35,"minecraft:melon":2,"minecraft:chest":16,"minecraft:copper_ore":23,"minecraft:deepslate_coal_ore":17,"minecraft:lapis_ore":3,"minecraft:deepslate_gold_ore":10,"minecraft:diorite":21,"minecraft:amethyst_block":47,"minecraft:deepslate_copper_ore":19,"minecraft:white_terracotta":6,"minecraft:blue_terracotta":1,"minecraft:birch_log":4,"minecraft:wheat":1,"minecraft:blue_ice":10,"minecraft:white_carpet":2,"minecraft:spruce_log":19,"minecraft:pumpkin_stem":2,"minecraft:oak_log":36,"minecraft:coal_ore":17,"minecraft:gravel":17,"minecraft:dripstone_block":30,"minecraft:dirt":35,"minecraft:smooth_basalt":14,"minecraft:terracotta":4,"minecraft:gold_ore":1,"minecraft:oak_leaves":1,"minecraft:deepslate":91,"minecraft:suspicious_gravel":9},"minecraft:used":{"minecraft:oak_fence":114,"minecraft:carved_pumpkin":12,"minecraft:spruce_slab":3,"minecraft:chest":2,"minecraft:shield":14,"minecraft:wooden_shovel":45,"minecraft:rotten_flesh":17,"minecraft:torch":10,"minecraft:dirt":26,"minecraft:white_carpet":2,"minecraft:spruce_fence":33,"minecraft:snowball":67,"minecraft:oak_fence_gate":6,"minecraft:wooden_axe":81,"minecraft:iron_axe":167,"minecraft:rooted_dirt":3,"minecraft:sweet_berries":3,"minecraft:oak_sapling":2,"minecraft:egg":12,"minecraft:pumpkin":15,"minecraft:cooked_mutton":1,"minecraft:snow_block":32,"minecraft:stone_pickaxe":359,"minecraft:spruce_fence_gate":1,"minecraft:deepslate_bricks":7,"minecraft:oak_slab":125,"minecraft:crafting_table":2,"minecraft:dark_oak_fence_gate":1,"minecraft:shears":13,"minecraft:pumpkin_seeds":3,"minecraft:birch_fence":4,"minecraft:oak_log":4,"minecraft:birch_slab":90,"minecraft:melon_slice":16,"minecraft:iron_pickaxe":528,"minecraft:stone_axe":27,"minecraft:wooden_sword":4,"minecraft:bone_meal":2},"minecraft:picked_up":{"minecraft:wooden_axe":1,"minecraft:crafting_table":1,"minecraft:wheat":3,"minecraft:chicken":2,"minecraft:clay_ball":32,"minecraft:cooked_rabbit":6,"minecraft:shield":3,"minecraft:amethyst_block":93,"minecraft:string":7,"minecraft:white_carpet":2,"minecraft:iron_axe":1,"minecraft:raw_copper":459,"minecraft:wooden_sword":4,"minecraft:iron_shovel":3,"minecraft:deepslate_tiles":42,"minecraft:cobbled_deepslate":139,"minecraft:bucket":1,"minecraft:spruce_planks":2,"minecraft:calcite":63,"minecraft:wooden_shovel":4,"minecraft:iron_pickaxe":5,"minecraft:spruce_slab":1,"minecraft:melon_slice":35,"minecraft:chest":24,"minecraft:raw_copper_block":3,"minecraft:egg":11,"minecraft:golden_helmet":2,"minecraft:tipped_arrow":14,"minecraft:dark_oak_sapling":2,"minecraft:stick":44,"minecraft:raw_iron":60,"minecraft:sheaf_pottery_sherd":4,"minecraft:oak_fence":35,"minecraft:torch":23,"minecraft:acacia_log":5,"minecraft:amethyst_cluster":2,"minecraft:spruce_fence":9,"minecraft:snow_block":6,"minecraft:diorite":45,"minecraft:green_terracotta":10,"minecraft:arrow":19,"minecraft:rotten_flesh":20,"minecraft:tropical_fish":4,"minecraft:shears":4,"minecraft:deepslate_bricks":79,"minecraft:carved_pumpkin":12,"minecraft:white_terracotta":28,"minecraft:cobblestone":125,"minecraft:snowball":759,"minecraft:white_wool":4,"minecraft:heartbreak_pottery_sherd":10,"minecraft:stripped_oak_log":3,"minecraft:birch_log":12,"minecraft:feather":5,"minecraft:birch_slab":155,"minecraft:andesite":23,"minecraft:powder_snow_bucket":1,"minecraft:birch_planks":34,"minecraft:flint":4,"minecraft:tuff":46,"minecraft:oak_log":139,"minecraft:gunpowder":7,"minecraft:lapis_lazuli":173,"minecraft:dirt":207,"minecraft:cooked_mutton":32,"minecraft:bone":24,"minecraft:small_dripleaf":4,"minecraft:wheat_seeds":69,"minecraft:raw_gold":35,"minecraft:iron_ingot":6,"minecraft:oak_fence_gate":2,"minecraft:stone_pickaxe":6,"minecraft:iron_sword":1,"minecraft:moss_block":54,"minecraft:flowering_azalea":1,"minecraft:stone_hoe":1,"minecraft:oak_planks":4,"minecraft:oak_slab":30,"minecraft:glow_lichen":2,"minecraft:smooth_basalt":48,"minecraft:dark_oak_slab":20,"minecraft:pumpkin":18,"minecraft:sweet_berries":18,"minecraft:axolotl_bucket":2,"minecraft:raw_iron_block":1,"minecraft:dripstone_block":50,"minecraft:gravel":34,"minecraft:spruce_sapling":2,"minecraft:spruce_log":27,"minecraft:spider_eye":2,"minecraft:dark_oak_log":35,"minecraft:leather_helmet":1,"minecraft:iron_hoe":2,"minecraft:light_gray_terracotta":11,"minecraft:pumpkin_seeds":55,"minecraft:blue_terracotta":10,"minecraft:diamond":14,"minecraft:stone_axe":2,"minecraft:granite":39,"minecraft:bone_meal":9,"minecraft:chainmail_helmet":1,"minecraft:bread":3,"minecraft:rooted_dirt":24,"minecraft:terracotta":25,"minecraft:oak_sapling":10,"minecraft:stripped_dark_oak_log":1,"minecraft:coal":81}},"DataVersion":3700}