{"stats":{"minecraft:crafted":{"minecraft:oak_planks":256,"minecraft:birch_slab":60,"minecraft:spruce_fence":24,"minecraft:iron_axe":1,"minecraft:birch_fence_gate":1,"minecraft:dark_oak_planks":12,"minecraft:oak_fence":87,"minecraft:oak_slab":78,"minecraft:crafting_table":1,"minecraft:spruce_planks":24,"minecraft:wooden_pickaxe":1,"minecraft:birch_planks":24,"minecraft:stone_axe":1,"minecraft:oak_fence_gate":5,"minecraft:shield":1,"minecraft:birch_fence":6,"minecraft:stick":128,"minecraft:iron_pickaxe":2,"minecraft:wooden_axe":2,"minecraft:snow_block":30,"minecraft:dark_oak_fence_gate":1,"minecraft:spruce_fence_gate":1,"minecraft:shears":2,"minecraft:clay":4},"minecraft:broken":{"minecraft:leather_helmet":1,"minecraft:wooden_shovel":1,"minecraft:stone_pickaxe":2,"minecraft:iron_axe":1,"minecraft:iron_pickaxe":2,"minecraft:wooden_axe":1},"minecraft:dropped":{"minecraft:stone_hoe":1,"minecraft:oak_log":4,"minecraft:dark_oak_slab":20,"minecraft:coal":8,"minecraft:torch":15,"minecraft:wooden_axe":1,"minecraft:bone_meal":2,"minecraft:iron_axe":1,"minecraft:iron_pickaxe":4,"minecraft:iron_shovel":3,"minecraft:bucket":1,"minecraft:bone":10,"minecraft:tuff":3,"minecraft:raw_iron":3,"minecraft:oak_planks":1,"minecraft:iron_hoe":2,"minecraft:oak_fence_gate":1,"minecraft:shield":2,"minecraft:gunpowder":2,"minecraft:oak_sapling":7,"minecraft:bow":1,"minecraft:arrow":1,"minecraft:stone_pickaxe":2},"minecraft:killed":{"minecraft:spider":1,"minecraft:skeleton":2,"minecraft:fox":1,"minecraft:creeper":3,"minecraft:goat":1,"minecraft:zombie":10,"minecraft:stray":2},"minecraft:killed_by":{"minecraft:player":6,"minecraft:polar_bear":1},"minecraft:custom":{"minecraft:mob_kills":20,"minecraft:interact_with_crafting_table":77,"minecraft:leave_game":1,"minecraft:time_since_death":172632,"minecraft:damage_resisted":7,"minecraft:sprint_one_cm":166312,"minecraft:walk_one_cm":639512,"minecraft:damage_blocked_by_shield":430,"minecraft:drop":33,"minecraft:play_time":261603,"minecraft:deaths":14,"minecraft:sneak_time":11293,"minecraft:jump":657,"minecraft:walk_on_water_one_cm":357,"minecraft:total_world_time":261603,"minecraft:interact_with_furnace":1,"minecraft:time_since_rest":172667,"minecraft:damage_taken":4415,"minecraft:damage_dealt":4262,"minecraft:player_kills":1,"minecraft:fly_one_cm":42869,"minecraft:open_chest":325,"minecraft:crouch_one_cm":28504,"minecraft:fall_one_cm":5300},"minecraft:mined":{"minecraft:deepslate_tiles":33,"minecraft:diamond_ore":3,"minecraft:tuff":28,"minecraft:oak_sapling":2,"minecraft:deepslate_diamond_ore":8,"minecraft:dark_oak_log":27,"minecraft:stripped_birch_log":1,"minecraft:carved_pumpkin":10,"minecraft:granite":23,"minecraft:budding_amethyst":14,"minecraft:acacia_log":5,"minecraft:grass_block":56,"minecraft:spruce_fence":8,"minecraft:deepslate_bricks":59,"minecraft:birch_slab":30,"minecraft:moss_block":43,"minecraft:rooted_dirt":16,"minecraft:iron_ore":14,"minecraft:snow":27,"minecraft:green_terracotta":5,"minecraft:andesite":17,"minecraft:pumpkin":5,"minecraft:deepslate_lapis_ore":16,"minecraft:deepslate_iron_ore":15,"minecraft:packed_ice":11,"minecraft:stripped_oak_log":3,"minecraft:stone":69,"minecraft:podzol":4,"minecraft:oak_slab":16,"minecraft:stripped_dark_oak_log":1,"minecraft:powder_snow":1,"minecraft:clay":1,"minecraft:oak_fence":27,"minecraft:crafting_table":1,"minecraft:torch":3,"minecraft:light_gray_terracotta":4,"minecraft:calcite":35,"minecraft:melon":2,"minecraft:chest":15,"minecraft:copper_ore":20,"minecraft:deepslate_coal_ore":16,"minecraft:lapis_ore":3,"minecraft:deepslate_gold_ore":10,"minecraft:diorite":14,"minecraft:amethyst_block":46,"minecraft:deepslate_copper_ore":17,"minecraft:white_terracotta":6,"minecraft:blue_terracotta":1,"minecraft:birch_log":4,"minecraft:wheat":1,"minecraft:blue_ice":10,"minecraft:white_carpet":2,"minecraft:spruce_log":18,"minecraft:pumpkin_stem":2,"minecraft:oak_log":36,"minecraft:coal_ore":17,"minecraft:gravel":17,"minecraft:dripstone_block":28,"minecraft:dirt":35,"minecraft:smooth_basalt":12,"minecraft:terracotta":4,"minecraft:gold_ore":1,"minecraft:oak_leaves":1,"minecraft:deepslate":90,"minecraft:suspicious_gravel":8},"minecraft:used":{"minecraft:oak_fence":114,"minecraft:carved_pumpkin":12,"minecraft:spruce_slab":3,"minecraft:chest":2,"minecraft:shield":13,"minecraft:wooden_shovel":45,"minecraft:rotten_flesh":16,"minecraft:torch":10,"minecraft:dirt":26,"minecraft:white_carpet":2,"minecraft:spruce_fence":33,"minecraft:snowball":67,"minecraft:oak_fence_gate":6,"minecraft:wooden_axe":81,"minecraft:iron_axe":167,"minecraft:rooted_dirt":3,"minecraft:sweet_berries":3,"minecraft:oak_sapling":2,"minecraft:egg":12,"minecraft:pumpkin":14,"minecraft:cooked_mutton":1,"minecraft:snow_block":30,"minecraft:stone_pickaxe":338,"minecraft:spruce_fence_gate":1,"minecraft:deepslate_bricks":7,"minecraft:oak_slab":125,"minecraft:crafting_table":2,"minecraft:dark_oak_fence_gate":1,"minecraft:shears":12,"minecraft:pumpkin_seeds":3,"minecraft:birch_fence":4,"minecraft:oak_log":4,"minecraft:birch_slab":90,"minecraft:melon_slice":16,"minecraft:iron_pickaxe":493,"minecraft:stone_axe":27,"minecraft:wooden_sword":4,"minecraft:bone_meal":2},"minecraft:picked_up":{"minecraft:wooden_axe":1,"minecraft:crafting_table":1,"minecraft:wheat":3,"minecraft:chicken":2,"minecraft:clay_ball":32,"minecraft:cooked_rabbit":6,"minecraft:shield":2,"minecraft:amethyst_block":86,"minecraft:string":5,"minecraft:white_carpet":2,"minecraft:iron_axe":1,"minecraft:raw_copper":423,"minecraft:wooden_sword":4,"minecraft:iron_shovel":3,"minecraft:deepslate_tiles":42,"minecraft:cobbled_deepslate":136,"minecraft:bucket":1,"minecraft:spruce_planks":2,"minecraft:calcite":63,"minecraft:wooden_shovel":4,"minecraft:iron_pickaxe":4,"minecraft:spruce_slab":1,"minecraft:melon_slice":35,"minecraft:chest":24,"minecraft:raw_copper_block":3,"minecraft:egg":11,"minecraft:golden_helmet":1,"minecraft:tipped_arrow":14,"minecraft:dark_oak_sapling":2,"minecraft:stick":36,"minecraft:raw_iron":55,"minecraft:sheaf_pottery_sherd":4,"minecraft:oak_fence":31,"minecraft:torch":23,"minecraft:acacia_log":5,"minecraft:amethyst_cluster":2,"minecraft:spruce_fence":9,"minecraft:snow_block":6,"minecraft:diorite":33,"minecraft:green_terracotta":9,"minecraft:arrow":9,"minecraft:rotten_flesh":15,"minecraft:tropical_fish":1,"minecraft:shears":3,"minecraft:deepslate_bricks":79,"minecraft:carved_pumpkin":12,"minecraft:white_terracotta":28,"minecraft:cobblestone":117,"minecraft:snowball":712,"minecraft:white_wool":4,"minecraft:heartbreak_pottery_sherd":10,"minecraft:stripped_oak_log":3,"minecraft:birch_log":12,"minecraft:feather":5,"minecraft:birch_slab":155,"minecraft:andesite":19,"minecraft:birch_planks":34,"minecraft:flint":4,"minecraft:tuff":42,"minecraft:oak_log":134,"minecraft:gunpowder":7,"minecraft:lapis_lazuli":145,"minecraft:dirt":206,"minecraft:cooked_mutton":2,"minecraft:bone":24,"minecraft:wheat_seeds":8,"minecraft:raw_gold":32,"minecraft:iron_ingot":6,"minecraft:oak_fence_gate":2,"minecraft:stone_pickaxe":5,"minecraft:moss_block":25,"minecraft:flowering_azalea":1,"minecraft:stone_hoe":1,"minecraft:oak_planks":4,"minecraft:oak_slab":30,"minecraft:glow_lichen":2,"minecraft:smooth_basalt":42,"minecraft:dark_oak_slab":20,"minecraft:pumpkin":18,"minecraft:sweet_berries":8,"minecraft:axolotl_bucket":1,"minecraft:raw_iron_block":1,"minecraft:dripstone_block":42,"minecraft:gravel":34,"minecraft:spruce_sapling":2,"minecraft:spruce_log":27,"minecraft:dark_oak_log":35,"minecraft:leather_helmet":1,"minecraft:iron_hoe":2,"minecraft:light_gray_terracotta":3,"minecraft:pumpkin_seeds":51,"minecraft:blue_terracotta":10,"minecraft:diamond":12,"minecraft:stone_axe":2,"minecraft:granite":39,"minecraft:bone_meal":8,"minecraft:bread":3,"minecraft:rooted_dirt":18,"minecraft:terracotta":25,"minecraft:oak_sapling":10,"minecraft:stripped_dark_oak_log":1,"minecraft:coal":51}},"DataVersion":3700}