{"stats":{"minecraft:mined":{"minecraft:oak_sapling":2,"minecraft:farmland":1,"minecraft:carved_pumpkin":10,"minecraft:granite":45,"minecraft:budding_amethyst":19,"minecraft:red_sand":43,"minecraft:acacia_log":14,"minecraft:grass_block":70,"minecraft:jungle_log":9,"minecraft:deepslate_bricks":59,"minecraft:bubble_coral_block":7,"minecraft:tube_coral_block":7,"minecraft:bamboo_block":27,"minecraft:raw_iron_block":1,"minecraft:iron_ore":38,"minecraft:cobbled_deepslate":31,"minecraft:pumpkin":6,"minecraft:deepslate_lapis_ore":40,"minecraft:dirt_path":3,"minecraft:brain_coral_block":7,"minecraft:deepslate_redstone_ore":7,"minecraft:cyan_terracotta":6,"minecraft:dead_bubble_coral_block":2,"minecraft:orange_terracotta":11,"minecraft:powder_snow":1,"minecraft:clay":29,"minecraft:torch":9,"minecraft:light_gray_terracotta":8,"minecraft:calcite":62,"minecraft:melon":3,"minecraft:chest":42,"minecraft:cobblestone":19,"minecraft:sugar_cane":2,"minecraft:prismarine":34,"minecraft:amethyst_block":84,"minecraft:deepslate_copper_ore":45,"minecraft:white_terracotta":43,"minecraft:blue_terracotta":9,"minecraft:birch_log":8,"minecraft:wheat":1,"minecraft:blue_ice":10,"minecraft:pumpkin_stem":2,"minecraft:oak_log":48,"minecraft:oak_fence_gate":2,"minecraft:lime_terracotta":4,"minecraft:dirt":55,"minecraft:sand":86,"minecraft:smooth_basalt":18,"minecraft:oak_leaves":1,"minecraft:horn_coral_block":8,"minecraft:deepslate":132,"minecraft:yellow_terracotta":8,"minecraft:suspicious_gravel":45,"minecraft:deepslate_tiles":33,"minecraft:dark_prismarine":35,"minecraft:diamond_ore":8,"minecraft:tuff":54,"minecraft:mossy_cobblestone":40,"minecraft:deepslate_diamond_ore":15,"minecraft:dark_oak_log":40,"minecraft:stripped_birch_log":1,"minecraft:sea_lantern":14,"minecraft:spruce_fence":8,"minecraft:birch_slab":30,"minecraft:moss_block":87,"minecraft:sandstone":96,"minecraft:rooted_dirt":26,"minecraft:hay_block":2,"minecraft:redstone_ore":12,"minecraft:red_sandstone":60,"minecraft:snow":27,"minecraft:suspicious_sand":22,"minecraft:andesite":40,"minecraft:green_terracotta":11,"minecraft:stripped_spruce_log":1,"minecraft:dead_horn_coral_block":2,"minecraft:deepslate_iron_ore":48,"minecraft:stripped_oak_log":3,"minecraft:packed_ice":14,"minecraft:stone":103,"minecraft:fire_coral_block":12,"minecraft:podzol":6,"minecraft:oak_slab":29,"minecraft:glass_pane":1,"minecraft:stripped_dark_oak_log":1,"minecraft:oak_fence":64,"minecraft:crafting_table":1,"minecraft:emerald_ore":13,"minecraft:sponge":15,"minecraft:copper_ore":76,"minecraft:deepslate_coal_ore":35,"minecraft:dried_kelp_block":8,"minecraft:lapis_ore":23,"minecraft:deepslate_gold_ore":16,"minecraft:diorite":41,"minecraft:prismarine_bricks":42,"minecraft:dead_fire_coral_block":1,"minecraft:red_terracotta":4,"minecraft:sweet_berry_bush":1,"minecraft:white_carpet":3,"minecraft:spruce_log":23,"minecraft:coal_ore":33,"minecraft:gravel":29,"minecraft:dripstone_block":58,"minecraft:brown_terracotta":6,"minecraft:terracotta":12,"minecraft:gold_ore":10,"minecraft:deepslate_emerald_ore":4},"minecraft:used":{"minecraft:writable_book":3,"minecraft:spruce_slab":3,"minecraft:chest":3,"minecraft:shield":17,"minecraft:rotten_flesh":19,"minecraft:axolotl_bucket":8,"minecraft:snowball":67,"minecraft:big_dripleaf":1,"minecraft:wandering_trader_spawn_egg":1,"minecraft:jungle_sapling":2,"minecraft:sweet_berries":66,"minecraft:oak_sapling":3,"minecraft:furnace":1,"minecraft:egg":16,"minecraft:seagrass":3,"minecraft:stone_pickaxe":580,"minecraft:oak_planks":71,"minecraft:fox_spawn_egg":1,"minecraft:chainmail_helmet":4,"minecraft:parrot_spawn_egg":1,"minecraft:sugar_cane":6,"minecraft:sand":28,"minecraft:cave_spider_spawn_egg":1,"minecraft:shulker_spawn_egg":1,"minecraft:shears":19,"minecraft:pumpkin_seeds":3,"minecraft:birch_fence":4,"minecraft:creeper_spawn_egg":1,"minecraft:birch_slab":90,"minecraft:melon_slice":19,"minecraft:bread":5,"minecraft:golden_helmet":3,"minecraft:wooden_sword":4,"minecraft:tropical_fish_bucket":3,"minecraft:bone_meal":2,"minecraft:oak_fence":222,"minecraft:stone_sword":45,"minecraft:carved_pumpkin":12,"minecraft:tropical_fish":1,"minecraft:zombie_villager_spawn_egg":1,"minecraft:silverfish_spawn_egg":1,"minecraft:wooden_shovel":45,"minecraft:stone_hoe":2,"minecraft:cooked_chicken":15,"minecraft:torch":11,"minecraft:dirt":48,"minecraft:white_carpet":3,"minecraft:cod_bucket":1,"minecraft:salmon_bucket":1,"minecraft:spruce_fence":33,"minecraft:oak_fence_gate":9,"minecraft:wooden_axe":81,"minecraft:rooted_dirt":3,"minecraft:iron_block":4,"minecraft:iron_axe":258,"minecraft:acacia_slab":12,"minecraft:wolf_spawn_egg":1,"minecraft:cobbled_deepslate":5,"minecraft:turtle_egg":2,"minecraft:pumpkin":21,"minecraft:cooked_mutton":5,"minecraft:water_bucket":26,"minecraft:snow_block":42,"minecraft:llama_spawn_egg":1,"minecraft:spruce_fence_gate":1,"minecraft:deepslate_bricks":7,"minecraft:oak_slab":189,"minecraft:crafting_table":2,"minecraft:dark_oak_fence_gate":1,"minecraft:oak_log":8,"minecraft:diamond_pickaxe":73,"minecraft:iron_pickaxe":1535,"minecraft:stone_axe":48,"minecraft:cooked_porkchop":7,"minecraft:bucket":33,"minecraft:glass_pane":27},"minecraft:picked_up":{"minecraft:shulker_shell":1,"minecraft:seagrass":3,"minecraft:music_disc_strad":1,"minecraft:wheat":3,"minecraft:prismarine_shard":6,"minecraft:sentry_armor_trim_smithing_template":1,"minecraft:lead":2,"minecraft:enchanted_book":1,"minecraft:wither_rose":1,"minecraft:turtle_egg":1,"minecraft:amethyst_block":138,"minecraft:string":15,"minecraft:dead_tube_coral_block":7,"minecraft:raw_copper":765,"minecraft:explorer_pottery_sherd":4,"minecraft:pufferfish":4,"minecraft:experience_bottle":8,"minecraft:sea_pickle":4,"minecraft:deepslate_tiles":42,"minecraft:red_sand":62,"minecraft:cobbled_deepslate":253,"minecraft:bucket":9,"minecraft:spruce_planks":2,"minecraft:calcite":96,"minecraft:azalea":1,"minecraft:wooden_shovel":4,"minecraft:iron_pickaxe":6,"minecraft:melon_slice":65,"minecraft:tipped_arrow":14,"minecraft:golden_helmet":2,"minecraft:stick":104,"minecraft:sheaf_pottery_sherd":4,"minecraft:brown_terracotta":13,"minecraft:oak_fence":92,"minecraft:torch":67,"minecraft:acacia_log":18,"minecraft:snow_block":6,"minecraft:shulker_spawn_egg":3,"minecraft:diorite":75,"minecraft:vine":2,"minecraft:green_terracotta":19,"minecraft:rabbit_foot":2,"minecraft:black_dye":2,"minecraft:bamboo_block":39,"minecraft:stone_sword":4,"minecraft:cactus":3,"minecraft:rotten_flesh":31,"minecraft:horn_coral_fan":3,"minecraft:tropical_fish":13,"minecraft:blue_dye":5,"minecraft:carved_pumpkin":12,"minecraft:cyan_terracotta":11,"minecraft:wolf_spawn_egg":2,"minecraft:white_terracotta":66,"minecraft:cod":1,"minecraft:snowball":810,"minecraft:cobblestone":198,"minecraft:sponge":15,"minecraft:birch_log":17,"minecraft:dune_armor_trim_smithing_template":1,"minecraft:feather":5,"minecraft:cooked_beef":1,"minecraft:jungle_log":9,"minecraft:birch_slab":155,"minecraft:water_bucket":5,"minecraft:andesite":45,"minecraft:powder_snow_bucket":1,"minecraft:flint":7,"minecraft:tuff":72,"minecraft:prismarine_bricks":50,"minecraft:wandering_trader_spawn_egg":2,"minecraft:lapis_lazuli":597,"minecraft:zombie_villager_spawn_egg":1,"minecraft:dirt":271,"minecraft:bone":37,"minecraft:bow":2,"minecraft:wheat_seeds":201,"minecraft:small_dripleaf":15,"minecraft:raw_gold":60,"minecraft:bamboo":2,"minecraft:moss_block":110,"minecraft:prismarine":46,"minecraft:oak_planks":4,"minecraft:stone_hoe":2,"minecraft:glow_lichen":4,"minecraft:cooked_porkchop":12,"minecraft:music_disc_13":2,"minecraft:lime_terracotta":8,"minecraft:axolotl_bucket":3,"minecraft:sand":129,"minecraft:stripped_spruce_log":1,"minecraft:ink_sac":4,"minecraft:dead_bush":12,"minecraft:dark_oak_log":49,"minecraft:red_terracotta":7,"minecraft:mossy_cobblestone":46,"minecraft:dark_prismarine":26,"minecraft:iron_hoe":3,"minecraft:light_gray_terracotta":11,"minecraft:blue_terracotta":18,"minecraft:sugar":2,"minecraft:diamond":29,"minecraft:writable_book":2,"minecraft:miner_pottery_sherd":8,"minecraft:dead_brain_coral_block":8,"minecraft:crossbow":2,"minecraft:granite":63,"minecraft:bone_meal":10,"minecraft:golden_apple":2,"minecraft:chainmail_helmet":1,"minecraft:emerald":31,"minecraft:bread":3,"minecraft:parrot_spawn_egg":1,"minecraft:rooted_dirt":31,"minecraft:oak_sapling":24,"minecraft:diamond_pickaxe":2,"minecraft:shelter_pottery_sherd":11,"minecraft:cocoa_beans":1,"minecraft:crafting_table":1,"minecraft:chicken":2,"minecraft:clay_ball":208,"minecraft:mourner_pottery_sherd":6,"minecraft:cooked_rabbit":6,"minecraft:dead_horn_coral_block":10,"minecraft:shield":5,"minecraft:iron_axe":2,"minecraft:wooden_sword":4,"minecraft:flint_and_steel":1,"minecraft:white_carpet":3,"minecraft:iron_shovel":4,"minecraft:candle":5,"minecraft:jungle_sapling":2,"minecraft:poppy":3,"minecraft:spruce_slab":1,"minecraft:lectern":1,"minecraft:sugar_cane":9,"minecraft:chest":56,"minecraft:raw_copper_block":3,"minecraft:egg":53,"minecraft:dark_oak_sapling":4,"minecraft:raw_iron":118,"minecraft:sandstone":119,"minecraft:copper_ingot":2,"minecraft:music_disc_mellohi":1,"minecraft:amethyst_cluster":3,"minecraft:spruce_fence":9,"minecraft:skull_pottery_sherd":13,"minecraft:trident":3,"minecraft:carrot":2,"minecraft:friend_pottery_sherd":10,"minecraft:redstone":141,"minecraft:prismarine_crystals":49,"minecraft:arrow":26,"minecraft:tube_coral":2,"minecraft:shears":5,"minecraft:deepslate_bricks":79,"minecraft:hay_block":6,"minecraft:yellow_terracotta":13,"minecraft:mutton":12,"minecraft:white_wool":12,"minecraft:heartbreak_pottery_sherd":10,"minecraft:stripped_oak_log":3,"minecraft:burn_pottery_sherd":8,"minecraft:glow_ink_sac":7,"minecraft:salmon":5,"minecraft:leather":4,"minecraft:birch_planks":34,"minecraft:oak_log":152,"minecraft:lily_pad":3,"minecraft:gunpowder":7,"minecraft:heart_pottery_sherd":5,"minecraft:paper":4,"minecraft:orange_terracotta":14,"minecraft:cooked_mutton":36,"minecraft:apple":3,"minecraft:kelp":2,"minecraft:red_sandstone":68,"minecraft:creeper_spawn_egg":1,"minecraft:music_disc_far":1,"minecraft:spore_blossom":7,"minecraft:iron_ingot":6,"minecraft:oak_fence_gate":4,"minecraft:stone_pickaxe":10,"minecraft:cooked_chicken":14,"minecraft:cobweb":2,"minecraft:blade_pottery_sherd":4,"minecraft:glass_bottle":1,"minecraft:iron_sword":2,"minecraft:arms_up_pottery_sherd":6,"minecraft:flowering_azalea":3,"minecraft:acacia_sapling":5,"minecraft:book":3,"minecraft:sculk_catalyst":4,"minecraft:oak_slab":38,"minecraft:warped_fungus":1,"minecraft:smooth_basalt":55,"minecraft:dark_oak_slab":20,"minecraft:pumpkin":27,"minecraft:sweet_berries":108,"minecraft:budding_amethyst":1,"minecraft:raw_iron_block":2,"minecraft:dripstone_block":87,"minecraft:gravel":57,"minecraft:dead_fire_coral_block":9,"minecraft:amethyst_shard":6,"minecraft:prize_pottery_sherd":3,"minecraft:spruce_sapling":2,"minecraft:spruce_log":32,"minecraft:spider_eye":7,"minecraft:archer_pottery_sherd":21,"minecraft:leather_helmet":1,"minecraft:brewer_pottery_sherd":17,"minecraft:pumpkin_seeds":83,"minecraft:dried_kelp_block":8,"minecraft:stone_axe":3,"minecraft:dead_bubble_coral_block":7,"minecraft:terracotta":34,"minecraft:melon_seeds":6,"minecraft:stripped_dark_oak_log":1,"minecraft:coal":130,"minecraft:sunflower":3,"minecraft:wooden_axe":1},"minecraft:custom":{"minecraft:animals_bred":3,"minecraft:interact_with_crafting_table":119,"minecraft:leave_game":2,"minecraft:time_since_death":4549,"minecraft:damage_resisted":7,"minecraft:sprint_one_cm":324744,"minecraft:damage_blocked_by_shield":589,"minecraft:drop":85,"minecraft:talked_to_villager":2,"minecraft:play_time":700497,"minecraft:deaths":19,"minecraft:jump":2597,"minecraft:walk_on_water_one_cm":41962,"minecraft:interact_with_furnace":16,"minecraft:damage_dealt":8275,"minecraft:player_kills":3,"minecraft:crouch_one_cm":47213,"minecraft:horse_one_cm":1976,"minecraft:mob_kills":30,"minecraft:walk_one_cm":1457770,"minecraft:sneak_time":18925,"minecraft:walk_under_water_one_cm":2743,"minecraft:total_world_time":700497,"minecraft:time_since_rest":4601,"minecraft:damage_taken":8763,"minecraft:fly_one_cm":146783,"minecraft:open_chest":1088,"minecraft:fall_one_cm":66750},"minecraft:dropped":{"minecraft:iron_sword":1,"minecraft:moss_block":2,"minecraft:lapis_lazuli":49,"minecraft:cooked_beef":1,"minecraft:oak_log":4,"minecraft:cooked_porkchop":2,"minecraft:dark_oak_slab":20,"minecraft:crossbow":1,"minecraft:dirt":8,"minecraft:mutton":6,"minecraft:snowball":26,"minecraft:writable_book":1,"minecraft:bone_meal":2,"minecraft:sand":4,"minecraft:iron_pickaxe":5,"minecraft:white_wool":4,"minecraft:bone":10,"minecraft:stone_axe":1,"minecraft:cobbled_deepslate":10,"minecraft:oak_planks":1,"minecraft:oak_fence_gate":1,"minecraft:gunpowder":2,"minecraft:trident":1,"minecraft:arrow":1,"minecraft:prismarine_bricks":1,"minecraft:enchanted_book":1,"minecraft:lectern":1,"minecraft:stone_hoe":1,"minecraft:water_bucket":4,"minecraft:creeper_spawn_egg":1,"minecraft:oak_fence":2,"minecraft:amethyst_block":2,"minecraft:coal":10,"minecraft:torch":17,"minecraft:sculk_catalyst":2,"minecraft:wooden_axe":1,"minecraft:melon_slice":21,"minecraft:brown_terracotta":1,"minecraft:iron_axe":1,"minecraft:iron_shovel":3,"minecraft:string":3,"minecraft:bucket":1,"minecraft:redstone":17,"minecraft:sweet_berries":19,"minecraft:stone_sword":2,"minecraft:tuff":3,"minecraft:raw_iron":3,"minecraft:iron_hoe":2,"minecraft:white_terracotta":3,"minecraft:flint_and_steel":1,"minecraft:shield":2,"minecraft:diamond_pickaxe":1,"minecraft:oak_sapling":7,"minecraft:bow":2,"minecraft:stone_pickaxe":3},"minecraft:killed_by":{"minecraft:polar_bear":1,"minecraft:vindicator":1,"minecraft:vex":1,"minecraft:player":8},"minecraft:killed":{"minecraft:witch":1,"minecraft:spider":2,"minecraft:skeleton":2,"minecraft:fox":1,"minecraft:wolf":1,"minecraft:creeper":3,"minecraft:pillager":1,"minecraft:goat":1,"minecraft:zombie":10,"minecraft:stray":2,"minecraft:vindicator":1,"minecraft:husk":3,"minecraft:wandering_trader":1},"minecraft:broken":{"minecraft:wooden_shovel":1,"minecraft:stone_pickaxe":3,"minecraft:wooden_axe":1,"minecraft:leather_helmet":1,"minecraft:iron_axe":1,"minecraft:iron_pickaxe":6},"minecraft:crafted":{"minecraft:oak_planks":472,"minecraft:birch_slab":60,"minecraft:glass":15,"minecraft:bow":1,"minecraft:birch_fence_gate":1,"minecraft:oak_fence":159,"minecraft:oak_slab":138,"minecraft:cooked_porkchop":9,"minecraft:crafting_table":1,"minecraft:spruce_planks":24,"minecraft:acacia_slab":12,"minecraft:wooden_pickaxe":1,"minecraft:birch_planks":24,"minecraft:diamond_pickaxe":1,"minecraft:shield":1,"minecraft:birch_fence":6,"minecraft:stick":168,"minecraft:iron_pickaxe":6,"minecraft:snow_block":36,"minecraft:dark_oak_fence_gate":1,"minecraft:spruce_fence_gate":1,"minecraft:shears":3,"minecraft:furnace":1,"minecraft:spruce_fence":24,"minecraft:glass_pane":32,"minecraft:iron_axe":2,"minecraft:dark_oak_planks":12,"minecraft:bucket":2,"minecraft:stone_axe":2,"minecraft:oak_fence_gate":7,"minecraft:wooden_axe":2,"minecraft:acacia_planks":12,"minecraft:clay":55}},"DataVersion":3700}