{"stats":{"minecraft:mined":{"minecraft:oak_sapling":2,"minecraft:farmland":1,"minecraft:red_nether_bricks":17,"minecraft:obsidian":3,"minecraft:carved_pumpkin":10,"minecraft:granite":65,"minecraft:budding_amethyst":36,"minecraft:red_sand":45,"minecraft:acacia_log":14,"minecraft:grass_block":110,"minecraft:jungle_log":12,"minecraft:soul_soil":12,"minecraft:deepslate_bricks":60,"minecraft:tube_coral_block":8,"minecraft:bubble_coral_block":8,"minecraft:mud_bricks":31,"minecraft:bamboo_block":56,"minecraft:gilded_blackstone":5,"minecraft:magma_block":17,"minecraft:raw_iron_block":2,"minecraft:glowstone":8,"minecraft:fire":1,"minecraft:iron_ore":55,"minecraft:cobbled_deepslate":40,"minecraft:pumpkin":6,"minecraft:deepslate_lapis_ore":50,"minecraft:dirt_path":3,"minecraft:stripped_bamboo_block":1,"minecraft:brain_coral_block":9,"minecraft:spruce_slab":3,"minecraft:deepslate_redstone_ore":10,"minecraft:blackstone":18,"minecraft:cyan_terracotta":6,"minecraft:dead_bubble_coral_block":2,"minecraft:crimson_nylium":3,"minecraft:orange_terracotta":12,"minecraft:powder_snow":1,"minecraft:clay":43,"minecraft:torch":10,"minecraft:light_gray_terracotta":8,"minecraft:calcite":91,"minecraft:melon":3,"minecraft:chest":64,"minecraft:nether_quartz_ore":7,"minecraft:cobblestone":37,"minecraft:prismarine":38,"minecraft:sugar_cane":10,"minecraft:amethyst_block":126,"minecraft:deepslate_copper_ore":63,"minecraft:white_terracotta":44,"minecraft:warped_nylium":17,"minecraft:nether_wart_block":2,"minecraft:blue_terracotta":9,"minecraft:dark_oak_slab":4,"minecraft:mud":62,"minecraft:birch_log":12,"minecraft:wheat":1,"minecraft:blue_ice":10,"minecraft:pumpkin_stem":2,"minecraft:oak_log":51,"minecraft:oak_fence_gate":2,"minecraft:nether_gold_ore":2,"minecraft:lime_terracotta":9,"minecraft:dirt":89,"minecraft:sand":92,"minecraft:ancient_debris":2,"minecraft:mangrove_log":24,"minecraft:smooth_basalt":31,"minecraft:netherrack":43,"minecraft:raw_copper_block":2,"minecraft:oak_leaves":1,"minecraft:horn_coral_block":8,"minecraft:deepslate":192,"minecraft:yellow_terracotta":8,"minecraft:suspicious_gravel":52,"minecraft:dark_prismarine":37,"minecraft:deepslate_tiles":33,"minecraft:diamond_ore":11,"minecraft:crying_obsidian":3,"minecraft:tuff":67,"minecraft:mossy_cobblestone":65,"minecraft:deepslate_diamond_ore":19,"minecraft:stripped_birch_log":1,"minecraft:dark_oak_log":40,"minecraft:mangrove_roots":13,"minecraft:sea_lantern":15,"minecraft:nether_bricks":10,"minecraft:cobbled_deepslate_slab":2,"minecraft:spruce_fence":10,"minecraft:birch_slab":30,"minecraft:moss_block":89,"minecraft:sandstone":97,"minecraft:rooted_dirt":26,"minecraft:hay_block":2,"minecraft:redstone_ore":13,"minecraft:packed_mud":31,"minecraft:red_sandstone":62,"minecraft:snow":27,"minecraft:suspicious_sand":25,"minecraft:andesite":52,"minecraft:green_terracotta":12,"minecraft:stripped_spruce_log":1,"minecraft:dead_horn_coral_block":2,"minecraft:shroomlight":4,"minecraft:deepslate_iron_ore":54,"minecraft:stripped_oak_log":3,"minecraft:packed_ice":14,"minecraft:stone":159,"minecraft:fire_coral_block":12,"minecraft:podzol":6,"minecraft:oak_slab":29,"minecraft:glass_pane":2,"minecraft:soul_sand":22,"minecraft:stripped_dark_oak_log":1,"minecraft:basalt":19,"minecraft:oak_fence":87,"minecraft:crafting_table":1,"minecraft:emerald_ore":17,"minecraft:sponge":15,"minecraft:copper_ore":94,"minecraft:deepslate_coal_ore":39,"minecraft:dried_kelp_block":8,"minecraft:lapis_ore":28,"minecraft:deepslate_gold_ore":31,"minecraft:diorite":55,"minecraft:warped_wart_block":10,"minecraft:prismarine_bricks":48,"minecraft:dead_fire_coral_block":1,"minecraft:red_terracotta":4,"minecraft:sweet_berry_bush":1,"minecraft:white_carpet":13,"minecraft:spruce_log":23,"minecraft:muddy_mangrove_roots":12,"minecraft:coal_ore":39,"minecraft:gravel":33,"minecraft:dripstone_block":72,"minecraft:brown_terracotta":6,"minecraft:terracotta":16,"minecraft:gold_ore":26,"minecraft:deepslate_emerald_ore":8},"minecraft:used":{"minecraft:writable_book":3,"minecraft:iron_shovel":153,"minecraft:spruce_slab":9,"minecraft:chest":3,"minecraft:shield":17,"minecraft:iron_sword":32,"minecraft:rotten_flesh":19,"minecraft:axolotl_bucket":8,"minecraft:snowball":67,"minecraft:big_dripleaf":1,"minecraft:wandering_trader_spawn_egg":1,"minecraft:jungle_sapling":2,"minecraft:dark_oak_slab":6,"minecraft:sweet_berries":190,"minecraft:oak_sapling":3,"minecraft:furnace":1,"minecraft:egg":18,"minecraft:seagrass":3,"minecraft:stone_pickaxe":580,"minecraft:oak_planks":71,"minecraft:fox_spawn_egg":1,"minecraft:chainmail_helmet":4,"minecraft:parrot_spawn_egg":1,"minecraft:sugar_cane":14,"minecraft:sand":28,"minecraft:cave_spider_spawn_egg":1,"minecraft:shulker_spawn_egg":1,"minecraft:shears":19,"minecraft:pumpkin_seeds":3,"minecraft:birch_fence":4,"minecraft:creeper_spawn_egg":1,"minecraft:birch_slab":96,"minecraft:melon_slice":28,"minecraft:bread":16,"minecraft:golden_helmet":3,"minecraft:wooden_sword":4,"minecraft:tropical_fish_bucket":3,"minecraft:oak_fence":264,"minecraft:bone_meal":2,"minecraft:rose_bush":1,"minecraft:stone_sword":45,"minecraft:carved_pumpkin":12,"minecraft:tropical_fish":1,"minecraft:zombie_villager_spawn_egg":1,"minecraft:silverfish_spawn_egg":1,"minecraft:wooden_shovel":45,"minecraft:stone_hoe":2,"minecraft:cooked_chicken":19,"minecraft:torch":13,"minecraft:dirt":79,"minecraft:white_carpet":15,"minecraft:cod_bucket":1,"minecraft:salmon_bucket":1,"minecraft:spruce_fence":35,"minecraft:oak_fence_gate":9,"minecraft:wooden_axe":81,"minecraft:rooted_dirt":3,"minecraft:iron_block":4,"minecraft:iron_axe":464,"minecraft:acacia_slab":12,"minecraft:tadpole_bucket":1,"minecraft:wolf_spawn_egg":1,"minecraft:cobbled_deepslate":5,"minecraft:turtle_egg":2,"minecraft:pumpkin":21,"minecraft:cooked_mutton":5,"minecraft:water_bucket":27,"minecraft:snow_block":42,"minecraft:llama_spawn_egg":1,"minecraft:spruce_fence_gate":1,"minecraft:deepslate_bricks":7,"minecraft:oak_slab":189,"minecraft:crafting_table":2,"minecraft:dark_oak_fence_gate":1,"minecraft:oak_log":8,"minecraft:diamond_pickaxe":878,"minecraft:iron_pickaxe":1535,"minecraft:stone_axe":48,"minecraft:cooked_porkchop":7,"minecraft:bucket":36,"minecraft:glass_pane":27},"minecraft:picked_up":{"minecraft:shulker_shell":1,"minecraft:seagrass":6,"minecraft:music_disc_strad":2,"minecraft:wheat":30,"minecraft:prismarine_shard":6,"minecraft:sentry_armor_trim_smithing_template":1,"minecraft:lead":4,"minecraft:turtle_egg":1,"minecraft:wither_rose":1,"minecraft:enchanted_book":1,"minecraft:gilded_blackstone":6,"minecraft:amethyst_block":191,"minecraft:soul_soil":17,"minecraft:red_nether_bricks":21,"minecraft:music_disc_cat":1,"minecraft:string":25,"minecraft:dead_tube_coral_block":8,"minecraft:wayfinder_armor_trim_smithing_template":1,"minecraft:raw_copper":922,"minecraft:explorer_pottery_sherd":4,"minecraft:pufferfish":4,"minecraft:experience_bottle":11,"minecraft:shroomlight":7,"minecraft:sea_pickle":4,"minecraft:gold_nugget":33,"minecraft:deepslate_tiles":42,"minecraft:red_sand":66,"minecraft:cobbled_deepslate":339,"minecraft:bucket":9,"minecraft:spruce_planks":2,"minecraft:red_dye":4,"minecraft:rose_bush":2,"minecraft:calcite":128,"minecraft:azalea":1,"minecraft:wooden_shovel":4,"minecraft:iron_pickaxe":6,"minecraft:melon_slice":66,"minecraft:mangrove_log":24,"minecraft:tipped_arrow":14,"minecraft:golden_helmet":2,"minecraft:stick":111,"minecraft:sheaf_pottery_sherd":4,"minecraft:music_disc_blocks":1,"minecraft:brown_terracotta":13,"minecraft:oak_fence":115,"minecraft:torch":102,"minecraft:acacia_log":18,"minecraft:porkchop":3,"minecraft:snow_block":6,"minecraft:shulker_spawn_egg":3,"minecraft:diorite":92,"minecraft:vine":5,"minecraft:green_terracotta":20,"minecraft:rabbit_foot":2,"minecraft:black_dye":2,"minecraft:bamboo_block":68,"minecraft:stone_sword":4,"minecraft:cactus":3,"minecraft:horn_coral_fan":3,"minecraft:rotten_flesh":39,"minecraft:tropical_fish":13,"minecraft:blue_dye":9,"minecraft:carved_pumpkin":12,"minecraft:cyan_terracotta":11,"minecraft:mangrove_roots":16,"minecraft:wolf_spawn_egg":2,"minecraft:white_terracotta":67,"minecraft:music_disc_wait":2,"minecraft:obsidian":3,"minecraft:cod":1,"minecraft:snowball":810,"minecraft:cobblestone":282,"minecraft:sponge":15,"minecraft:birch_log":23,"minecraft:magma_block":9,"minecraft:jungle_log":12,"minecraft:dune_armor_trim_smithing_template":1,"minecraft:muddy_mangrove_roots":16,"minecraft:feather":15,"minecraft:cooked_beef":1,"minecraft:raiser_armor_trim_smithing_template":1,"minecraft:birch_slab":156,"minecraft:water_bucket":5,"minecraft:andesite":56,"minecraft:powder_snow_bucket":1,"minecraft:flint":8,"minecraft:tuff":88,"minecraft:prismarine_bricks":56,"minecraft:danger_pottery_sherd":8,"minecraft:wandering_trader_spawn_egg":2,"minecraft:glow_squid_spawn_egg":2,"minecraft:lapis_lazuli":721,"minecraft:dirt":349,"minecraft:zombie_villager_spawn_egg":1,"minecraft:stripped_bamboo_block":1,"minecraft:bone":37,"minecraft:bow":2,"minecraft:orange_tulip":4,"minecraft:wheat_seeds":270,"minecraft:small_dripleaf":15,"minecraft:raw_gold":94,"minecraft:cobbled_deepslate_slab":2,"minecraft:glowstone_dust":21,"minecraft:bamboo":11,"minecraft:moss_block":116,"minecraft:prismarine":50,"minecraft:oak_planks":35,"minecraft:stone_hoe":2,"minecraft:ghast_tear":2,"minecraft:glow_lichen":4,"minecraft:cooked_porkchop":12,"minecraft:music_disc_13":2,"minecraft:warped_wart_block":22,"minecraft:lime_terracotta":13,"minecraft:axolotl_bucket":3,"minecraft:sand":141,"minecraft:stripped_spruce_log":1,"minecraft:ink_sac":4,"minecraft:dead_bush":21,"minecraft:dark_oak_log":50,"minecraft:red_terracotta":7,"minecraft:mossy_cobblestone":79,"minecraft:dark_prismarine":28,"minecraft:iron_hoe":4,"minecraft:light_gray_terracotta":11,"minecraft:blue_terracotta":18,"minecraft:sugar":2,"minecraft:crimson_roots":1,"minecraft:diamond":43,"minecraft:writable_book":4,"minecraft:miner_pottery_sherd":8,"minecraft:dead_brain_coral_block":10,"minecraft:crossbow":3,"minecraft:granite":85,"minecraft:netherrack":85,"minecraft:bone_meal":10,"minecraft:golden_apple":3,"minecraft:chainmail_helmet":1,"minecraft:emerald":38,"minecraft:bread":3,"minecraft:parrot_spawn_egg":1,"minecraft:rooted_dirt":31,"minecraft:oak_sapling":37,"minecraft:diamond_pickaxe":3,"minecraft:mud":81,"minecraft:shelter_pottery_sherd":11,"minecraft:cocoa_beans":5,"minecraft:crafting_table":1,"minecraft:chicken":2,"minecraft:clay_ball":284,"minecraft:mourner_pottery_sherd":10,"minecraft:cooked_rabbit":6,"minecraft:dead_horn_coral_block":11,"minecraft:shield":5,"minecraft:iron_axe":6,"minecraft:wooden_sword":4,"minecraft:flint_and_steel":1,"minecraft:vex_spawn_egg":1,"minecraft:white_carpet":16,"minecraft:iron_shovel":4,"minecraft:blackstone":28,"minecraft:candle":5,"minecraft:jungle_sapling":4,"minecraft:poppy":3,"minecraft:spruce_slab":4,"minecraft:lectern":1,"minecraft:sugar_cane":35,"minecraft:chest":77,"minecraft:raw_copper_block":5,"minecraft:egg":104,"minecraft:dark_oak_sapling":4,"minecraft:raw_iron":153,"minecraft:sandstone":120,"minecraft:copper_ingot":2,"minecraft:mooshroom_spawn_egg":1,"minecraft:music_disc_mellohi":1,"minecraft:amethyst_cluster":7,"minecraft:spruce_fence":11,"minecraft:music_disc_11":1,"minecraft:skull_pottery_sherd":18,"minecraft:trident":3,"minecraft:carrot":2,"minecraft:friend_pottery_sherd":15,"minecraft:redstone":160,"minecraft:prismarine_crystals":52,"minecraft:weeping_vines":4,"minecraft:arrow":34,"minecraft:tube_coral":2,"minecraft:nether_bricks":19,"minecraft:shears":5,"minecraft:deepslate_bricks":80,"minecraft:hay_block":6,"minecraft:yellow_terracotta":14,"minecraft:pink_tulip":5,"minecraft:mutton":20,"minecraft:white_wool":17,"minecraft:rail":6,"minecraft:heartbreak_pottery_sherd":10,"minecraft:stripped_oak_log":3,"minecraft:purple_dye":4,"minecraft:mud_bricks":39,"minecraft:basalt":19,"minecraft:crimson_stem":3,"minecraft:burn_pottery_sherd":16,"minecraft:glow_ink_sac":7,"minecraft:salmon":5,"minecraft:leather":5,"minecraft:ochre_froglight":4,"minecraft:birch_planks":34,"minecraft:packed_mud":38,"minecraft:crimson_fungus":2,"minecraft:oak_log":159,"minecraft:lily_pad":10,"minecraft:ancient_debris":2,"minecraft:nether_wart_block":5,"minecraft:gunpowder":7,"minecraft:heart_pottery_sherd":14,"minecraft:paper":4,"minecraft:orange_terracotta":16,"minecraft:cooked_mutton":36,"minecraft:apple":7,"minecraft:warped_stem":2,"minecraft:kelp":2,"minecraft:red_sandstone":70,"minecraft:creeper_spawn_egg":1,"minecraft:wild_armor_trim_smithing_template":1,"minecraft:spore_blossom":8,"minecraft:music_disc_far":2,"minecraft:iron_ingot":6,"minecraft:oak_fence_gate":4,"minecraft:stone_pickaxe":10,"minecraft:cooked_chicken":14,"minecraft:cobweb":2,"minecraft:blade_pottery_sherd":4,"minecraft:frogspawn":6,"minecraft:glass_bottle":1,"minecraft:iron_sword":3,"minecraft:arms_up_pottery_sherd":6,"minecraft:flowering_azalea":6,"minecraft:acacia_sapling":5,"minecraft:soul_sand":31,"minecraft:book":4,"minecraft:sculk_catalyst":5,"minecraft:oak_slab":81,"minecraft:smooth_basalt":69,"minecraft:warped_fungus":1,"minecraft:dark_oak_slab":25,"minecraft:pumpkin":27,"minecraft:sweet_berries":141,"minecraft:budding_amethyst":2,"minecraft:quartz":7,"minecraft:raw_iron_block":3,"minecraft:dripstone_block":103,"minecraft:gravel":60,"minecraft:dead_fire_coral_block":11,"minecraft:amethyst_shard":12,"minecraft:prize_pottery_sherd":3,"minecraft:spruce_sapling":2,"minecraft:spruce_log":32,"minecraft:crying_obsidian":3,"minecraft:spider_eye":7,"minecraft:archer_pottery_sherd":21,"minecraft:leather_helmet":2,"minecraft:brewer_pottery_sherd":17,"minecraft:husk_spawn_egg":1,"minecraft:pumpkin_seeds":84,"minecraft:dried_kelp_block":8,"minecraft:slime_ball":32,"minecraft:stone_axe":3,"minecraft:dead_bubble_coral_block":8,"minecraft:scute":2,"minecraft:terracotta":38,"minecraft:melon_seeds":6,"minecraft:stripped_dark_oak_log":1,"minecraft:coal":155,"minecraft:mangrove_propagule":2,"minecraft:sunflower":5,"minecraft:wooden_axe":1},"minecraft:custom":{"minecraft:animals_bred":3,"minecraft:interact_with_crafting_table":139,"minecraft:leave_game":2,"minecraft:time_since_death":110001,"minecraft:damage_resisted":7,"minecraft:sprint_one_cm":424322,"minecraft:damage_blocked_by_shield":589,"minecraft:drop":96,"minecraft:talked_to_villager":5,"minecraft:play_time":882618,"minecraft:deaths":21,"minecraft:jump":3477,"minecraft:walk_on_water_one_cm":61843,"minecraft:interact_with_furnace":37,"minecraft:sleep_in_bed":2,"minecraft:damage_dealt":11568,"minecraft:player_kills":6,"minecraft:crouch_one_cm":55886,"minecraft:horse_one_cm":1976,"minecraft:mob_kills":54,"minecraft:walk_one_cm":1898302,"minecraft:sneak_time":22756,"minecraft:walk_under_water_one_cm":4598,"minecraft:total_world_time":882618,"minecraft:time_since_rest":104811,"minecraft:damage_taken":11720,"minecraft:fly_one_cm":207779,"minecraft:open_chest":1468,"minecraft:fall_one_cm":85019},"minecraft:dropped":{"minecraft:iron_sword":2,"minecraft:moss_block":2,"minecraft:lapis_lazuli":49,"minecraft:cooked_beef":1,"minecraft:oak_log":4,"minecraft:diamond":3,"minecraft:cooked_porkchop":2,"minecraft:dark_oak_slab":20,"minecraft:crossbow":1,"minecraft:dirt":8,"minecraft:mutton":6,"minecraft:husk_spawn_egg":1,"minecraft:vex_spawn_egg":1,"minecraft:snowball":26,"minecraft:writable_book":1,"minecraft:bone_meal":2,"minecraft:sand":4,"minecraft:iron_pickaxe":5,"minecraft:white_wool":4,"minecraft:bone":10,"minecraft:stone_axe":1,"minecraft:cobbled_deepslate":10,"minecraft:oak_planks":1,"minecraft:oak_fence_gate":1,"minecraft:trident":1,"minecraft:gunpowder":2,"minecraft:arrow":1,"minecraft:prismarine_bricks":1,"minecraft:lectern":1,"minecraft:stone_hoe":1,"minecraft:water_bucket":4,"minecraft:enchanted_book":1,"minecraft:creeper_spawn_egg":1,"minecraft:oak_fence":2,"minecraft:amethyst_block":2,"minecraft:frogspawn":2,"minecraft:coal":10,"minecraft:torch":17,"minecraft:sculk_catalyst":2,"minecraft:wooden_axe":1,"minecraft:melon_slice":21,"minecraft:brown_terracotta":1,"minecraft:iron_axe":5,"minecraft:iron_shovel":3,"minecraft:string":3,"minecraft:bucket":1,"minecraft:redstone":17,"minecraft:sweet_berries":19,"minecraft:stone_sword":2,"minecraft:tuff":3,"minecraft:raw_iron":3,"minecraft:iron_hoe":2,"minecraft:white_terracotta":3,"minecraft:flint_and_steel":1,"minecraft:shield":2,"minecraft:diamond_pickaxe":2,"minecraft:oak_sapling":7,"minecraft:bow":2,"minecraft:stone_pickaxe":3,"minecraft:glow_squid_spawn_egg":1},"minecraft:killed_by":{"minecraft:polar_bear":1,"minecraft:vindicator":1,"minecraft:vex":1,"minecraft:player":8},"minecraft:killed":{"minecraft:witch":2,"minecraft:spider":2,"minecraft:skeleton":2,"minecraft:fox":1,"minecraft:wolf":2,"minecraft:zombie_villager":3,"minecraft:creeper":3,"minecraft:pillager":1,"minecraft:goat":1,"minecraft:zombie":10,"minecraft:stray":2,"minecraft:vindicator":1,"minecraft:slime":19,"minecraft:husk":3,"minecraft:wandering_trader":1},"minecraft:broken":{"minecraft:wooden_shovel":1,"minecraft:stone_pickaxe":3,"minecraft:wooden_axe":1,"minecraft:leather_helmet":1,"minecraft:iron_axe":1,"minecraft:iron_pickaxe":6},"minecraft:crafted":{"minecraft:oak_planks":472,"minecraft:birch_slab":60,"minecraft:glass":15,"minecraft:bow":1,"minecraft:birch_fence_gate":1,"minecraft:oak_fence":183,"minecraft:sea_lantern":3,"minecraft:oak_slab":138,"minecraft:cooked_porkchop":9,"minecraft:crafting_table":1,"minecraft:spruce_planks":32,"minecraft:acacia_slab":12,"minecraft:wooden_pickaxe":1,"minecraft:iron_helmet":1,"minecraft:birch_planks":24,"minecraft:iron_chestplate":1,"minecraft:diamond_pickaxe":3,"minecraft:shield":2,"minecraft:birch_fence":6,"minecraft:stick":192,"minecraft:iron_ingot":32,"minecraft:iron_pickaxe":6,"minecraft:snow_block":36,"minecraft:dark_oak_fence_gate":1,"minecraft:spruce_fence_gate":1,"minecraft:shears":3,"minecraft:furnace":1,"minecraft:spruce_fence":24,"minecraft:glass_pane":32,"minecraft:iron_axe":4,"minecraft:dark_oak_planks":12,"minecraft:iron_sword":1,"minecraft:bucket":2,"minecraft:stone_axe":2,"minecraft:bread":9,"minecraft:oak_fence_gate":7,"minecraft:wooden_axe":2,"minecraft:iron_shovel":1,"minecraft:iron_leggings":1,"minecraft:acacia_planks":32,"minecraft:clay":80}},"DataVersion":3700}