{"stats":{"minecraft:mined":{"minecraft:dark_prismarine":34,"minecraft:deepslate_tiles":33,"minecraft:diamond_ore":4,"minecraft:tuff":36,"minecraft:oak_sapling":2,"minecraft:farmland":1,"minecraft:deepslate_diamond_ore":13,"minecraft:dark_oak_log":37,"minecraft:stripped_birch_log":1,"minecraft:sea_lantern":14,"minecraft:carved_pumpkin":10,"minecraft:budding_amethyst":18,"minecraft:granite":45,"minecraft:acacia_log":5,"minecraft:spruce_fence":8,"minecraft:grass_block":68,"minecraft:deepslate_bricks":59,"minecraft:birch_slab":30,"minecraft:tube_coral_block":7,"minecraft:bubble_coral_block":7,"minecraft:moss_block":78,"minecraft:rooted_dirt":26,"minecraft:raw_iron_block":1,"minecraft:iron_ore":23,"minecraft:snow":27,"minecraft:andesite":25,"minecraft:green_terracotta":7,"minecraft:pumpkin":5,"minecraft:deepslate_lapis_ore":20,"minecraft:dead_horn_coral_block":2,"minecraft:deepslate_iron_ore":26,"minecraft:stripped_oak_log":3,"minecraft:packed_ice":14,"minecraft:stone":88,"minecraft:brain_coral_block":7,"minecraft:fire_coral_block":11,"minecraft:podzol":5,"minecraft:oak_slab":29,"minecraft:cyan_terracotta":6,"minecraft:dead_bubble_coral_block":2,"minecraft:stripped_dark_oak_log":1,"minecraft:powder_snow":1,"minecraft:clay":21,"minecraft:oak_fence":60,"minecraft:crafting_table":1,"minecraft:torch":7,"minecraft:light_gray_terracotta":8,"minecraft:sponge":15,"minecraft:calcite":37,"minecraft:melon":3,"minecraft:chest":27,"minecraft:copper_ore":45,"minecraft:deepslate_coal_ore":24,"minecraft:dried_kelp_block":8,"minecraft:deepslate_gold_ore":13,"minecraft:lapis_ore":7,"minecraft:prismarine":34,"minecraft:diorite":28,"minecraft:amethyst_block":57,"minecraft:deepslate_copper_ore":30,"minecraft:prismarine_bricks":39,"minecraft:white_terracotta":6,"minecraft:dead_fire_coral_block":1,"minecraft:blue_terracotta":9,"minecraft:birch_log":7,"minecraft:wheat":1,"minecraft:blue_ice":10,"minecraft:white_carpet":2,"minecraft:spruce_log":21,"minecraft:pumpkin_stem":2,"minecraft:coal_ore":25,"minecraft:oak_log":46,"minecraft:oak_fence_gate":1,"minecraft:gravel":29,"minecraft:sand":34,"minecraft:dripstone_block":44,"minecraft:dirt":41,"minecraft:smooth_basalt":15,"minecraft:terracotta":4,"minecraft:gold_ore":8,"minecraft:oak_leaves":1,"minecraft:horn_coral_block":8,"minecraft:deepslate":111,"minecraft:suspicious_gravel":22},"minecraft:used":{"minecraft:carved_pumpkin":12,"minecraft:spruce_slab":3,"minecraft:chest":2,"minecraft:shield":14,"minecraft:stone_hoe":2,"minecraft:cooked_chicken":1,"minecraft:wooden_shovel":45,"minecraft:torch":11,"minecraft:rotten_flesh":19,"minecraft:dirt":39,"minecraft:white_carpet":2,"minecraft:snowball":67,"minecraft:spruce_fence":33,"minecraft:axolotl_bucket":4,"minecraft:oak_fence_gate":8,"minecraft:wooden_axe":81,"minecraft:iron_axe":167,"minecraft:rooted_dirt":3,"minecraft:oak_sapling":2,"minecraft:sweet_berries":10,"minecraft:egg":12,"minecraft:turtle_egg":2,"minecraft:pumpkin":15,"minecraft:cooked_mutton":2,"minecraft:water_bucket":16,"minecraft:snow_block":32,"minecraft:stone_pickaxe":501,"minecraft:oak_planks":31,"minecraft:chainmail_helmet":4,"minecraft:spruce_fence_gate":1,"minecraft:deepslate_bricks":7,"minecraft:oak_slab":180,"minecraft:crafting_table":2,"minecraft:dark_oak_fence_gate":1,"minecraft:pumpkin_seeds":3,"minecraft:shears":13,"minecraft:birch_fence":4,"minecraft:oak_log":4,"minecraft:iron_pickaxe":910,"minecraft:bread":5,"minecraft:melon_slice":19,"minecraft:birch_slab":90,"minecraft:golden_helmet":3,"minecraft:stone_axe":48,"minecraft:wooden_sword":4,"minecraft:bucket":21,"minecraft:tropical_fish_bucket":3,"minecraft:bone_meal":2,"minecraft:oak_fence":201},"minecraft:picked_up":{"minecraft:wooden_axe":1,"minecraft:cocoa_beans":1,"minecraft:shelter_pottery_sherd":8,"minecraft:crafting_table":1,"minecraft:wheat":3,"minecraft:chicken":2,"minecraft:clay_ball":180,"minecraft:prismarine_shard":6,"minecraft:mourner_pottery_sherd":6,"minecraft:cooked_rabbit":6,"minecraft:turtle_egg":1,"minecraft:dead_horn_coral_block":10,"minecraft:shield":3,"minecraft:amethyst_block":104,"minecraft:string":10,"minecraft:dead_tube_coral_block":7,"minecraft:raw_copper":568,"minecraft:iron_axe":1,"minecraft:wooden_sword":4,"minecraft:explorer_pottery_sherd":4,"minecraft:white_carpet":2,"minecraft:iron_shovel":3,"minecraft:pufferfish":4,"minecraft:deepslate_tiles":42,"minecraft:cobbled_deepslate":170,"minecraft:bucket":1,"minecraft:spruce_planks":2,"minecraft:calcite":69,"minecraft:wooden_shovel":4,"minecraft:poppy":3,"minecraft:iron_pickaxe":5,"minecraft:spruce_slab":1,"minecraft:melon_slice":44,"minecraft:chest":36,"minecraft:raw_copper_block":3,"minecraft:egg":17,"minecraft:tipped_arrow":14,"minecraft:golden_helmet":2,"minecraft:dark_oak_sapling":2,"minecraft:raw_iron":80,"minecraft:stick":56,"minecraft:sheaf_pottery_sherd":4,"minecraft:copper_ingot":2,"minecraft:oak_fence":68,"minecraft:torch":26,"minecraft:music_disc_mellohi":1,"minecraft:acacia_log":5,"minecraft:amethyst_cluster":3,"minecraft:spruce_fence":9,"minecraft:snow_block":6,"minecraft:diorite":53,"minecraft:prismarine_crystals":49,"minecraft:green_terracotta":11,"minecraft:rabbit_foot":2,"minecraft:tube_coral":2,"minecraft:stone_sword":1,"minecraft:arrow":22,"minecraft:horn_coral_fan":2,"minecraft:rotten_flesh":26,"minecraft:tropical_fish":13,"minecraft:shears":4,"minecraft:deepslate_bricks":79,"minecraft:carved_pumpkin":12,"minecraft:blue_dye":5,"minecraft:cyan_terracotta":11,"minecraft:wolf_spawn_egg":1,"minecraft:white_terracotta":28,"minecraft:heartbreak_pottery_sherd":10,"minecraft:cod":1,"minecraft:snowball":759,"minecraft:white_wool":4,"minecraft:cobblestone":143,"minecraft:sponge":15,"minecraft:stripped_oak_log":3,"minecraft:birch_log":16,"minecraft:feather":5,"minecraft:andesite":28,"minecraft:glow_ink_sac":7,"minecraft:birch_slab":155,"minecraft:salmon":1,"minecraft:powder_snow_bucket":1,"minecraft:birch_planks":34,"minecraft:flint":7,"minecraft:tuff":51,"minecraft:lily_pad":3,"minecraft:oak_log":150,"minecraft:prismarine_bricks":45,"minecraft:gunpowder":7,"minecraft:lapis_lazuli":257,"minecraft:dirt":225,"minecraft:cooked_mutton":32,"minecraft:bone":26,"minecraft:kelp":2,"minecraft:wheat_seeds":136,"minecraft:small_dripleaf":15,"minecraft:creeper_spawn_egg":1,"minecraft:raw_gold":48,"minecraft:spore_blossom":7,"minecraft:iron_ingot":6,"minecraft:music_disc_far":1,"minecraft:oak_fence_gate":3,"minecraft:stone_pickaxe":7,"minecraft:blade_pottery_sherd":4,"minecraft:moss_block":95,"minecraft:iron_sword":1,"minecraft:prismarine":45,"minecraft:stone_hoe":2,"minecraft:oak_planks":4,"minecraft:flowering_azalea":1,"minecraft:book":2,"minecraft:sculk_catalyst":2,"minecraft:oak_slab":38,"minecraft:glow_lichen":4,"minecraft:smooth_basalt":49,"minecraft:dark_oak_slab":20,"minecraft:music_disc_13":1,"minecraft:pumpkin":18,"minecraft:sweet_berries":33,"minecraft:axolotl_bucket":3,"minecraft:raw_iron_block":2,"minecraft:dripstone_block":69,"minecraft:gravel":56,"minecraft:dead_fire_coral_block":8,"minecraft:sand":43,"minecraft:amethyst_shard":1,"minecraft:spruce_sapling":2,"minecraft:ink_sac":4,"minecraft:spruce_log":30,"minecraft:dark_oak_log":46,"minecraft:spider_eye":3,"minecraft:leather_helmet":1,"minecraft:dark_prismarine":24,"minecraft:iron_hoe":2,"minecraft:light_gray_terracotta":11,"minecraft:pumpkin_seeds":59,"minecraft:dried_kelp_block":8,"minecraft:blue_terracotta":18,"minecraft:diamond":17,"minecraft:stone_axe":2,"minecraft:dead_bubble_coral_block":7,"minecraft:dead_brain_coral_block":8,"minecraft:granite":62,"minecraft:bone_meal":10,"minecraft:chainmail_helmet":1,"minecraft:bread":3,"minecraft:rooted_dirt":31,"minecraft:terracotta":25,"minecraft:oak_sapling":13,"minecraft:melon_seeds":1,"minecraft:stripped_dark_oak_log":1,"minecraft:coal":96,"minecraft:seagrass":3},"minecraft:custom":{"minecraft:mob_kills":22,"minecraft:animals_bred":2,"minecraft:interact_with_crafting_table":100,"minecraft:leave_game":2,"minecraft:time_since_death":107709,"minecraft:damage_resisted":7,"minecraft:sprint_one_cm":222933,"minecraft:walk_one_cm":911717,"minecraft:damage_blocked_by_shield":470,"minecraft:drop":35,"minecraft:play_time":429116,"minecraft:sneak_time":15835,"minecraft:deaths":16,"minecraft:walk_under_water_one_cm":465,"minecraft:jump":1400,"minecraft:walk_on_water_one_cm":18888,"minecraft:total_world_time":429116,"minecraft:interact_with_furnace":3,"minecraft:time_since_rest":107745,"minecraft:damage_taken":5415,"minecraft:damage_dealt":4727,"minecraft:player_kills":1,"minecraft:fly_one_cm":87848,"minecraft:open_chest":621,"minecraft:crouch_one_cm":40459,"minecraft:fall_one_cm":29879},"minecraft:dropped":{"minecraft:stone_hoe":1,"minecraft:oak_log":4,"minecraft:creeper_spawn_egg":1,"minecraft:dark_oak_slab":20,"minecraft:coal":8,"minecraft:torch":15,"minecraft:sculk_catalyst":2,"minecraft:wooden_axe":1,"minecraft:bone_meal":2,"minecraft:iron_axe":1,"minecraft:iron_pickaxe":4,"minecraft:iron_shovel":3,"minecraft:bucket":1,"minecraft:bone":10,"minecraft:tuff":3,"minecraft:raw_iron":3,"minecraft:oak_planks":1,"minecraft:iron_hoe":2,"minecraft:oak_fence_gate":1,"minecraft:shield":2,"minecraft:gunpowder":2,"minecraft:oak_sapling":7,"minecraft:bow":1,"minecraft:arrow":1,"minecraft:stone_pickaxe":2},"minecraft:killed":{"minecraft:spider":2,"minecraft:skeleton":2,"minecraft:fox":1,"minecraft:creeper":3,"minecraft:goat":1,"minecraft:zombie":10,"minecraft:stray":2},"minecraft:killed_by":{"minecraft:player":7,"minecraft:polar_bear":1},"minecraft:crafted":{"minecraft:oak_planks":428,"minecraft:furnace":1,"minecraft:birch_slab":60,"minecraft:spruce_fence":24,"minecraft:iron_axe":1,"minecraft:birch_fence_gate":1,"minecraft:dark_oak_planks":12,"minecraft:oak_fence":159,"minecraft:oak_slab":138,"minecraft:cooked_porkchop":9,"minecraft:crafting_table":1,"minecraft:spruce_planks":24,"minecraft:wooden_pickaxe":1,"minecraft:bucket":2,"minecraft:birch_planks":24,"minecraft:stone_axe":2,"minecraft:oak_fence_gate":6,"minecraft:shield":1,"minecraft:birch_fence":6,"minecraft:stick":160,"minecraft:iron_pickaxe":4,"minecraft:wooden_axe":2,"minecraft:snow_block":32,"minecraft:dark_oak_fence_gate":1,"minecraft:spruce_fence_gate":1,"minecraft:shears":2,"minecraft:clay":55},"minecraft:broken":{"minecraft:leather_helmet":1,"minecraft:wooden_shovel":1,"minecraft:stone_pickaxe":2,"minecraft:iron_axe":1,"minecraft:iron_pickaxe":3,"minecraft:wooden_axe":1}},"DataVersion":3700}