{"stats":{"minecraft:mined":{"minecraft:oak_sapling":2,"minecraft:farmland":1,"minecraft:carved_pumpkin":10,"minecraft:granite":65,"minecraft:budding_amethyst":23,"minecraft:red_sand":44,"minecraft:acacia_log":14,"minecraft:grass_block":87,"minecraft:jungle_log":10,"minecraft:deepslate_bricks":60,"minecraft:tube_coral_block":8,"minecraft:bubble_coral_block":8,"minecraft:mud_bricks":6,"minecraft:bamboo_block":53,"minecraft:raw_iron_block":1,"minecraft:iron_ore":45,"minecraft:cobbled_deepslate":40,"minecraft:pumpkin":6,"minecraft:deepslate_lapis_ore":45,"minecraft:dirt_path":3,"minecraft:stripped_bamboo_block":1,"minecraft:brain_coral_block":8,"minecraft:spruce_slab":3,"minecraft:deepslate_redstone_ore":10,"minecraft:cyan_terracotta":6,"minecraft:dead_bubble_coral_block":2,"minecraft:orange_terracotta":11,"minecraft:powder_snow":1,"minecraft:clay":29,"minecraft:torch":9,"minecraft:light_gray_terracotta":8,"minecraft:calcite":83,"minecraft:melon":3,"minecraft:chest":50,"minecraft:cobblestone":36,"minecraft:prismarine":37,"minecraft:sugar_cane":6,"minecraft:amethyst_block":111,"minecraft:deepslate_copper_ore":53,"minecraft:white_terracotta":43,"minecraft:blue_terracotta":9,"minecraft:dark_oak_slab":4,"minecraft:mud":28,"minecraft:birch_log":11,"minecraft:wheat":1,"minecraft:blue_ice":10,"minecraft:pumpkin_stem":2,"minecraft:oak_log":48,"minecraft:oak_fence_gate":2,"minecraft:lime_terracotta":9,"minecraft:dirt":79,"minecraft:sand":89,"minecraft:mangrove_log":9,"minecraft:smooth_basalt":29,"minecraft:oak_leaves":1,"minecraft:horn_coral_block":8,"minecraft:deepslate":160,"minecraft:yellow_terracotta":8,"minecraft:suspicious_gravel":48,"minecraft:dark_prismarine":37,"minecraft:deepslate_tiles":33,"minecraft:diamond_ore":8,"minecraft:tuff":67,"minecraft:mossy_cobblestone":60,"minecraft:deepslate_diamond_ore":18,"minecraft:stripped_birch_log":1,"minecraft:dark_oak_log":40,"minecraft:mangrove_roots":6,"minecraft:sea_lantern":15,"minecraft:cobbled_deepslate_slab":2,"minecraft:spruce_fence":9,"minecraft:birch_slab":30,"minecraft:moss_block":88,"minecraft:sandstone":96,"minecraft:rooted_dirt":26,"minecraft:hay_block":2,"minecraft:redstone_ore":12,"minecraft:packed_mud":4,"minecraft:red_sandstone":61,"minecraft:snow":27,"minecraft:suspicious_sand":25,"minecraft:andesite":48,"minecraft:green_terracotta":12,"minecraft:stripped_spruce_log":1,"minecraft:dead_horn_coral_block":2,"minecraft:deepslate_iron_ore":53,"minecraft:stripped_oak_log":3,"minecraft:packed_ice":14,"minecraft:stone":135,"minecraft:fire_coral_block":12,"minecraft:podzol":6,"minecraft:oak_slab":29,"minecraft:glass_pane":2,"minecraft:stripped_dark_oak_log":1,"minecraft:oak_fence":70,"minecraft:crafting_table":1,"minecraft:emerald_ore":17,"minecraft:sponge":15,"minecraft:copper_ore":88,"minecraft:deepslate_coal_ore":38,"minecraft:dried_kelp_block":8,"minecraft:lapis_ore":24,"minecraft:deepslate_gold_ore":30,"minecraft:diorite":54,"minecraft:prismarine_bricks":46,"minecraft:dead_fire_coral_block":1,"minecraft:red_terracotta":4,"minecraft:sweet_berry_bush":1,"minecraft:white_carpet":8,"minecraft:spruce_log":23,"minecraft:muddy_mangrove_roots":6,"minecraft:coal_ore":37,"minecraft:gravel":32,"minecraft:dripstone_block":70,"minecraft:brown_terracotta":6,"minecraft:terracotta":14,"minecraft:gold_ore":22,"minecraft:deepslate_emerald_ore":6},"minecraft:used":{"minecraft:writable_book":3,"minecraft:iron_shovel":49,"minecraft:spruce_slab":9,"minecraft:chest":3,"minecraft:shield":17,"minecraft:iron_sword":32,"minecraft:rotten_flesh":19,"minecraft:axolotl_bucket":8,"minecraft:snowball":67,"minecraft:big_dripleaf":1,"minecraft:wandering_trader_spawn_egg":1,"minecraft:jungle_sapling":2,"minecraft:dark_oak_slab":6,"minecraft:sweet_berries":124,"minecraft:oak_sapling":3,"minecraft:furnace":1,"minecraft:egg":17,"minecraft:seagrass":3,"minecraft:stone_pickaxe":580,"minecraft:oak_planks":71,"minecraft:fox_spawn_egg":1,"minecraft:chainmail_helmet":4,"minecraft:parrot_spawn_egg":1,"minecraft:sugar_cane":10,"minecraft:sand":28,"minecraft:cave_spider_spawn_egg":1,"minecraft:shulker_spawn_egg":1,"minecraft:shears":19,"minecraft:pumpkin_seeds":3,"minecraft:birch_fence":4,"minecraft:creeper_spawn_egg":1,"minecraft:birch_slab":96,"minecraft:melon_slice":20,"minecraft:bread":10,"minecraft:golden_helmet":3,"minecraft:wooden_sword":4,"minecraft:tropical_fish_bucket":3,"minecraft:oak_fence":234,"minecraft:bone_meal":2,"minecraft:rose_bush":1,"minecraft:stone_sword":45,"minecraft:carved_pumpkin":12,"minecraft:tropical_fish":1,"minecraft:zombie_villager_spawn_egg":1,"minecraft:silverfish_spawn_egg":1,"minecraft:wooden_shovel":45,"minecraft:stone_hoe":2,"minecraft:cooked_chicken":18,"minecraft:torch":12,"minecraft:dirt":79,"minecraft:white_carpet":8,"minecraft:cod_bucket":1,"minecraft:salmon_bucket":1,"minecraft:spruce_fence":34,"minecraft:oak_fence_gate":9,"minecraft:wooden_axe":81,"minecraft:rooted_dirt":3,"minecraft:iron_block":4,"minecraft:iron_axe":341,"minecraft:acacia_slab":12,"minecraft:wolf_spawn_egg":1,"minecraft:cobbled_deepslate":5,"minecraft:turtle_egg":2,"minecraft:pumpkin":21,"minecraft:cooked_mutton":5,"minecraft:water_bucket":26,"minecraft:snow_block":42,"minecraft:llama_spawn_egg":1,"minecraft:spruce_fence_gate":1,"minecraft:deepslate_bricks":7,"minecraft:oak_slab":189,"minecraft:crafting_table":2,"minecraft:dark_oak_fence_gate":1,"minecraft:oak_log":8,"minecraft:diamond_pickaxe":445,"minecraft:iron_pickaxe":1535,"minecraft:stone_axe":48,"minecraft:cooked_porkchop":7,"minecraft:bucket":33,"minecraft:glass_pane":27},"minecraft:picked_up":{"minecraft:shulker_shell":1,"minecraft:seagrass":3,"minecraft:music_disc_strad":1,"minecraft:wheat":3,"minecraft:prismarine_shard":6,"minecraft:sentry_armor_trim_smithing_template":1,"minecraft:lead":2,"minecraft:turtle_egg":1,"minecraft:wither_rose":1,"minecraft:enchanted_book":1,"minecraft:amethyst_block":170,"minecraft:music_disc_cat":1,"minecraft:string":17,"minecraft:dead_tube_coral_block":8,"minecraft:wayfinder_armor_trim_smithing_template":1,"minecraft:raw_copper":835,"minecraft:explorer_pottery_sherd":4,"minecraft:pufferfish":4,"minecraft:experience_bottle":8,"minecraft:sea_pickle":4,"minecraft:deepslate_tiles":42,"minecraft:red_sand":63,"minecraft:cobbled_deepslate":301,"minecraft:bucket":9,"minecraft:spruce_planks":2,"minecraft:rose_bush":2,"minecraft:calcite":117,"minecraft:azalea":1,"minecraft:wooden_shovel":4,"minecraft:iron_pickaxe":6,"minecraft:melon_slice":66,"minecraft:mangrove_log":9,"minecraft:tipped_arrow":14,"minecraft:golden_helmet":2,"minecraft:stick":110,"minecraft:sheaf_pottery_sherd":4,"minecraft:brown_terracotta":13,"minecraft:oak_fence":98,"minecraft:torch":67,"minecraft:acacia_log":18,"minecraft:snow_block":6,"minecraft:shulker_spawn_egg":3,"minecraft:diorite":89,"minecraft:vine":2,"minecraft:green_terracotta":20,"minecraft:rabbit_foot":2,"minecraft:black_dye":2,"minecraft:bamboo_block":65,"minecraft:stone_sword":4,"minecraft:cactus":3,"minecraft:horn_coral_fan":3,"minecraft:rotten_flesh":31,"minecraft:tropical_fish":13,"minecraft:blue_dye":9,"minecraft:carved_pumpkin":12,"minecraft:cyan_terracotta":11,"minecraft:mangrove_roots":6,"minecraft:wolf_spawn_egg":2,"minecraft:white_terracotta":66,"minecraft:music_disc_wait":1,"minecraft:cod":1,"minecraft:snowball":810,"minecraft:cobblestone":247,"minecraft:sponge":15,"minecraft:birch_log":20,"minecraft:jungle_log":10,"minecraft:dune_armor_trim_smithing_template":1,"minecraft:muddy_mangrove_roots":7,"minecraft:feather":10,"minecraft:cooked_beef":1,"minecraft:raiser_armor_trim_smithing_template":1,"minecraft:birch_slab":155,"minecraft:water_bucket":5,"minecraft:andesite":54,"minecraft:powder_snow_bucket":1,"minecraft:flint":7,"minecraft:tuff":87,"minecraft:prismarine_bricks":54,"minecraft:danger_pottery_sherd":8,"minecraft:wandering_trader_spawn_egg":2,"minecraft:lapis_lazuli":637,"minecraft:dirt":315,"minecraft:zombie_villager_spawn_egg":1,"minecraft:stripped_bamboo_block":1,"minecraft:bone":37,"minecraft:bow":2,"minecraft:wheat_seeds":265,"minecraft:small_dripleaf":15,"minecraft:raw_gold":88,"minecraft:cobbled_deepslate_slab":2,"minecraft:bamboo":8,"minecraft:moss_block":113,"minecraft:prismarine":49,"minecraft:oak_planks":4,"minecraft:stone_hoe":2,"minecraft:glow_lichen":4,"minecraft:cooked_porkchop":12,"minecraft:music_disc_13":2,"minecraft:lime_terracotta":13,"minecraft:axolotl_bucket":3,"minecraft:sand":132,"minecraft:stripped_spruce_log":1,"minecraft:ink_sac":4,"minecraft:dead_bush":12,"minecraft:dark_oak_log":49,"minecraft:red_terracotta":7,"minecraft:mossy_cobblestone":72,"minecraft:dark_prismarine":28,"minecraft:iron_hoe":3,"minecraft:light_gray_terracotta":11,"minecraft:blue_terracotta":18,"minecraft:sugar":2,"minecraft:diamond":37,"minecraft:writable_book":2,"minecraft:miner_pottery_sherd":8,"minecraft:dead_brain_coral_block":9,"minecraft:crossbow":3,"minecraft:granite":84,"minecraft:bone_meal":10,"minecraft:golden_apple":3,"minecraft:chainmail_helmet":1,"minecraft:emerald":37,"minecraft:bread":3,"minecraft:parrot_spawn_egg":1,"minecraft:rooted_dirt":31,"minecraft:oak_sapling":32,"minecraft:diamond_pickaxe":3,"minecraft:mud":28,"minecraft:shelter_pottery_sherd":11,"minecraft:cocoa_beans":4,"minecraft:crafting_table":1,"minecraft:chicken":2,"minecraft:clay_ball":208,"minecraft:mourner_pottery_sherd":10,"minecraft:cooked_rabbit":6,"minecraft:dead_horn_coral_block":10,"minecraft:shield":5,"minecraft:iron_axe":3,"minecraft:wooden_sword":4,"minecraft:flint_and_steel":1,"minecraft:white_carpet":8,"minecraft:iron_shovel":4,"minecraft:candle":5,"minecraft:jungle_sapling":4,"minecraft:poppy":3,"minecraft:spruce_slab":4,"minecraft:lectern":1,"minecraft:sugar_cane":23,"minecraft:chest":64,"minecraft:raw_copper_block":3,"minecraft:egg":78,"minecraft:dark_oak_sapling":4,"minecraft:raw_iron":138,"minecraft:sandstone":119,"minecraft:copper_ingot":2,"minecraft:music_disc_mellohi":1,"minecraft:amethyst_cluster":7,"minecraft:spruce_fence":10,"minecraft:skull_pottery_sherd":13,"minecraft:trident":3,"minecraft:carrot":2,"minecraft:friend_pottery_sherd":15,"minecraft:redstone":156,"minecraft:prismarine_crystals":52,"minecraft:arrow":34,"minecraft:tube_coral":2,"minecraft:shears":5,"minecraft:deepslate_bricks":80,"minecraft:hay_block":6,"minecraft:yellow_terracotta":13,"minecraft:pink_tulip":5,"minecraft:mutton":14,"minecraft:white_wool":13,"minecraft:rail":2,"minecraft:heartbreak_pottery_sherd":10,"minecraft:stripped_oak_log":3,"minecraft:mud_bricks":6,"minecraft:burn_pottery_sherd":16,"minecraft:glow_ink_sac":7,"minecraft:salmon":5,"minecraft:leather":5,"minecraft:ochre_froglight":2,"minecraft:birch_planks":34,"minecraft:packed_mud":4,"minecraft:oak_log":152,"minecraft:lily_pad":3,"minecraft:gunpowder":7,"minecraft:heart_pottery_sherd":14,"minecraft:paper":4,"minecraft:orange_terracotta":14,"minecraft:cooked_mutton":36,"minecraft:apple":3,"minecraft:kelp":2,"minecraft:red_sandstone":69,"minecraft:creeper_spawn_egg":1,"minecraft:wild_armor_trim_smithing_template":1,"minecraft:spore_blossom":8,"minecraft:music_disc_far":2,"minecraft:iron_ingot":6,"minecraft:oak_fence_gate":4,"minecraft:stone_pickaxe":10,"minecraft:cooked_chicken":14,"minecraft:cobweb":2,"minecraft:blade_pottery_sherd":4,"minecraft:frogspawn":2,"minecraft:glass_bottle":1,"minecraft:iron_sword":2,"minecraft:arms_up_pottery_sherd":6,"minecraft:flowering_azalea":3,"minecraft:acacia_sapling":5,"minecraft:book":4,"minecraft:sculk_catalyst":4,"minecraft:oak_slab":38,"minecraft:smooth_basalt":66,"minecraft:warped_fungus":1,"minecraft:dark_oak_slab":24,"minecraft:pumpkin":27,"minecraft:sweet_berries":139,"minecraft:budding_amethyst":2,"minecraft:raw_iron_block":2,"minecraft:dripstone_block":100,"minecraft:gravel":60,"minecraft:dead_fire_coral_block":9,"minecraft:amethyst_shard":12,"minecraft:prize_pottery_sherd":3,"minecraft:spruce_sapling":2,"minecraft:spruce_log":32,"minecraft:spider_eye":7,"minecraft:archer_pottery_sherd":21,"minecraft:leather_helmet":1,"minecraft:brewer_pottery_sherd":17,"minecraft:pumpkin_seeds":84,"minecraft:dried_kelp_block":8,"minecraft:slime_ball":10,"minecraft:stone_axe":3,"minecraft:dead_bubble_coral_block":8,"minecraft:scute":2,"minecraft:terracotta":36,"minecraft:melon_seeds":6,"minecraft:stripped_dark_oak_log":1,"minecraft:coal":143,"minecraft:mangrove_propagule":2,"minecraft:sunflower":3,"minecraft:wooden_axe":1},"minecraft:custom":{"minecraft:animals_bred":3,"minecraft:interact_with_crafting_table":135,"minecraft:leave_game":2,"minecraft:time_since_death":20001,"minecraft:damage_resisted":7,"minecraft:sprint_one_cm":361823,"minecraft:damage_blocked_by_shield":589,"minecraft:drop":88,"minecraft:talked_to_villager":4,"minecraft:play_time":792618,"minecraft:deaths":21,"minecraft:jump":2977,"minecraft:walk_on_water_one_cm":57635,"minecraft:interact_with_furnace":36,"minecraft:sleep_in_bed":2,"minecraft:damage_dealt":9700,"minecraft:player_kills":4,"minecraft:crouch_one_cm":55834,"minecraft:horse_one_cm":1976,"minecraft:mob_kills":45,"minecraft:walk_one_cm":1642773,"minecraft:sneak_time":22687,"minecraft:walk_under_water_one_cm":3864,"minecraft:total_world_time":792618,"minecraft:time_since_rest":14811,"minecraft:damage_taken":10355,"minecraft:fly_one_cm":166213,"minecraft:open_chest":1290,"minecraft:fall_one_cm":75393},"minecraft:dropped":{"minecraft:iron_sword":1,"minecraft:moss_block":2,"minecraft:lapis_lazuli":49,"minecraft:cooked_beef":1,"minecraft:oak_log":4,"minecraft:diamond":3,"minecraft:cooked_porkchop":2,"minecraft:dark_oak_slab":20,"minecraft:crossbow":1,"minecraft:dirt":8,"minecraft:mutton":6,"minecraft:snowball":26,"minecraft:writable_book":1,"minecraft:bone_meal":2,"minecraft:sand":4,"minecraft:iron_pickaxe":5,"minecraft:white_wool":4,"minecraft:bone":10,"minecraft:stone_axe":1,"minecraft:cobbled_deepslate":10,"minecraft:oak_planks":1,"minecraft:oak_fence_gate":1,"minecraft:trident":1,"minecraft:gunpowder":2,"minecraft:arrow":1,"minecraft:prismarine_bricks":1,"minecraft:lectern":1,"minecraft:stone_hoe":1,"minecraft:water_bucket":4,"minecraft:enchanted_book":1,"minecraft:creeper_spawn_egg":1,"minecraft:oak_fence":2,"minecraft:amethyst_block":2,"minecraft:coal":10,"minecraft:torch":17,"minecraft:sculk_catalyst":2,"minecraft:wooden_axe":1,"minecraft:melon_slice":21,"minecraft:brown_terracotta":1,"minecraft:iron_axe":2,"minecraft:iron_shovel":3,"minecraft:string":3,"minecraft:bucket":1,"minecraft:redstone":17,"minecraft:sweet_berries":19,"minecraft:stone_sword":2,"minecraft:tuff":3,"minecraft:raw_iron":3,"minecraft:iron_hoe":2,"minecraft:white_terracotta":3,"minecraft:flint_and_steel":1,"minecraft:shield":2,"minecraft:diamond_pickaxe":2,"minecraft:oak_sapling":7,"minecraft:bow":2,"minecraft:stone_pickaxe":3},"minecraft:killed_by":{"minecraft:polar_bear":1,"minecraft:vindicator":1,"minecraft:vex":1,"minecraft:player":8},"minecraft:killed":{"minecraft:witch":2,"minecraft:spider":2,"minecraft:skeleton":2,"minecraft:fox":1,"minecraft:wolf":2,"minecraft:creeper":3,"minecraft:pillager":1,"minecraft:goat":1,"minecraft:zombie":10,"minecraft:stray":2,"minecraft:vindicator":1,"minecraft:slime":13,"minecraft:husk":3,"minecraft:wandering_trader":1},"minecraft:broken":{"minecraft:wooden_shovel":1,"minecraft:stone_pickaxe":3,"minecraft:wooden_axe":1,"minecraft:leather_helmet":1,"minecraft:iron_axe":1,"minecraft:iron_pickaxe":6},"minecraft:crafted":{"minecraft:oak_planks":472,"minecraft:birch_slab":60,"minecraft:glass":15,"minecraft:bow":1,"minecraft:birch_fence_gate":1,"minecraft:oak_fence":159,"minecraft:sea_lantern":3,"minecraft:oak_slab":138,"minecraft:cooked_porkchop":9,"minecraft:crafting_table":1,"minecraft:spruce_planks":32,"minecraft:acacia_slab":12,"minecraft:wooden_pickaxe":1,"minecraft:iron_helmet":1,"minecraft:birch_planks":24,"minecraft:iron_chestplate":1,"minecraft:diamond_pickaxe":3,"minecraft:shield":2,"minecraft:birch_fence":6,"minecraft:stick":176,"minecraft:iron_ingot":32,"minecraft:iron_pickaxe":6,"minecraft:snow_block":36,"minecraft:dark_oak_fence_gate":1,"minecraft:spruce_fence_gate":1,"minecraft:shears":3,"minecraft:furnace":1,"minecraft:spruce_fence":24,"minecraft:glass_pane":32,"minecraft:iron_axe":4,"minecraft:dark_oak_planks":12,"minecraft:iron_sword":1,"minecraft:bucket":2,"minecraft:stone_axe":2,"minecraft:oak_fence_gate":7,"minecraft:wooden_axe":2,"minecraft:iron_shovel":1,"minecraft:iron_leggings":1,"minecraft:acacia_planks":32,"minecraft:clay":55}},"DataVersion":3700}