{"stats":{"minecraft:mined":{"minecraft:gray_terracotta":2,"minecraft:powder_snow":2,"minecraft:clay":4,"minecraft:torch":2,"minecraft:granite":25,"minecraft:grass_block":29,"minecraft:calcite":18,"minecraft:melon":1,"minecraft:chest":8,"minecraft:cobblestone":724,"minecraft:copper_ore":20,"minecraft:diorite":16,"minecraft:amethyst_block":22,"minecraft:white_terracotta":8,"minecraft:birch_log":5,"minecraft:iron_ore":17,"minecraft:blue_ice":1,"minecraft:spruce_log":2,"minecraft:andesite":18,"minecraft:oak_log":12,"minecraft:coal_ore":13,"minecraft:gravel":19,"minecraft:dirt":28,"minecraft:packed_ice":4,"minecraft:smooth_basalt":6,"minecraft:terracotta":5,"minecraft:stone":77,"minecraft:podzol":1,"minecraft:suspicious_gravel":7},"minecraft:used":{"minecraft:stone_pickaxe":422,"minecraft:wooden_pickaxe":29,"minecraft:wooden_shovel":20,"minecraft:apple":3,"minecraft:melon_slice":15,"minecraft:chicken":1,"minecraft:iron_pickaxe":673,"minecraft:cobblestone":4,"minecraft:egg":3,"minecraft:cooked_beef":3},"minecraft:picked_up":{"minecraft:birch_log":2,"minecraft:feather":16,"minecraft:cooked_beef":3,"minecraft:chicken":1,"minecraft:clay_ball":28,"minecraft:andesite":16,"minecraft:leather":17,"minecraft:brown_mushroom":1,"minecraft:wooden_pickaxe":1,"minecraft:cooked_rabbit":2,"minecraft:flint":7,"minecraft:oak_log":19,"minecraft:amethyst_block":15,"minecraft:music_disc_cat":1,"minecraft:dirt":43,"minecraft:raw_copper":87,"minecraft:apple":2,"minecraft:gray_terracotta":8,"minecraft:rabbit_hide":4,"minecraft:stone_pickaxe":12,"minecraft:beef":3,"minecraft:calcite":21,"minecraft:iron_pickaxe":4,"minecraft:rabbit":1,"minecraft:melon_slice":41,"minecraft:chest":8,"minecraft:egg":2,"minecraft:milk_bucket":1,"minecraft:raw_iron":9,"minecraft:sheaf_pottery_sherd":5,"minecraft:smooth_basalt":1,"minecraft:music_disc_13":1,"minecraft:sweet_berries":2,"minecraft:gravel":17,"minecraft:music_disc_11":1,"minecraft:diorite":17,"minecraft:spruce_log":3,"minecraft:spider_eye":3,"minecraft:rotten_flesh":4,"minecraft:granite":22,"minecraft:white_terracotta":13,"minecraft:terracotta":3,"minecraft:mutton":2,"minecraft:coal":11,"minecraft:snowball":4,"minecraft:cobblestone":708},"minecraft:custom":{"minecraft:interact_with_furnace":13,"minecraft:mob_kills":3,"minecraft:interact_with_crafting_table":4,"minecraft:leave_game":1,"minecraft:time_since_death":101995,"minecraft:time_since_rest":102023,"minecraft:sprint_one_cm":49135,"minecraft:damage_taken":1404,"minecraft:walk_one_cm":152889,"minecraft:drop":19,"minecraft:damage_dealt":475,"minecraft:swim_one_cm":695,"minecraft:fly_one_cm":40607,"minecraft:open_chest":183,"minecraft:crouch_one_cm":251,"minecraft:play_time":105367,"minecraft:deaths":3,"minecraft:sneak_time":99,"minecraft:walk_under_water_one_cm":103,"minecraft:jump":472,"minecraft:walk_on_water_one_cm":1378,"minecraft:total_world_time":105367,"minecraft:fall_one_cm":7244},"minecraft:dropped":{"minecraft:oak_log":13,"minecraft:cobblestone":589,"minecraft:stone_pickaxe":2,"minecraft:iron_pickaxe":2,"minecraft:bone":3},"minecraft:killed":{"minecraft:rabbit":2,"minecraft:mooshroom":1},"minecraft:crafted":{"minecraft:cooked_beef":3,"minecraft:oak_planks":6,"minecraft:cooked_porkchop":1,"minecraft:spruce_planks":12,"minecraft:birch_planks":36,"minecraft:air":0,"minecraft:stick":14,"minecraft:iron_ingot":2,"minecraft:iron_pickaxe":1,"minecraft:stone_pickaxe":5},"minecraft:broken":{"minecraft:stone_pickaxe":3,"minecraft:iron_pickaxe":3}},"DataVersion":3700}