{"stats":{"minecraft:mined":{"minecraft:oak_slab":1,"minecraft:gray_terracotta":2,"minecraft:candle":1,"minecraft:powder_snow":2,"minecraft:clay":4,"minecraft:torch":18,"minecraft:granite":25,"minecraft:grass_block":29,"minecraft:calcite":18,"minecraft:melon":1,"minecraft:chest":8,"minecraft:copper_ore":20,"minecraft:cobblestone":3161,"minecraft:diorite":16,"minecraft:amethyst_block":22,"minecraft:white_terracotta":8,"minecraft:birch_log":5,"minecraft:iron_ore":17,"minecraft:blue_ice":1,"minecraft:spruce_log":2,"minecraft:andesite":18,"minecraft:coal_ore":13,"minecraft:oak_log":12,"minecraft:gravel":19,"minecraft:dirt":28,"minecraft:packed_ice":4,"minecraft:smooth_basalt":6,"minecraft:terracotta":5,"minecraft:stone":77,"minecraft:oak_leaves":7,"minecraft:suspicious_gravel":7,"minecraft:podzol":1},"minecraft:used":{"minecraft:stone_sword":6,"minecraft:stone_pickaxe":2861,"minecraft:wooden_pickaxe":29,"minecraft:wooden_shovel":20,"minecraft:cooked_chicken":15,"minecraft:torch":17,"minecraft:jungle_planks":1,"minecraft:music_disc_13":1,"minecraft:music_disc_11":1,"minecraft:music_disc_strad":1,"minecraft:music_disc_mellohi":1,"minecraft:apple":3,"minecraft:chicken":1,"minecraft:iron_axe":3,"minecraft:melon_slice":25,"minecraft:music_disc_ward":1,"minecraft:iron_pickaxe":673,"minecraft:music_disc_wait":4,"minecraft:music_disc_blocks":1,"minecraft:cobblestone":18,"minecraft:sweet_berries":3,"minecraft:cooked_porkchop":1,"minecraft:bucket":105,"minecraft:music_disc_far":1,"minecraft:cooked_beef":6,"minecraft:egg":120,"minecraft:candle":1,"minecraft:jukebox":1,"minecraft:water_bucket":105},"minecraft:picked_up":{"minecraft:birch_log":2,"minecraft:magma_block":1,"minecraft:music_disc_strad":1,"minecraft:wheat":1,"minecraft:muddy_mangrove_roots":1,"minecraft:mud_bricks":1,"minecraft:feather":16,"minecraft:cooked_beef":3,"minecraft:chicken":1,"minecraft:clay_ball":28,"minecraft:andesite":16,"minecraft:leather":17,"minecraft:brown_mushroom":1,"minecraft:wooden_pickaxe":1,"minecraft:cooked_rabbit":2,"minecraft:packed_mud":1,"minecraft:flint":7,"minecraft:oak_log":21,"minecraft:amethyst_block":15,"minecraft:music_disc_cat":1,"minecraft:dirt":43,"minecraft:raw_copper":87,"minecraft:shroomlight":1,"minecraft:blackstone":1,"minecraft:apple":2,"minecraft:gray_terracotta":8,"minecraft:wheat_seeds":6,"minecraft:red_sand":1,"minecraft:candle":1,"minecraft:rabbit_hide":4,"minecraft:beef":3,"minecraft:music_disc_far":1,"minecraft:stone_pickaxe":24,"minecraft:cooked_chicken":63,"minecraft:calcite":21,"minecraft:iron_pickaxe":4,"minecraft:rabbit":1,"minecraft:moss_block":3,"minecraft:melon_slice":41,"minecraft:chest":8,"minecraft:egg":110,"minecraft:raw_iron":10,"minecraft:smooth_basalt":1,"minecraft:sheaf_pottery_sherd":5,"minecraft:milk_bucket":1,"minecraft:music_disc_blocks":1,"minecraft:music_disc_13":2,"minecraft:sweet_berries":27,"minecraft:torch":27,"minecraft:gravel":17,"minecraft:music_disc_11":2,"minecraft:diorite":18,"minecraft:spruce_log":3,"minecraft:spider_eye":3,"minecraft:bamboo_block":1,"minecraft:rotten_flesh":4,"minecraft:music_disc_ward":1,"minecraft:granite":23,"minecraft:bread":6,"minecraft:white_terracotta":13,"minecraft:terracotta":3,"minecraft:music_disc_wait":4,"minecraft:mutton":2,"minecraft:coal":11,"minecraft:snowball":4,"minecraft:cobblestone":2799},"minecraft:custom":{"minecraft:interact_with_furnace":15,"minecraft:mob_kills":6,"minecraft:animals_bred":3,"minecraft:play_record":11,"minecraft:interact_with_crafting_table":7,"minecraft:leave_game":4,"minecraft:time_since_death":36790,"minecraft:climb_one_cm":4027,"minecraft:time_since_rest":36814,"minecraft:sprint_one_cm":259254,"minecraft:damage_taken":2724,"minecraft:walk_one_cm":428165,"minecraft:drop":32,"minecraft:damage_dealt":1187,"minecraft:swim_one_cm":3775,"minecraft:talked_to_villager":24,"minecraft:fly_one_cm":256093,"minecraft:open_chest":326,"minecraft:crouch_one_cm":2607,"minecraft:play_time":386487,"minecraft:deaths":4,"minecraft:sneak_time":1243,"minecraft:walk_under_water_one_cm":7180,"minecraft:jump":2237,"minecraft:walk_on_water_one_cm":66011,"minecraft:total_world_time":386487,"minecraft:fall_one_cm":41175,"minecraft:horse_one_cm":5954},"minecraft:dropped":{"minecraft:wheat_seeds":1,"minecraft:oak_log":13,"minecraft:cobblestone":1111,"minecraft:stone_pickaxe":4,"minecraft:iron_pickaxe":2,"minecraft:bone":3},"minecraft:killed":{"minecraft:rabbit":2,"minecraft:mooshroom":1,"minecraft:chicken":2,"minecraft:llama":1},"minecraft:crafted":{"minecraft:cooked_beef":3,"minecraft:oak_planks":6,"minecraft:cooked_porkchop":1,"minecraft:jukebox":1,"minecraft:spruce_planks":12,"minecraft:birch_planks":36,"minecraft:air":0,"minecraft:jungle_planks":80,"minecraft:stick":14,"minecraft:iron_ingot":2,"minecraft:iron_pickaxe":1,"minecraft:stone_pickaxe":5},"minecraft:broken":{"minecraft:stone_pickaxe":23,"minecraft:iron_pickaxe":3}},"DataVersion":3700}