{"stats":{"minecraft:mined":{"minecraft:white_bed":8,"minecraft:cherry_log":19,"minecraft:jungle_leaves":3,"minecraft:red_nether_bricks":8,"minecraft:carved_pumpkin":2,"minecraft:granite":42,"minecraft:red_sand":55,"minecraft:acacia_log":12,"minecraft:jungle_log":8,"minecraft:oak_pressure_plate":2,"minecraft:deepslate_bricks":52,"minecraft:bamboo_block":12,"minecraft:tube_coral_block":3,"minecraft:cobbled_deepslate":11,"minecraft:fire":14,"minecraft:pumpkin":134,"minecraft:fletching_table":3,"minecraft:deepslate_lapis_ore":22,"minecraft:crimson_nylium":10,"minecraft:powder_snow":14,"minecraft:torch":29,"minecraft:melon":40,"minecraft:glass":16,"minecraft:sugar_cane":10,"minecraft:amethyst_block":114,"minecraft:birch_sapling":1,"minecraft:white_terracotta":30,"minecraft:mud":33,"minecraft:wheat":642,"minecraft:pumpkin_stem":6,"minecraft:mangrove_log":10,"minecraft:smooth_basalt":27,"minecraft:deepslate":138,"minecraft:suspicious_gravel":50,"minecraft:attached_pumpkin_stem":1,"minecraft:yellow_terracotta":13,"minecraft:deepslate_tiles":19,"minecraft:dark_prismarine":31,"minecraft:mossy_cobblestone":17,"minecraft:dark_oak_log":10,"minecraft:sea_lantern":21,"minecraft:nether_bricks":11,"minecraft:spruce_fence":2,"minecraft:moss_block":101,"minecraft:redstone_ore":11,"minecraft:packed_mud":9,"minecraft:red_sandstone":18,"minecraft:snow":477,"minecraft:suspicious_sand":13,"minecraft:green_terracotta":9,"minecraft:andesite":55,"minecraft:cobblestone_slab":66,"minecraft:bamboo":68,"minecraft:fire_coral_block":2,"minecraft:white_wool":2,"minecraft:oak_slab":164,"minecraft:soul_sand":10,"minecraft:emerald_ore":10,"minecraft:sponge":1,"minecraft:dropper":1,"minecraft:copper_ore":106,"minecraft:dried_kelp_block":4,"minecraft:deepslate_gold_ore":36,"minecraft:diorite":77,"minecraft:warped_wart_block":12,"minecraft:red_terracotta":6,"minecraft:white_carpet":2,"minecraft:spruce_log":16,"minecraft:gravel":95,"minecraft:dripstone_block":72,"minecraft:brown_terracotta":8,"minecraft:gold_ore":30,"minecraft:deepslate_emerald_ore":4,"minecraft:attached_melon_stem":1,"minecraft:oak_sapling":1,"minecraft:budding_amethyst":31,"minecraft:grass_block":207,"minecraft:dead_tube_coral_block":1,"minecraft:soul_soil":5,"minecraft:mud_bricks":18,"minecraft:gilded_blackstone":3,"minecraft:raw_iron_block":3,"minecraft:glowstone":2,"minecraft:iron_ore":70,"minecraft:pointed_dripstone":3,"minecraft:brain_coral_block":8,"minecraft:spruce_slab":30,"minecraft:gray_terracotta":7,"minecraft:cyan_terracotta":9,"minecraft:blackstone":14,"minecraft:orange_terracotta":10,"minecraft:clay":68,"minecraft:light_gray_terracotta":9,"minecraft:calcite":77,"minecraft:chest":48,"minecraft:cobblestone":184,"minecraft:honeycomb_block":7,"minecraft:prismarine":47,"minecraft:wall_torch":3,"minecraft:deepslate_copper_ore":46,"minecraft:warped_nylium":4,"minecraft:blue_terracotta":7,"minecraft:powered_rail":3,"minecraft:dark_oak_slab":44,"minecraft:nether_wart_block":3,"minecraft:birch_log":34,"minecraft:lava_cauldron":2,"minecraft:blue_ice":8,"minecraft:oak_log":1485,"minecraft:lime_terracotta":4,"minecraft:sand":110,"minecraft:dirt":325,"minecraft:raw_copper_block":3,"minecraft:netherrack":30,"minecraft:oak_leaves":242,"minecraft:horn_coral_block":1,"minecraft:nether_gold_ore":6,"minecraft:diamond_ore":11,"minecraft:tuff":44,"minecraft:deepslate_diamond_ore":12,"minecraft:candle":1,"minecraft:mangrove_roots":8,"minecraft:chiseled_bookshelf":1,"minecraft:birch_slab":82,"minecraft:sandstone":52,"minecraft:rooted_dirt":20,"minecraft:hay_block":9,"minecraft:oak_trapdoor":18,"minecraft:furnace":1,"minecraft:carrots":43,"minecraft:raw_gold_block":5,"minecraft:detector_rail":2,"minecraft:dead_horn_coral_block":3,"minecraft:deepslate_iron_ore":42,"minecraft:shroomlight":6,"minecraft:packed_ice":17,"minecraft:stone":188,"minecraft:pink_terracotta":5,"minecraft:podzol":35,"minecraft:snow_block":69,"minecraft:oak_fence":29,"minecraft:crafting_table":9,"minecraft:honey_block":3,"minecraft:lectern":225,"minecraft:deepslate_coal_ore":37,"minecraft:lapis_ore":16,"minecraft:prismarine_bricks":43,"minecraft:sweet_berry_bush":4,"minecraft:ice":2,"minecraft:muddy_mangrove_roots":4,"minecraft:dead_brain_coral_block":2,"minecraft:coal_ore":44,"minecraft:ochre_froglight":2,"minecraft:cherry_leaves":4,"minecraft:terracotta":21},"minecraft:used":{"minecraft:writable_book":1,"minecraft:spruce_slab":40,"minecraft:chest":34,"minecraft:snowball":75,"minecraft:lava_bucket":11,"minecraft:birch_sapling":1,"minecraft:dark_oak_slab":62,"minecraft:bow":61,"minecraft:sweet_berries":57,"minecraft:furnace":2,"minecraft:oak_sapling":403,"minecraft:egg":316,"minecraft:powered_rail":9,"minecraft:leather_chestplate":1,"minecraft:wooden_pickaxe":9,"minecraft:dark_oak_trapdoor":4,"minecraft:sand":5,"minecraft:pumpkin_seeds":16,"minecraft:birch_slab":94,"minecraft:lectern":227,"minecraft:oak_pressure_plate":3,"minecraft:ice":1,"minecraft:oak_boat":3,"minecraft:oak_trapdoor":25,"minecraft:torch":216,"minecraft:iron_axe":2286,"minecraft:melon_seeds":3,"minecraft:bamboo":23,"minecraft:pointed_dripstone":8,"minecraft:wheat_seeds":706,"minecraft:water_bucket":46,"minecraft:cauldron":4,"minecraft:fletching_table":4,"minecraft:rail":8,"minecraft:oak_slab":5768,"minecraft:crafting_table":11,"minecraft:white_bed":16,"minecraft:oak_log":11,"minecraft:iron_pickaxe":2450,"minecraft:cobblestone":179,"minecraft:cooked_porkchop":3,"minecraft:candle":8,"minecraft:red_sand":2,"minecraft:iron_shovel":1244,"minecraft:shield":72,"minecraft:white_terracotta":36,"minecraft:iron_sword":733,"minecraft:green_terracotta":2,"minecraft:carrot":47,"minecraft:milk_bucket":4,"minecraft:glass":28,"minecraft:birch_trapdoor":8,"minecraft:scaffolding":12,"minecraft:dropper":2,"minecraft:stone_pickaxe":39,"minecraft:oak_planks":8,"minecraft:white_wool":2,"minecraft:dripstone_block":16,"minecraft:lever":1,"minecraft:bread":10,"minecraft:melon_slice":130,"minecraft:cooked_rabbit":5,"minecraft:bone_meal":97,"minecraft:oak_fence":42,"minecraft:trident":1,"minecraft:flint_and_steel":3,"minecraft:stone_shovel":13,"minecraft:redstone":2,"minecraft:wooden_shovel":153,"minecraft:stone_hoe":82,"minecraft:cooked_chicken":45,"minecraft:dirt":453,"minecraft:white_carpet":10,"minecraft:hopper":1,"minecraft:spruce_fence":2,"minecraft:iron_hoe":17,"minecraft:wooden_axe":102,"minecraft:minecart":3,"minecraft:cooked_beef":1,"minecraft:pumpkin":1,"minecraft:cooked_mutton":65,"minecraft:cobblestone_slab":1854,"minecraft:gray_terracotta":1,"minecraft:apple":2,"minecraft:detector_rail":2,"minecraft:stone_axe":544,"minecraft:bucket":64},"minecraft:picked_up":{"minecraft:seagrass":7,"minecraft:prismarine_shard":10,"minecraft:lead":9,"minecraft:enchanted_book":6,"minecraft:amethyst_block":118,"minecraft:string":34,"minecraft:explorer_pottery_sherd":1,"minecraft:shroomlight":3,"minecraft:gold_nugget":22,"minecraft:cobbled_deepslate":113,"minecraft:spruce_planks":1,"minecraft:melon_slice":398,"minecraft:mangrove_log":10,"minecraft:golden_helmet":2,"minecraft:sheaf_pottery_sherd":8,"minecraft:big_dripleaf":4,"minecraft:acacia_log":9,"minecraft:honeycomb_block":7,"minecraft:cherry_log":19,"minecraft:cauldron":2,"minecraft:pink_terracotta":10,"minecraft:green_terracotta":17,"minecraft:rabbit_foot":1,"minecraft:bamboo_block":9,"minecraft:stone_sword":2,"minecraft:horn_coral_fan":2,"minecraft:tropical_fish":5,"minecraft:carved_pumpkin":1,"minecraft:cyan_terracotta":4,"minecraft:wolf_spawn_egg":1,"minecraft:white_terracotta":38,"minecraft:blaze_rod":2,"minecraft:snowball":642,"minecraft:sponge":1,"minecraft:birch_log":30,"minecraft:magma_block":4,"minecraft:feather":208,"minecraft:cooked_beef":1,"minecraft:birch_slab":73,"minecraft:water_bucket":10,"minecraft:jungle_log":8,"minecraft:flint":11,"minecraft:disc_fragment_5":3,"minecraft:gray_terracotta":1,"minecraft:rabbit":22,"minecraft:glowstone_dust":52,"minecraft:moss_block":152,"minecraft:dropper":1,"minecraft:ink_sac":16,"minecraft:dark_oak_log":9,"minecraft:red_terracotta":7,"minecraft:iron_hoe":3,"minecraft:blue_terracotta":6,"minecraft:angler_pottery_sherd":15,"minecraft:writable_book":10,"minecraft:dead_brain_coral_block":11,"minecraft:granite":42,"minecraft:chainmail_helmet":1,"minecraft:bread":22,"minecraft:rooted_dirt":35,"minecraft:crafting_table":11,"minecraft:diamond_pickaxe":7,"minecraft:shelter_pottery_sherd":5,"minecraft:mud":27,"minecraft:nether_wart":2,"minecraft:clay_ball":228,"minecraft:dead_horn_coral_block":3,"minecraft:flint_and_steel":1,"minecraft:white_carpet":4,"minecraft:iron_shovel":10,"minecraft:music_disc_otherside":2,"minecraft:beef":12,"minecraft:jungle_sapling":4,"minecraft:spruce_slab":29,"minecraft:minecart":5,"minecraft:chest":86,"minecraft:birch_sapling":5,"minecraft:egg":450,"minecraft:sandstone":34,"minecraft:raw_gold_block":10,"minecraft:music_disc_mellohi":2,"minecraft:spruce_fence":2,"minecraft:skull_pottery_sherd":5,"minecraft:carrot":182,"minecraft:redstone":82,"minecraft:prismarine_crystals":43,"minecraft:tube_coral_fan":1,"minecraft:deepslate_bricks":32,"minecraft:hay_block":5,"minecraft:yellow_terracotta":14,"minecraft:gold_ingot":3,"minecraft:mutton":100,"minecraft:rail":8,"minecraft:white_wool":79,"minecraft:mud_bricks":10,"minecraft:red_mushroom":4,"minecraft:ochre_froglight":32,"minecraft:packed_mud":5,"minecraft:oak_log":1500,"minecraft:lily_pad":10,"minecraft:paper":2,"minecraft:apple":85,"minecraft:kelp":1,"minecraft:creeper_spawn_egg":1,"minecraft:music_disc_far":2,"minecraft:spore_blossom":2,"minecraft:stone_pickaxe":10,"minecraft:blade_pottery_sherd":1,"minecraft:glass_bottle":3,"minecraft:iron_sword":12,"minecraft:flowering_azalea":5,"minecraft:smooth_basalt":13,"minecraft:dark_oak_slab":64,"minecraft:sweet_berries":496,"minecraft:gravel":119,"minecraft:dead_fire_coral_block":5,"minecraft:spruce_sapling":1,"minecraft:spruce_log":13,"minecraft:leather_helmet":1,"minecraft:archer_pottery_sherd":4,"minecraft:husk_spawn_egg":1,"minecraft:slime_ball":3,"minecraft:stone_axe":5,"minecraft:oak_button":1,"minecraft:melon_seeds":4,"minecraft:mangrove_propagule":1,"minecraft:wheat":669,"minecraft:gilded_blackstone":1,"minecraft:dead_tube_coral_block":4,"minecraft:raw_copper":527,"minecraft:deepslate_tiles":10,"minecraft:red_sand":41,"minecraft:bucket":2,"minecraft:cobblestone_slab":223,"minecraft:calcite":76,"minecraft:wooden_shovel":4,"minecraft:iron_pickaxe":12,"minecraft:furnace":1,"minecraft:tipped_arrow":3,"minecraft:stick":2181,"minecraft:brown_terracotta":6,"minecraft:oak_fence":35,"minecraft:torch":99,"minecraft:porkchop":63,"minecraft:pointed_dripstone":3,"minecraft:diorite":85,"minecraft:rotten_flesh":51,"minecraft:mangrove_roots":5,"minecraft:cod":3,"minecraft:cobblestone":1480,"minecraft:leather_chestplate":2,"minecraft:magma_cream":7,"minecraft:andesite":131,"minecraft:tuff":40,"minecraft:prismarine_bricks":41,"minecraft:lapis_lazuli":235,"minecraft:dirt":950,"minecraft:stripped_birch_log":4,"minecraft:glass":1,"minecraft:bone":36,"minecraft:bow":10,"minecraft:wheat_seeds":2092,"minecraft:raw_gold":47,"minecraft:fletching_table":3,"minecraft:bamboo":602,"minecraft:powered_rail":4,"minecraft:prismarine":56,"minecraft:oak_planks":476,"minecraft:stone_hoe":3,"minecraft:cooked_porkchop":38,"minecraft:oak_pressure_plate":2,"minecraft:sand":83,"minecraft:grass_block":1,"minecraft:mossy_cobblestone":11,"minecraft:dark_prismarine":46,"minecraft:light_gray_terracotta":5,"minecraft:sugar":2,"minecraft:diamond":31,"minecraft:crossbow":1,"minecraft:bone_meal":6,"minecraft:emerald":15,"minecraft:oak_sapling":611,"minecraft:netherrack":26,"minecraft:chicken":142,"minecraft:wooden_pickaxe":1,"minecraft:shield":9,"minecraft:oak_trapdoor":21,"minecraft:moss_carpet":4,"minecraft:iron_axe":11,"minecraft:vex_spawn_egg":1,"minecraft:blackstone":1,"minecraft:candle":5,"minecraft:detector_rail":2,"minecraft:oak_boat":4,"minecraft:lectern":225,"minecraft:sugar_cane":20,"minecraft:raw_iron":97,"minecraft:music_disc_relic":1,"minecraft:copper_ingot":1,"minecraft:trident":5,"minecraft:arrow":175,"minecraft:nether_bricks":35,"minecraft:golden_carrot":6,"minecraft:glow_ink_sac":25,"minecraft:salmon":2,"minecraft:leather":12,"minecraft:birch_planks":102,"minecraft:crimson_fungus":1,"minecraft:gunpowder":15,"minecraft:heart_pottery_sherd":4,"minecraft:orange_terracotta":6,"minecraft:cooked_mutton":33,"minecraft:red_sandstone":15,"minecraft:rabbit_hide":3,"minecraft:iron_ingot":74,"minecraft:cooked_chicken":42,"minecraft:frogspawn":2,"minecraft:soul_sand":9,"minecraft:book":7,"minecraft:sculk_catalyst":2,"minecraft:scaffolding":5,"minecraft:oak_slab":857,"minecraft:warped_fungus":1,"minecraft:pumpkin":143,"minecraft:budding_amethyst":1,"minecraft:quartz":3,"minecraft:raw_iron_block":3,"minecraft:dripstone_block":45,"minecraft:amethyst_shard":1,"minecraft:white_bed":8,"minecraft:spider_eye":9,"minecraft:pumpkin_seeds":10,"minecraft:dried_kelp_block":6,"minecraft:honey_block":3,"minecraft:dead_bubble_coral_block":2,"minecraft:iron_helmet":3,"minecraft:cherry_sapling":2,"minecraft:terracotta":19,"minecraft:coal":128},"minecraft:custom":{"minecraft:interact_with_crafting_table":296,"minecraft:leave_game":9,"minecraft:time_since_death":41752,"minecraft:damage_blocked_by_shield":501,"minecraft:play_time":1151457,"minecraft:deaths":13,"minecraft:jump":11895,"minecraft:interact_with_furnace":168,"minecraft:traded_with_villager":173,"minecraft:damage_dealt":54791,"minecraft:use_cauldron":9,"minecraft:horse_one_cm":4926,"minecraft:inspect_dropper":3,"minecraft:sneak_time":140849,"minecraft:total_world_time":1151457,"minecraft:time_since_rest":41777,"minecraft:fly_one_cm":2023870,"minecraft:open_chest":2419,"minecraft:fall_one_cm":176517,"minecraft:animals_bred":240,"minecraft:sprint_one_cm":1620126,"minecraft:drop":1133,"minecraft:talked_to_villager":431,"minecraft:walk_on_water_one_cm":8963,"minecraft:player_kills":16,"minecraft:crouch_one_cm":610531,"minecraft:mob_kills":471,"minecraft:damage_dealt_resisted":505,"minecraft:climb_one_cm":6947,"minecraft:walk_one_cm":2571277,"minecraft:walk_under_water_one_cm":10732,"minecraft:boat_one_cm":6215,"minecraft:damage_taken":11969},"minecraft:dropped":{"minecraft:iron_sword":3,"minecraft:lapis_lazuli":62,"minecraft:cooked_beef":1,"minecraft:glow_ink_sac":16,"minecraft:spore_blossom":2,"minecraft:glass_bottle":1,"minecraft:diamond":15,"minecraft:crafting_table":1,"minecraft:cooked_porkchop":17,"minecraft:crossbow":1,"minecraft:rooted_dirt":20,"minecraft:archer_pottery_sherd":4,"minecraft:rail":3,"minecraft:leather_helmet":1,"minecraft:red_mushroom":2,"minecraft:packed_mud":2,"minecraft:dirt":280,"minecraft:wooden_sword":1,"minecraft:writable_book":7,"minecraft:bone_meal":7,"minecraft:sand":15,"minecraft:sugar":2,"minecraft:iron_pickaxe":4,"minecraft:white_wool":9,"minecraft:bone":3,"minecraft:stone_axe":2,"minecraft:cooked_chicken":44,"minecraft:cobbled_deepslate":32,"minecraft:birch_sapling":2,"minecraft:wheat":36,"minecraft:rotten_flesh":21,"minecraft:oak_planks":387,"minecraft:music_disc_far":1,"minecraft:dead_fire_coral_block":1,"minecraft:salmon":3,"minecraft:tipped_arrow":3,"minecraft:heart_pottery_sherd":4,"minecraft:glass":2,"minecraft:beef":2,"minecraft:egg":106,"minecraft:iron_ingot":6,"minecraft:wolf_spawn_egg":1,"minecraft:wheat_seeds":598,"minecraft:dripstone_block":1,"minecraft:oak_fence":3,"minecraft:yellow_terracotta":7,"minecraft:feather":94,"minecraft:cobblestone":306,"minecraft:prismarine_crystals":6,"minecraft:book":6,"minecraft:apple":9,"minecraft:granite":6,"minecraft:explorer_pottery_sherd":1,"minecraft:bamboo_block":5,"minecraft:chainmail_helmet":1,"minecraft:coal":59,"minecraft:dried_kelp_block":2,"minecraft:ink_sac":4,"minecraft:golden_carrot":3,"minecraft:wooden_axe":1,"minecraft:rabbit":7,"minecraft:stripped_birch_log":2,"minecraft:brown_terracotta":2,"minecraft:pumpkin":19,"minecraft:mud":3,"minecraft:angler_pottery_sherd":10,"minecraft:string":4,"minecraft:lily_pad":5,"minecraft:spruce_sapling":3,"minecraft:moss_carpet":4,"minecraft:green_terracotta":12,"minecraft:stone_sword":1,"minecraft:stone_shovel":1,"minecraft:chicken":9,"minecraft:white_carpet":2,"minecraft:clay_ball":52,"minecraft:glow_lichen":2,"minecraft:white_terracotta":3,"minecraft:budding_amethyst":1,"minecraft:pumpkin_seeds":3,"minecraft:big_dripleaf":1,"minecraft:cobblestone_slab":64,"minecraft:diamond_pickaxe":2,"minecraft:wooden_shovel":6,"minecraft:carved_pumpkin":1,"minecraft:bamboo":75,"minecraft:sandstone":5,"minecraft:bow":1,"minecraft:red_sand":4,"minecraft:dark_prismarine":1,"minecraft:cooked_rabbit":4,"minecraft:terracotta":6,"minecraft:moss_block":43,"minecraft:birch_planks":68,"minecraft:oak_log":83,"minecraft:birch_slab":5,"minecraft:cod":1,"minecraft:flint":1,"minecraft:cyan_terracotta":1,"minecraft:dark_oak_log":6,"minecraft:mutton":1,"minecraft:snowball":195,"minecraft:axolotl_bucket":2,"minecraft:birch_log":2,"minecraft:gold_ingot":4,"minecraft:honeycomb_block":7,"minecraft:gravel":11,"minecraft:pink_terracotta":10,"minecraft:music_disc_otherside":1,"minecraft:cherry_sapling":2,"minecraft:prismarine":16,"minecraft:cooked_mutton":36,"minecraft:carrot":2,"minecraft:trident":1,"minecraft:gunpowder":12,"minecraft:melon_seeds":7,"minecraft:blade_pottery_sherd":1,"minecraft:chest":28,"minecraft:arrow":35,"minecraft:prismarine_bricks":3,"minecraft:stone_hoe":3,"minecraft:bread":7,"minecraft:oak_slab":164,"minecraft:cherry_log":2,"minecraft:mossy_cobblestone":5,"minecraft:minecart":1,"minecraft:prismarine_shard":6,"minecraft:lead":2,"minecraft:amethyst_block":25,"minecraft:frogspawn":2,"minecraft:copper_ingot":1,"minecraft:tropical_fish":1,"minecraft:grass_block":1,"minecraft:stick":2468,"minecraft:milk_bucket":1,"minecraft:diorite":9,"minecraft:torch":18,"minecraft:melon_slice":69,"minecraft:flowering_azalea":2,"minecraft:iron_axe":3,"minecraft:raw_iron_block":1,"minecraft:cactus":3,"minecraft:bucket":1,"minecraft:redstone":10,"minecraft:sweet_berries":212,"minecraft:oak_trapdoor":4,"minecraft:raw_copper":123,"minecraft:tuff":10,"minecraft:raw_iron":10,"minecraft:iron_hoe":1,"minecraft:andesite":26,"minecraft:oak_sapling":78,"minecraft:spruce_log":4,"minecraft:stone_pickaxe":21,"minecraft:wooden_pickaxe":2,"minecraft:raw_gold":21,"minecraft:music_disc_mellohi":1,"minecraft:dead_brain_coral_block":2,"minecraft:calcite":11,"minecraft:amethyst_cluster":2},"minecraft:killed_by":{"minecraft:magma_cube":1,"minecraft:stray":1,"minecraft:elder_guardian":1,"minecraft:player":7},"minecraft:killed":{"minecraft:cave_spider":1,"minecraft:shulker":1,"minecraft:skeleton":17,"minecraft:guardian":5,"minecraft:fox":4,"minecraft:chicken":130,"minecraft:tropical_fish":1,"minecraft:magma_cube":51,"minecraft:salmon":1,"minecraft:pillager":5,"minecraft:zombie":25,"minecraft:glow_squid":2,"minecraft:cow":2,"minecraft:vindicator":6,"minecraft:zoglin":3,"minecraft:husk":15,"minecraft:rabbit":6,"minecraft:wandering_trader":6,"minecraft:frog":4,"minecraft:polar_bear":2,"minecraft:zombified_piglin":1,"minecraft:witch":8,"minecraft:spider":23,"minecraft:bee":3,"minecraft:silverfish":1,"minecraft:turtle":3,"minecraft:camel":1,"minecraft:wolf":2,"minecraft:pig":32,"minecraft:zombie_villager":4,"minecraft:creeper":7,"minecraft:sheep":57,"minecraft:trader_llama":4,"minecraft:mooshroom":2,"minecraft:stray":6,"minecraft:blaze":3,"minecraft:vex":3,"minecraft:slime":6,"minecraft:drowned":6,"minecraft:hoglin":1},"minecraft:broken":{"minecraft:wooden_shovel":2,"minecraft:iron_sword":1,"minecraft:iron_axe":9,"minecraft:iron_pickaxe":7,"minecraft:iron_helmet":3,"minecraft:golden_helmet":1,"minecraft:iron_shovel":6,"minecraft:stone_axe":5,"minecraft:wooden_axe":1,"minecraft:leather_chestplate":2},"minecraft:crafted":{"minecraft:oak_pressure_plate":1,"minecraft:blaze_powder":4,"minecraft:birch_slab":78,"minecraft:lever":2,"minecraft:bookshelf":2,"minecraft:cooked_mutton":96,"minecraft:glass":64,"minecraft:stone_pressure_plate":1,"minecraft:cooked_rabbit":9,"minecraft:wooden_shovel":2,"minecraft:emerald":162,"minecraft:cooked_porkchop":53,"minecraft:copper_ingot":64,"minecraft:fletching_table":1,"minecraft:lectern":2,"minecraft:iron_pickaxe":12,"minecraft:iron_block":9,"minecraft:gold_ingot":113,"minecraft:stone_shovel":1,"minecraft:bone_meal":108,"minecraft:white_carpet":12,"minecraft:detector_rail":6,"minecraft:spruce_slab":18,"minecraft:stone_pickaxe":13,"minecraft:dark_oak_planks":184,"minecraft:golden_helmet":1,"minecraft:wheat":99,"minecraft:enchanted_book":5,"minecraft:jungle_slab":6,"minecraft:wooden_axe":2,"minecraft:birch_trapdoor":8,"minecraft:iron_shovel":7,"minecraft:white_bed":8,"minecraft:oak_planks":5513,"minecraft:cobblestone_slab":1854,"minecraft:cooked_chicken":134,"minecraft:stone":16,"minecraft:hopper":1,"minecraft:bow":3,"minecraft:chest":2,"minecraft:oak_button":1,"minecraft:stone_hoe":1,"minecraft:oak_fence":27,"minecraft:dropper":1,"minecraft:oak_slab":5675,"minecraft:arrow":90,"minecraft:cauldron":2,"minecraft:crafting_table":6,"minecraft:spruce_planks":108,"minecraft:wooden_pickaxe":1,"minecraft:birch_planks":116,"minecraft:dark_oak_slab":24,"minecraft:book":7,"minecraft:paper":6,"minecraft:diamond_pickaxe":1,"minecraft:shield":3,"minecraft:stick":5502,"minecraft:iron_ingot":256,"minecraft:snow_block":86,"minecraft:shears":1,"minecraft:cherry_planks":12,"minecraft:raw_iron":36,"minecraft:furnace":1,"minecraft:dark_oak_trapdoor":4,"minecraft:raw_copper_block":102,"minecraft:oak_trapdoor":10,"minecraft:flint_and_steel":1,"minecraft:scaffolding":12,"minecraft:iron_axe":10,"minecraft:minecart":2,"minecraft:cooked_beef":4,"minecraft:powered_rail":6,"minecraft:iron_sword":5,"minecraft:mangrove_planks":136,"minecraft:bucket":7,"minecraft:stone_axe":5,"minecraft:air":0,"minecraft:bread":115,"minecraft:jungle_planks":4,"minecraft:oak_boat":1,"minecraft:raw_gold":45,"minecraft:acacia_planks":72,"minecraft:torch":228,"minecraft:clay":19,"minecraft:lapis_block":70}},"DataVersion":3700}