{"stats":{"minecraft:mined":{"minecraft:white_bed":5,"minecraft:jungle_leaves":3,"minecraft:carved_pumpkin":2,"minecraft:granite":40,"minecraft:budding_amethyst":17,"minecraft:red_sand":50,"minecraft:acacia_log":12,"minecraft:grass_block":170,"minecraft:dead_tube_coral_block":1,"minecraft:jungle_log":8,"minecraft:deepslate_bricks":52,"minecraft:tube_coral_block":3,"minecraft:bamboo_block":11,"minecraft:raw_iron_block":3,"minecraft:iron_ore":56,"minecraft:cobbled_deepslate":11,"minecraft:pumpkin":129,"minecraft:fletching_table":1,"minecraft:deepslate_lapis_ore":18,"minecraft:brain_coral_block":8,"minecraft:spruce_slab":30,"minecraft:gray_terracotta":7,"minecraft:cyan_terracotta":9,"minecraft:orange_terracotta":9,"minecraft:powder_snow":14,"minecraft:clay":60,"minecraft:torch":22,"minecraft:light_gray_terracotta":8,"minecraft:calcite":72,"minecraft:melon":32,"minecraft:chest":45,"minecraft:glass":11,"minecraft:cobblestone":21,"minecraft:sugar_cane":2,"minecraft:prismarine":45,"minecraft:wall_torch":3,"minecraft:amethyst_block":96,"minecraft:deepslate_copper_ore":42,"minecraft:birch_sapling":1,"minecraft:white_terracotta":29,"minecraft:blue_terracotta":7,"minecraft:dark_oak_slab":43,"minecraft:birch_log":31,"minecraft:wheat":413,"minecraft:blue_ice":8,"minecraft:pumpkin_stem":6,"minecraft:oak_log":693,"minecraft:lime_terracotta":4,"minecraft:sand":104,"minecraft:dirt":204,"minecraft:smooth_basalt":26,"minecraft:raw_copper_block":3,"minecraft:oak_leaves":182,"minecraft:deepslate":120,"minecraft:yellow_terracotta":11,"minecraft:suspicious_gravel":50,"minecraft:attached_pumpkin_stem":1,"minecraft:dark_prismarine":29,"minecraft:deepslate_tiles":19,"minecraft:diamond_ore":5,"minecraft:tuff":38,"minecraft:mossy_cobblestone":13,"minecraft:deepslate_diamond_ore":12,"minecraft:candle":1,"minecraft:dark_oak_log":9,"minecraft:sea_lantern":21,"minecraft:spruce_fence":2,"minecraft:birch_slab":67,"minecraft:rooted_dirt":20,"minecraft:sandstone":52,"minecraft:moss_block":91,"minecraft:hay_block":9,"minecraft:redstone_ore":9,"minecraft:oak_trapdoor":12,"minecraft:furnace":1,"minecraft:carrots":29,"minecraft:raw_gold_block":5,"minecraft:red_sandstone":17,"minecraft:snow":456,"minecraft:andesite":50,"minecraft:suspicious_sand":12,"minecraft:green_terracotta":9,"minecraft:dead_horn_coral_block":3,"minecraft:deepslate_iron_ore":34,"minecraft:packed_ice":17,"minecraft:bamboo":30,"minecraft:stone":164,"minecraft:white_wool":2,"minecraft:podzol":35,"minecraft:oak_slab":103,"minecraft:snow_block":68,"minecraft:oak_fence":24,"minecraft:crafting_table":8,"minecraft:emerald_ore":10,"minecraft:dropper":1,"minecraft:lectern":123,"minecraft:copper_ore":93,"minecraft:deepslate_coal_ore":25,"minecraft:dried_kelp_block":4,"minecraft:lapis_ore":12,"minecraft:deepslate_gold_ore":34,"minecraft:diorite":74,"minecraft:prismarine_bricks":43,"minecraft:red_terracotta":6,"minecraft:sweet_berry_bush":4,"minecraft:ice":2,"minecraft:white_carpet":2,"minecraft:spruce_log":16,"minecraft:dead_brain_coral_block":2,"minecraft:coal_ore":35,"minecraft:gravel":95,"minecraft:dripstone_block":65,"minecraft:brown_terracotta":8,"minecraft:terracotta":21,"minecraft:gold_ore":23},"minecraft:used":{"minecraft:writable_book":1,"minecraft:iron_shovel":1036,"minecraft:spruce_slab":40,"minecraft:chest":31,"minecraft:shield":18,"minecraft:iron_sword":521,"minecraft:green_terracotta":2,"minecraft:carrot":33,"minecraft:snowball":75,"minecraft:milk_bucket":4,"minecraft:glass":23,"minecraft:birch_sapling":1,"minecraft:dark_oak_slab":62,"minecraft:bow":33,"minecraft:sweet_berries":51,"minecraft:oak_sapling":203,"minecraft:furnace":2,"minecraft:egg":29,"minecraft:dropper":2,"minecraft:stone_pickaxe":39,"minecraft:wooden_pickaxe":9,"minecraft:leather_chestplate":1,"minecraft:white_wool":2,"minecraft:sand":5,"minecraft:pumpkin_seeds":16,"minecraft:lever":1,"minecraft:melon_slice":49,"minecraft:birch_slab":94,"minecraft:bread":5,"minecraft:lectern":124,"minecraft:cooked_rabbit":5,"minecraft:ice":1,"minecraft:oak_fence":39,"minecraft:oak_trapdoor":17,"minecraft:bone_meal":97,"minecraft:trident":1,"minecraft:flint_and_steel":3,"minecraft:stone_shovel":13,"minecraft:redstone":2,"minecraft:wooden_shovel":153,"minecraft:cooked_chicken":4,"minecraft:stone_hoe":82,"minecraft:torch":116,"minecraft:dirt":397,"minecraft:white_carpet":9,"minecraft:hopper":1,"minecraft:spruce_fence":2,"minecraft:iron_hoe":16,"minecraft:wooden_axe":102,"minecraft:iron_axe":1610,"minecraft:melon_seeds":2,"minecraft:bamboo":23,"minecraft:cooked_beef":1,"minecraft:pumpkin":1,"minecraft:wheat_seeds":476,"minecraft:cooked_mutton":54,"minecraft:water_bucket":35,"minecraft:fletching_table":1,"minecraft:oak_slab":3354,"minecraft:crafting_table":9,"minecraft:white_bed":11,"minecraft:oak_log":7,"minecraft:gray_terracotta":1,"minecraft:iron_pickaxe":1822,"minecraft:cobblestone":13,"minecraft:cooked_porkchop":3,"minecraft:bucket":39,"minecraft:candle":8},"minecraft:picked_up":{"minecraft:seagrass":3,"minecraft:wheat":421,"minecraft:prismarine_shard":10,"minecraft:lead":5,"minecraft:enchanted_book":1,"minecraft:amethyst_block":103,"minecraft:string":30,"minecraft:dead_tube_coral_block":4,"minecraft:raw_copper":493,"minecraft:explorer_pottery_sherd":1,"minecraft:deepslate_tiles":10,"minecraft:red_sand":38,"minecraft:cobbled_deepslate":98,"minecraft:bucket":1,"minecraft:calcite":74,"minecraft:wooden_shovel":4,"minecraft:iron_pickaxe":5,"minecraft:melon_slice":185,"minecraft:furnace":1,"minecraft:tipped_arrow":3,"minecraft:golden_helmet":1,"minecraft:stick":222,"minecraft:sheaf_pottery_sherd":8,"minecraft:big_dripleaf":4,"minecraft:brown_terracotta":6,"minecraft:oak_fence":30,"minecraft:torch":62,"minecraft:acacia_log":9,"minecraft:porkchop":63,"minecraft:diorite":83,"minecraft:green_terracotta":17,"minecraft:rabbit_foot":1,"minecraft:bamboo_block":7,"minecraft:stone_sword":1,"minecraft:horn_coral_fan":2,"minecraft:rotten_flesh":46,"minecraft:tropical_fish":5,"minecraft:carved_pumpkin":1,"minecraft:cyan_terracotta":4,"minecraft:wolf_spawn_egg":1,"minecraft:white_terracotta":37,"minecraft:cod":3,"minecraft:snowball":613,"minecraft:cobblestone":175,"minecraft:birch_log":30,"minecraft:leather_chestplate":2,"minecraft:feather":41,"minecraft:cooked_beef":1,"minecraft:jungle_log":8,"minecraft:birch_slab":72,"minecraft:water_bucket":6,"minecraft:andesite":119,"minecraft:flint":7,"minecraft:tuff":38,"minecraft:prismarine_bricks":41,"minecraft:lapis_lazuli":215,"minecraft:stripped_birch_log":4,"minecraft:dirt":758,"minecraft:disc_fragment_5":3,"minecraft:bone":33,"minecraft:bow":5,"minecraft:gray_terracotta":1,"minecraft:wheat_seeds":1355,"minecraft:raw_gold":36,"minecraft:fletching_table":1,"minecraft:rabbit":22,"minecraft:glowstone_dust":3,"minecraft:bamboo":169,"minecraft:moss_block":139,"minecraft:prismarine":53,"minecraft:stone_hoe":3,"minecraft:oak_planks":5,"minecraft:cooked_porkchop":19,"minecraft:dropper":1,"minecraft:sand":83,"minecraft:ink_sac":16,"minecraft:dark_oak_log":6,"minecraft:red_terracotta":7,"minecraft:mossy_cobblestone":9,"minecraft:dark_prismarine":43,"minecraft:iron_hoe":3,"minecraft:light_gray_terracotta":5,"minecraft:blue_terracotta":6,"minecraft:sugar":2,"minecraft:diamond":24,"minecraft:angler_pottery_sherd":15,"minecraft:writable_book":10,"minecraft:dead_brain_coral_block":11,"minecraft:crossbow":1,"minecraft:granite":41,"minecraft:bone_meal":6,"minecraft:chainmail_helmet":1,"minecraft:emerald":11,"minecraft:rooted_dirt":35,"minecraft:oak_sapling":295,"minecraft:diamond_pickaxe":3,"minecraft:shelter_pottery_sherd":5,"minecraft:crafting_table":9,"minecraft:chicken":30,"minecraft:clay_ball":192,"minecraft:wooden_pickaxe":1,"minecraft:dead_horn_coral_block":3,"minecraft:shield":4,"minecraft:oak_trapdoor":15,"minecraft:iron_axe":6,"minecraft:flint_and_steel":1,"minecraft:white_carpet":2,"minecraft:iron_shovel":6,"minecraft:candle":5,"minecraft:music_disc_otherside":2,"minecraft:beef":12,"minecraft:jungle_sapling":4,"minecraft:spruce_slab":29,"minecraft:lectern":123,"minecraft:sugar_cane":4,"minecraft:chest":76,"minecraft:birch_sapling":5,"minecraft:egg":90,"minecraft:raw_iron":83,"minecraft:sandstone":34,"minecraft:raw_gold_block":10,"minecraft:music_disc_relic":1,"minecraft:copper_ingot":1,"minecraft:music_disc_mellohi":2,"minecraft:spruce_fence":2,"minecraft:skull_pottery_sherd":5,"minecraft:trident":4,"minecraft:carrot":131,"minecraft:redstone":62,"minecraft:prismarine_crystals":43,"minecraft:arrow":48,"minecraft:tube_coral_fan":1,"minecraft:deepslate_bricks":32,"minecraft:hay_block":5,"minecraft:yellow_terracotta":12,"minecraft:mutton":96,"minecraft:rail":8,"minecraft:white_wool":77,"minecraft:golden_carrot":6,"minecraft:glow_ink_sac":10,"minecraft:salmon":2,"minecraft:leather":9,"minecraft:red_mushroom":4,"minecraft:birch_planks":102,"minecraft:oak_log":699,"minecraft:gunpowder":14,"minecraft:heart_pottery_sherd":4,"minecraft:paper":2,"minecraft:orange_terracotta":6,"minecraft:cooked_mutton":33,"minecraft:apple":39,"minecraft:kelp":1,"minecraft:red_sandstone":14,"minecraft:creeper_spawn_egg":1,"minecraft:rabbit_hide":3,"minecraft:spore_blossom":2,"minecraft:iron_ingot":43,"minecraft:music_disc_far":2,"minecraft:stone_pickaxe":9,"minecraft:blade_pottery_sherd":1,"minecraft:glass_bottle":3,"minecraft:iron_sword":5,"minecraft:flowering_azalea":5,"minecraft:book":2,"minecraft:sculk_catalyst":2,"minecraft:oak_slab":211,"minecraft:smooth_basalt":13,"minecraft:dark_oak_slab":64,"minecraft:pumpkin":138,"minecraft:sweet_berries":463,"minecraft:budding_amethyst":1,"minecraft:raw_iron_block":3,"minecraft:dripstone_block":40,"minecraft:gravel":119,"minecraft:dead_fire_coral_block":5,"minecraft:amethyst_shard":1,"minecraft:spruce_sapling":1,"minecraft:white_bed":5,"minecraft:spruce_log":13,"minecraft:spider_eye":9,"minecraft:leather_helmet":1,"minecraft:pumpkin_seeds":10,"minecraft:dried_kelp_block":6,"minecraft:stone_axe":3,"minecraft:dead_bubble_coral_block":2,"minecraft:iron_helmet":3,"minecraft:terracotta":19,"minecraft:melon_seeds":1,"minecraft:coal":94},"minecraft:custom":{"minecraft:animals_bred":135,"minecraft:interact_with_crafting_table":182,"minecraft:leave_game":6,"minecraft:time_since_death":67091,"minecraft:sprint_one_cm":883338,"minecraft:damage_blocked_by_shield":271,"minecraft:drop":632,"minecraft:talked_to_villager":227,"minecraft:play_time":714349,"minecraft:deaths":7,"minecraft:jump":6587,"minecraft:walk_on_water_one_cm":2847,"minecraft:interact_with_furnace":112,"minecraft:traded_with_villager":45,"minecraft:damage_dealt":41699,"minecraft:player_kills":8,"minecraft:crouch_one_cm":327851,"minecraft:horse_one_cm":1833,"minecraft:inspect_dropper":1,"minecraft:mob_kills":269,"minecraft:damage_dealt_resisted":196,"minecraft:walk_one_cm":1721694,"minecraft:sneak_time":72435,"minecraft:walk_under_water_one_cm":4062,"minecraft:total_world_time":714349,"minecraft:time_since_rest":67122,"minecraft:damage_taken":6861,"minecraft:fly_one_cm":981174,"minecraft:open_chest":1678,"minecraft:fall_one_cm":100096},"minecraft:dropped":{"minecraft:iron_sword":2,"minecraft:moss_block":34,"minecraft:birch_planks":68,"minecraft:lapis_lazuli":62,"minecraft:cooked_beef":1,"minecraft:oak_log":78,"minecraft:glow_ink_sac":6,"minecraft:glass_bottle":1,"minecraft:diamond":12,"minecraft:spore_blossom":2,"minecraft:cooked_porkchop":17,"minecraft:crossbow":1,"minecraft:rooted_dirt":20,"minecraft:rail":3,"minecraft:leather_helmet":1,"minecraft:birch_slab":5,"minecraft:red_mushroom":2,"minecraft:cod":1,"minecraft:flint":1,"minecraft:cyan_terracotta":1,"minecraft:dirt":236,"minecraft:dark_oak_log":6,"minecraft:snowball":187,"minecraft:writable_book":7,"minecraft:wooden_sword":1,"minecraft:bone_meal":7,"minecraft:axolotl_bucket":2,"minecraft:sand":15,"minecraft:sugar":2,"minecraft:birch_log":2,"minecraft:white_wool":8,"minecraft:bone":1,"minecraft:gravel":11,"minecraft:stone_axe":2,"minecraft:cobbled_deepslate":27,"minecraft:music_disc_otherside":1,"minecraft:wheat":9,"minecraft:birch_sapling":2,"minecraft:rotten_flesh":20,"minecraft:oak_planks":3,"minecraft:prismarine":15,"minecraft:music_disc_far":1,"minecraft:cooked_mutton":36,"minecraft:carrot":2,"minecraft:dead_fire_coral_block":1,"minecraft:salmon":3,"minecraft:tipped_arrow":3,"minecraft:gunpowder":12,"minecraft:trident":1,"minecraft:blade_pottery_sherd":1,"minecraft:melon_seeds":5,"minecraft:chest":25,"minecraft:heart_pottery_sherd":4,"minecraft:arrow":16,"minecraft:beef":2,"minecraft:prismarine_bricks":3,"minecraft:egg":29,"minecraft:stone_hoe":3,"minecraft:bread":3,"minecraft:iron_ingot":6,"minecraft:wolf_spawn_egg":1,"minecraft:oak_slab":73,"minecraft:wheat_seeds":547,"minecraft:mossy_cobblestone":4,"minecraft:prismarine_shard":6,"minecraft:book":1,"minecraft:yellow_terracotta":6,"minecraft:oak_fence":3,"minecraft:feather":21,"minecraft:cobblestone":12,"minecraft:prismarine_crystals":6,"minecraft:apple":6,"minecraft:amethyst_block":11,"minecraft:granite":5,"minecraft:explorer_pottery_sherd":1,"minecraft:copper_ingot":1,"minecraft:tropical_fish":1,"minecraft:bamboo_block":4,"minecraft:chainmail_helmet":1,"minecraft:coal":30,"minecraft:stick":27,"minecraft:dried_kelp_block":2,"minecraft:milk_bucket":1,"minecraft:diorite":8,"minecraft:golden_carrot":3,"minecraft:ink_sac":4,"minecraft:torch":18,"minecraft:wooden_axe":1,"minecraft:melon_slice":48,"minecraft:rabbit":7,"minecraft:brown_terracotta":2,"minecraft:stripped_birch_log":2,"minecraft:pumpkin":19,"minecraft:flowering_azalea":2,"minecraft:iron_axe":1,"minecraft:raw_iron_block":1,"minecraft:angler_pottery_sherd":10,"minecraft:cactus":3,"minecraft:string":4,"minecraft:spruce_sapling":3,"minecraft:sweet_berries":185,"minecraft:oak_trapdoor":4,"minecraft:green_terracotta":12,"minecraft:stone_sword":1,"minecraft:raw_copper":103,"minecraft:tuff":10,"minecraft:raw_iron":8,"minecraft:stone_shovel":1,"minecraft:chicken":9,"minecraft:white_carpet":2,"minecraft:clay_ball":32,"minecraft:iron_hoe":1,"minecraft:white_terracotta":3,"minecraft:glow_lichen":2,"minecraft:budding_amethyst":1,"minecraft:pumpkin_seeds":3,"minecraft:big_dripleaf":1,"minecraft:andesite":21,"minecraft:oak_sapling":51,"minecraft:wooden_shovel":6,"minecraft:carved_pumpkin":1,"minecraft:bamboo":9,"minecraft:spruce_log":4,"minecraft:sandstone":5,"minecraft:red_sand":4,"minecraft:stone_pickaxe":11,"minecraft:wooden_pickaxe":2,"minecraft:raw_gold":14,"minecraft:music_disc_mellohi":1,"minecraft:dead_brain_coral_block":2,"minecraft:calcite":11,"minecraft:cooked_rabbit":4,"minecraft:amethyst_cluster":2,"minecraft:terracotta":6},"minecraft:killed_by":{"minecraft:elder_guardian":1,"minecraft:player":3,"minecraft:stray":1},"minecraft:killed":{"minecraft:cave_spider":1,"minecraft:witch":8,"minecraft:spider":22,"minecraft:shulker":1,"minecraft:skeleton":17,"minecraft:guardian":5,"minecraft:fox":4,"minecraft:chicken":13,"minecraft:silverfish":1,"minecraft:turtle":3,"minecraft:camel":1,"minecraft:tropical_fish":1,"minecraft:wolf":2,"minecraft:pig":32,"minecraft:salmon":1,"minecraft:creeper":6,"minecraft:sheep":57,"minecraft:trader_llama":2,"minecraft:pillager":5,"minecraft:zombie":24,"minecraft:mooshroom":2,"minecraft:stray":6,"minecraft:glow_squid":2,"minecraft:cow":2,"minecraft:vex":3,"minecraft:vindicator":6,"minecraft:drowned":6,"minecraft:husk":15,"minecraft:rabbit":6,"minecraft:wandering_trader":4,"minecraft:polar_bear":2},"minecraft:broken":{"minecraft:iron_shovel":6,"minecraft:wooden_shovel":2,"minecraft:iron_sword":1,"minecraft:wooden_axe":1,"minecraft:leather_chestplate":2,"minecraft:iron_axe":6,"minecraft:iron_pickaxe":6,"minecraft:iron_helmet":3},"minecraft:crafted":{"minecraft:oak_planks":2164,"minecraft:cooked_chicken":23,"minecraft:birch_slab":78,"minecraft:lever":1,"minecraft:bookshelf":1,"minecraft:cooked_mutton":85,"minecraft:glass":64,"minecraft:hopper":1,"minecraft:bow":3,"minecraft:chest":2,"minecraft:oak_button":1,"minecraft:stone_hoe":1,"minecraft:oak_fence":27,"minecraft:cooked_rabbit":9,"minecraft:dropper":1,"minecraft:oak_slab":3294,"minecraft:wooden_shovel":2,"minecraft:arrow":24,"minecraft:emerald":41,"minecraft:cooked_porkchop":53,"minecraft:crafting_table":5,"minecraft:spruce_planks":108,"minecraft:wooden_pickaxe":1,"minecraft:fletching_table":1,"minecraft:birch_planks":88,"minecraft:lectern":1,"minecraft:dark_oak_slab":24,"minecraft:book":2,"minecraft:diamond_pickaxe":1,"minecraft:shield":2,"minecraft:stick":1364,"minecraft:iron_ingot":184,"minecraft:iron_pickaxe":7,"minecraft:iron_block":9,"minecraft:snow_block":86,"minecraft:gold_ingot":113,"minecraft:shears":1,"minecraft:raw_iron":36,"minecraft:stone_shovel":1,"minecraft:furnace":1,"minecraft:bone_meal":108,"minecraft:white_carpet":12,"minecraft:raw_copper_block":74,"minecraft:oak_trapdoor":8,"minecraft:flint_and_steel":1,"minecraft:iron_axe":7,"minecraft:spruce_slab":18,"minecraft:stone_pickaxe":3,"minecraft:dark_oak_planks":172,"minecraft:cooked_beef":4,"minecraft:iron_sword":3,"minecraft:bucket":5,"minecraft:stone_axe":1,"minecraft:enchanted_book":1,"minecraft:jungle_planks":4,"minecraft:bread":32,"minecraft:air":0,"minecraft:raw_gold":45,"minecraft:wooden_axe":2,"minecraft:iron_shovel":6,"minecraft:white_bed":6,"minecraft:acacia_planks":72,"minecraft:torch":96,"minecraft:lapis_block":48,"minecraft:clay":19}},"DataVersion":3700}