{"stats":{"minecraft:crafted":{"minecraft:oak_planks":228,"minecraft:raw_iron":18,"minecraft:stone_shovel":1,"minecraft:furnace":1,"minecraft:bone_meal":3,"minecraft:cooked_mutton":2,"minecraft:iron_axe":1,"minecraft:spruce_slab":6,"minecraft:stone_pickaxe":3,"minecraft:stone_hoe":1,"minecraft:cooked_rabbit":2,"minecraft:cooked_beef":3,"minecraft:oak_slab":366,"minecraft:wooden_shovel":2,"minecraft:crafting_table":1,"minecraft:spruce_planks":8,"minecraft:wooden_pickaxe":1,"minecraft:iron_sword":1,"minecraft:birch_planks":48,"minecraft:stone_axe":1,"minecraft:air":0,"minecraft:shield":1,"minecraft:raw_gold":45,"minecraft:stick":36,"minecraft:iron_ingot":36,"minecraft:iron_pickaxe":2,"minecraft:wooden_axe":2,"minecraft:iron_shovel":2,"minecraft:gold_ingot":4,"minecraft:torch":20},"minecraft:broken":{"minecraft:wooden_shovel":2,"minecraft:iron_pickaxe":1,"minecraft:wooden_axe":1},"minecraft:dropped":{"minecraft:oak_slab":73,"minecraft:birch_planks":68,"minecraft:oak_log":17,"minecraft:oak_fence":1,"minecraft:feather":2,"minecraft:book":1,"minecraft:apple":3,"minecraft:granite":2,"minecraft:rail":3,"minecraft:coal":6,"minecraft:red_mushroom":2,"minecraft:stick":12,"minecraft:dirt":91,"minecraft:milk_bucket":1,"minecraft:golden_carrot":3,"minecraft:ink_sac":4,"minecraft:wooden_axe":1,"minecraft:rabbit":7,"minecraft:melon_slice":37,"minecraft:snowball":72,"minecraft:stripped_birch_log":2,"minecraft:wooden_sword":1,"minecraft:pumpkin":4,"minecraft:flowering_azalea":2,"minecraft:string":4,"minecraft:spruce_sapling":3,"minecraft:bone":1,"minecraft:stone_axe":1,"minecraft:music_disc_otherside":1,"minecraft:stone_shovel":1,"minecraft:rotten_flesh":6,"minecraft:clay_ball":4,"minecraft:oak_planks":1,"minecraft:cooked_mutton":2,"minecraft:tipped_arrow":2,"minecraft:wooden_shovel":6,"minecraft:chest":11,"minecraft:arrow":1,"minecraft:wooden_pickaxe":2,"minecraft:stone_pickaxe":7,"minecraft:beef":1,"minecraft:calcite":1,"minecraft:egg":4},"minecraft:killed":{"minecraft:spider":10,"minecraft:rabbit":6,"minecraft:sheep":2,"minecraft:zombie":4,"minecraft:mooshroom":2,"minecraft:stray":5,"minecraft:cow":1},"minecraft:killed_by":{"minecraft:stray":1},"minecraft:custom":{"minecraft:mob_kills":33,"minecraft:animals_bred":1,"minecraft:interact_with_crafting_table":40,"minecraft:leave_game":2,"minecraft:time_since_death":7874,"minecraft:sprint_one_cm":44652,"minecraft:walk_one_cm":192254,"minecraft:damage_blocked_by_shield":77,"minecraft:drop":95,"minecraft:play_time":108599,"minecraft:deaths":3,"minecraft:sneak_time":14885,"minecraft:walk_under_water_one_cm":1822,"minecraft:jump":511,"minecraft:walk_on_water_one_cm":672,"minecraft:total_world_time":108599,"minecraft:interact_with_furnace":25,"minecraft:time_since_rest":7908,"minecraft:damage_taken":1238,"minecraft:damage_dealt":5602,"minecraft:player_kills":3,"minecraft:fly_one_cm":52459,"minecraft:open_chest":227,"minecraft:crouch_one_cm":48598,"minecraft:fall_one_cm":3681},"minecraft:mined":{"minecraft:granite":28,"minecraft:grass_block":151,"minecraft:raw_iron_block":2,"minecraft:furnace":1,"minecraft:raw_gold_block":5,"minecraft:iron_ore":31,"minecraft:snow":13,"minecraft:andesite":30,"minecraft:pumpkin":3,"minecraft:packed_ice":13,"minecraft:stone":108,"minecraft:spruce_slab":5,"minecraft:podzol":32,"minecraft:gray_terracotta":7,"minecraft:oak_slab":21,"minecraft:snow_block":39,"minecraft:powder_snow":12,"minecraft:clay":21,"minecraft:crafting_table":2,"minecraft:calcite":27,"minecraft:melon":10,"minecraft:chest":23,"minecraft:copper_ore":40,"minecraft:diorite":36,"minecraft:amethyst_block":33,"minecraft:white_terracotta":19,"minecraft:blue_terracotta":3,"minecraft:birch_log":23,"minecraft:wheat":3,"minecraft:blue_ice":1,"minecraft:ice":1,"minecraft:spruce_log":5,"minecraft:oak_log":61,"minecraft:coal_ore":14,"minecraft:dripstone_block":4,"minecraft:gravel":53,"minecraft:dirt":53,"minecraft:smooth_basalt":13,"minecraft:terracotta":5,"minecraft:gold_ore":8,"minecraft:oak_leaves":2,"minecraft:suspicious_gravel":13},"minecraft:used":{"minecraft:iron_shovel":161,"minecraft:spruce_slab":9,"minecraft:stone_shovel":13,"minecraft:chest":18,"minecraft:shield":12,"minecraft:iron_sword":76,"minecraft:wooden_shovel":153,"minecraft:stone_hoe":22,"minecraft:torch":10,"minecraft:dirt":65,"minecraft:snowball":47,"minecraft:milk_bucket":3,"minecraft:wooden_axe":102,"minecraft:iron_axe":65,"minecraft:birch_sapling":1,"minecraft:bow":1,"minecraft:oak_sapling":4,"minecraft:furnace":2,"minecraft:pumpkin":1,"minecraft:wheat_seeds":19,"minecraft:water_bucket":15,"minecraft:stone_pickaxe":39,"minecraft:wooden_pickaxe":9,"minecraft:oak_slab":358,"minecraft:crafting_table":2,"minecraft:oak_log":1,"minecraft:gray_terracotta":1,"minecraft:melon_slice":22,"minecraft:iron_pickaxe":409,"minecraft:cooked_rabbit":2,"minecraft:bucket":14,"minecraft:bone_meal":16},"minecraft:picked_up":{"minecraft:crafting_table":3,"minecraft:wheat":6,"minecraft:clay_ball":92,"minecraft:wooden_pickaxe":1,"minecraft:shield":1,"minecraft:amethyst_block":52,"minecraft:iron_axe":1,"minecraft:string":18,"minecraft:raw_copper":213,"minecraft:music_disc_otherside":2,"minecraft:beef":11,"minecraft:calcite":35,"minecraft:wooden_shovel":4,"minecraft:iron_pickaxe":1,"minecraft:spruce_slab":5,"minecraft:melon_slice":64,"minecraft:chest":44,"minecraft:furnace":1,"minecraft:egg":10,"minecraft:tipped_arrow":2,"minecraft:sheaf_pottery_sherd":8,"minecraft:stick":19,"minecraft:raw_iron":35,"minecraft:raw_gold_block":10,"minecraft:music_disc_relic":1,"minecraft:oak_fence":2,"minecraft:torch":14,"minecraft:porkchop":1,"minecraft:diorite":59,"minecraft:arrow":9,"minecraft:rotten_flesh":8,"minecraft:white_terracotta":14,"minecraft:mutton":2,"minecraft:rail":8,"minecraft:snowball":140,"minecraft:white_wool":2,"minecraft:cobblestone":139,"minecraft:birch_log":26,"minecraft:golden_carrot":6,"minecraft:andesite":80,"minecraft:leather":5,"minecraft:red_mushroom":4,"minecraft:birch_planks":102,"minecraft:flint":3,"minecraft:oak_log":79,"minecraft:dirt":456,"minecraft:stripped_birch_log":4,"minecraft:paper":2,"minecraft:disc_fragment_5":3,"minecraft:bone":10,"minecraft:apple":6,"minecraft:gray_terracotta":1,"minecraft:bow":1,"minecraft:wheat_seeds":12,"minecraft:raw_gold":8,"minecraft:rabbit_hide":2,"minecraft:iron_ingot":36,"minecraft:stone_pickaxe":6,"minecraft:rabbit":22,"minecraft:iron_sword":1,"minecraft:oak_planks":1,"minecraft:flowering_azalea":3,"minecraft:book":2,"minecraft:oak_slab":93,"minecraft:smooth_basalt":7,"minecraft:pumpkin":12,"minecraft:dripstone_block":4,"minecraft:raw_iron_block":2,"minecraft:gravel":100,"minecraft:amethyst_shard":1,"minecraft:spruce_sapling":1,"minecraft:ink_sac":8,"minecraft:spruce_log":3,"minecraft:spider_eye":4,"minecraft:blue_terracotta":2,"minecraft:writable_book":1,"minecraft:granite":29,"minecraft:terracotta":2,"minecraft:oak_sapling":4,"minecraft:coal":31}},"DataVersion":3700}