{"stats":{"minecraft:crafted":{"minecraft:oak_planks":260,"minecraft:raw_iron":18,"minecraft:stone_shovel":1,"minecraft:cooked_chicken":1,"minecraft:furnace":1,"minecraft:bone_meal":21,"minecraft:cooked_mutton":2,"minecraft:iron_axe":1,"minecraft:spruce_slab":6,"minecraft:stone_pickaxe":3,"minecraft:stone_hoe":1,"minecraft:cooked_rabbit":9,"minecraft:cooked_beef":3,"minecraft:oak_slab":426,"minecraft:wooden_shovel":2,"minecraft:crafting_table":1,"minecraft:spruce_planks":8,"minecraft:wooden_pickaxe":1,"minecraft:iron_sword":1,"minecraft:birch_planks":48,"minecraft:stone_axe":1,"minecraft:bread":3,"minecraft:air":0,"minecraft:shield":1,"minecraft:raw_gold":45,"minecraft:stick":36,"minecraft:iron_ingot":36,"minecraft:iron_pickaxe":2,"minecraft:wooden_axe":2,"minecraft:iron_shovel":2,"minecraft:gold_ingot":46,"minecraft:torch":20},"minecraft:broken":{"minecraft:wooden_shovel":2,"minecraft:iron_pickaxe":1,"minecraft:wooden_axe":1},"minecraft:dropped":{"minecraft:bread":3,"minecraft:oak_slab":73,"minecraft:birch_planks":68,"minecraft:oak_log":17,"minecraft:oak_fence":1,"minecraft:feather":2,"minecraft:book":1,"minecraft:amethyst_block":2,"minecraft:apple":3,"minecraft:granite":2,"minecraft:rail":3,"minecraft:birch_slab":5,"minecraft:coal":10,"minecraft:red_mushroom":2,"minecraft:cod":1,"minecraft:stick":12,"minecraft:dirt":145,"minecraft:milk_bucket":1,"minecraft:golden_carrot":3,"minecraft:torch":14,"minecraft:ink_sac":4,"minecraft:wooden_axe":1,"minecraft:rabbit":7,"minecraft:melon_slice":37,"minecraft:snowball":130,"minecraft:stripped_birch_log":2,"minecraft:wooden_sword":1,"minecraft:pumpkin":4,"minecraft:flowering_azalea":2,"minecraft:string":4,"minecraft:spruce_sapling":3,"minecraft:bone":1,"minecraft:gravel":3,"minecraft:stone_axe":1,"minecraft:sweet_berries":2,"minecraft:music_disc_otherside":1,"minecraft:wheat":3,"minecraft:raw_iron":2,"minecraft:stone_shovel":1,"minecraft:rotten_flesh":6,"minecraft:clay_ball":12,"minecraft:oak_planks":3,"minecraft:cooked_mutton":2,"minecraft:tipped_arrow":3,"minecraft:wooden_shovel":6,"minecraft:chest":11,"minecraft:arrow":9,"minecraft:wooden_pickaxe":2,"minecraft:stone_pickaxe":7,"minecraft:beef":2,"minecraft:calcite":1,"minecraft:cooked_rabbit":4,"minecraft:egg":13},"minecraft:killed":{"minecraft:spider":10,"minecraft:wolf":2,"minecraft:rabbit":6,"minecraft:polar_bear":1,"minecraft:sheep":2,"minecraft:zombie":4,"minecraft:mooshroom":2,"minecraft:stray":6,"minecraft:cow":1},"minecraft:killed_by":{"minecraft:stray":1},"minecraft:custom":{"minecraft:mob_kills":37,"minecraft:animals_bred":3,"minecraft:interact_with_crafting_table":45,"minecraft:leave_game":3,"minecraft:time_since_death":34362,"minecraft:sprint_one_cm":80721,"minecraft:walk_one_cm":270002,"minecraft:damage_blocked_by_shield":117,"minecraft:drop":128,"minecraft:play_time":135087,"minecraft:deaths":3,"minecraft:sneak_time":16444,"minecraft:walk_under_water_one_cm":1822,"minecraft:jump":703,"minecraft:walk_on_water_one_cm":672,"minecraft:total_world_time":135087,"minecraft:interact_with_furnace":30,"minecraft:time_since_rest":34396,"minecraft:damage_taken":1605,"minecraft:damage_dealt":6688,"minecraft:player_kills":6,"minecraft:fly_one_cm":84933,"minecraft:open_chest":270,"minecraft:crouch_one_cm":55321,"minecraft:fall_one_cm":4517},"minecraft:mined":{"minecraft:dark_oak_log":1,"minecraft:granite":29,"minecraft:budding_amethyst":1,"minecraft:grass_block":156,"minecraft:raw_iron_block":2,"minecraft:furnace":1,"minecraft:raw_gold_block":5,"minecraft:iron_ore":33,"minecraft:snow":42,"minecraft:andesite":31,"minecraft:pumpkin":3,"minecraft:packed_ice":13,"minecraft:stone":118,"minecraft:spruce_slab":5,"minecraft:podzol":32,"minecraft:gray_terracotta":7,"minecraft:oak_slab":21,"minecraft:snow_block":66,"minecraft:powder_snow":14,"minecraft:clay":23,"minecraft:crafting_table":2,"minecraft:calcite":37,"minecraft:melon":12,"minecraft:chest":24,"minecraft:copper_ore":48,"minecraft:diorite":52,"minecraft:amethyst_block":41,"minecraft:white_terracotta":21,"minecraft:blue_terracotta":3,"minecraft:sweet_berry_bush":2,"minecraft:birch_log":24,"minecraft:wheat":15,"minecraft:blue_ice":7,"minecraft:ice":1,"minecraft:spruce_log":6,"minecraft:oak_log":69,"minecraft:coal_ore":16,"minecraft:dripstone_block":7,"minecraft:gravel":64,"minecraft:dirt":74,"minecraft:smooth_basalt":13,"minecraft:terracotta":9,"minecraft:raw_copper_block":3,"minecraft:gold_ore":9,"minecraft:oak_leaves":5,"minecraft:suspicious_gravel":21},"minecraft:used":{"minecraft:iron_shovel":257,"minecraft:spruce_slab":9,"minecraft:stone_shovel":13,"minecraft:chest":18,"minecraft:shield":13,"minecraft:iron_sword":90,"minecraft:cooked_chicken":1,"minecraft:wooden_shovel":153,"minecraft:stone_hoe":22,"minecraft:torch":10,"minecraft:dirt":89,"minecraft:snowball":68,"minecraft:milk_bucket":3,"minecraft:wooden_axe":102,"minecraft:iron_axe":82,"minecraft:birch_sapling":1,"minecraft:bow":2,"minecraft:sweet_berries":4,"minecraft:oak_sapling":6,"minecraft:furnace":2,"minecraft:pumpkin":1,"minecraft:wheat_seeds":35,"minecraft:water_bucket":15,"minecraft:stone_pickaxe":39,"minecraft:wooden_pickaxe":9,"minecraft:oak_slab":422,"minecraft:crafting_table":3,"minecraft:oak_log":1,"minecraft:gray_terracotta":1,"minecraft:melon_slice":32,"minecraft:iron_pickaxe":496,"minecraft:cooked_rabbit":5,"minecraft:bucket":14,"minecraft:bone_meal":34},"minecraft:picked_up":{"minecraft:crafting_table":3,"minecraft:wheat":19,"minecraft:chicken":1,"minecraft:clay_ball":100,"minecraft:wooden_pickaxe":1,"minecraft:shield":1,"minecraft:amethyst_block":55,"minecraft:iron_axe":1,"minecraft:string":19,"minecraft:raw_copper":220,"minecraft:music_disc_otherside":2,"minecraft:beef":11,"minecraft:calcite":43,"minecraft:wooden_shovel":4,"minecraft:iron_pickaxe":1,"minecraft:spruce_slab":5,"minecraft:melon_slice":74,"minecraft:chest":47,"minecraft:furnace":1,"minecraft:egg":11,"minecraft:tipped_arrow":3,"minecraft:sheaf_pottery_sherd":8,"minecraft:stick":24,"minecraft:raw_iron":38,"minecraft:raw_gold_block":10,"minecraft:music_disc_relic":1,"minecraft:oak_fence":2,"minecraft:torch":14,"minecraft:porkchop":1,"minecraft:diorite":67,"minecraft:rabbit_foot":1,"minecraft:arrow":19,"minecraft:rotten_flesh":8,"minecraft:white_terracotta":21,"minecraft:mutton":2,"minecraft:cod":1,"minecraft:rail":8,"minecraft:snowball":202,"minecraft:white_wool":2,"minecraft:cobblestone":143,"minecraft:birch_log":26,"minecraft:feather":2,"minecraft:golden_carrot":6,"minecraft:birch_slab":5,"minecraft:andesite":81,"minecraft:leather":5,"minecraft:red_mushroom":4,"minecraft:birch_planks":102,"minecraft:flint":4,"minecraft:oak_log":87,"minecraft:dirt":478,"minecraft:stripped_birch_log":4,"minecraft:paper":2,"minecraft:disc_fragment_5":3,"minecraft:bone":15,"minecraft:apple":6,"minecraft:gray_terracotta":1,"minecraft:bow":1,"minecraft:wheat_seeds":45,"minecraft:raw_gold":8,"minecraft:rabbit_hide":3,"minecraft:iron_ingot":36,"minecraft:stone_pickaxe":6,"minecraft:rabbit":22,"minecraft:iron_sword":1,"minecraft:oak_planks":1,"minecraft:flowering_azalea":3,"minecraft:book":2,"minecraft:oak_slab":93,"minecraft:smooth_basalt":7,"minecraft:pumpkin":12,"minecraft:sweet_berries":9,"minecraft:dripstone_block":7,"minecraft:raw_iron_block":2,"minecraft:gravel":104,"minecraft:amethyst_shard":1,"minecraft:spruce_sapling":1,"minecraft:ink_sac":8,"minecraft:spruce_log":3,"minecraft:spider_eye":4,"minecraft:blue_terracotta":2,"minecraft:writable_book":1,"minecraft:granite":34,"minecraft:terracotta":2,"minecraft:oak_sapling":7,"minecraft:coal":33}},"DataVersion":3700}