{"stats":{"minecraft:crafted":{"minecraft:oak_planks":540,"minecraft:cooked_chicken":1,"minecraft:cooked_mutton":43,"minecraft:stone_hoe":1,"minecraft:oak_fence":9,"minecraft:cooked_rabbit":9,"minecraft:oak_slab":954,"minecraft:wooden_shovel":2,"minecraft:crafting_table":1,"minecraft:spruce_planks":8,"minecraft:wooden_pickaxe":1,"minecraft:birch_planks":48,"minecraft:dark_oak_slab":24,"minecraft:diamond_pickaxe":1,"minecraft:shield":1,"minecraft:stick":60,"minecraft:iron_ingot":56,"minecraft:iron_pickaxe":4,"minecraft:snow_block":84,"minecraft:gold_ingot":93,"minecraft:shears":1,"minecraft:raw_iron":18,"minecraft:stone_shovel":1,"minecraft:furnace":1,"minecraft:bone_meal":108,"minecraft:white_carpet":6,"minecraft:iron_axe":2,"minecraft:spruce_slab":6,"minecraft:stone_pickaxe":3,"minecraft:dark_oak_planks":12,"minecraft:cooked_beef":3,"minecraft:iron_sword":2,"minecraft:bucket":5,"minecraft:stone_axe":1,"minecraft:bread":8,"minecraft:air":0,"minecraft:raw_gold":45,"minecraft:wooden_axe":2,"minecraft:iron_shovel":4,"minecraft:torch":32},"minecraft:broken":{"minecraft:iron_shovel":5,"minecraft:wooden_shovel":2,"minecraft:wooden_axe":1,"minecraft:iron_axe":1,"minecraft:iron_pickaxe":4},"minecraft:dropped":{"minecraft:iron_sword":1,"minecraft:birch_planks":68,"minecraft:lapis_lazuli":60,"minecraft:oak_log":78,"minecraft:diamond":1,"minecraft:rooted_dirt":20,"minecraft:rail":3,"minecraft:leather_helmet":1,"minecraft:birch_slab":5,"minecraft:red_mushroom":2,"minecraft:cod":1,"minecraft:dirt":154,"minecraft:snowball":147,"minecraft:wooden_sword":1,"minecraft:bone_meal":5,"minecraft:axolotl_bucket":2,"minecraft:bone":1,"minecraft:gravel":3,"minecraft:stone_axe":1,"minecraft:cobbled_deepslate":16,"minecraft:music_disc_otherside":1,"minecraft:wheat":9,"minecraft:rotten_flesh":8,"minecraft:oak_planks":3,"minecraft:cooked_mutton":25,"minecraft:tipped_arrow":3,"minecraft:gunpowder":12,"minecraft:chest":20,"minecraft:arrow":16,"minecraft:beef":2,"minecraft:egg":14,"minecraft:iron_ingot":6,"minecraft:bread":3,"minecraft:oak_slab":73,"minecraft:wheat_seeds":269,"minecraft:oak_fence":2,"minecraft:feather":4,"minecraft:cobblestone":1,"minecraft:book":1,"minecraft:amethyst_block":3,"minecraft:apple":3,"minecraft:granite":2,"minecraft:tropical_fish":1,"minecraft:chainmail_helmet":1,"minecraft:coal":27,"minecraft:stick":15,"minecraft:milk_bucket":1,"minecraft:golden_carrot":3,"minecraft:ink_sac":4,"minecraft:torch":14,"minecraft:wooden_axe":1,"minecraft:rabbit":7,"minecraft:melon_slice":37,"minecraft:stripped_birch_log":2,"minecraft:pumpkin":19,"minecraft:flowering_azalea":2,"minecraft:raw_iron_block":1,"minecraft:string":4,"minecraft:spruce_sapling":3,"minecraft:sweet_berries":40,"minecraft:green_terracotta":12,"minecraft:raw_copper":99,"minecraft:tuff":5,"minecraft:raw_iron":8,"minecraft:stone_shovel":1,"minecraft:clay_ball":12,"minecraft:iron_hoe":1,"minecraft:pumpkin_seeds":3,"minecraft:andesite":9,"minecraft:oak_sapling":1,"minecraft:wooden_shovel":6,"minecraft:carved_pumpkin":1,"minecraft:stone_pickaxe":8,"minecraft:wooden_pickaxe":2,"minecraft:raw_gold":14,"minecraft:dead_brain_coral_block":2,"minecraft:calcite":8,"minecraft:cooked_rabbit":4,"minecraft:amethyst_cluster":2},"minecraft:killed":{"minecraft:spider":19,"minecraft:skeleton":17,"minecraft:chicken":2,"minecraft:tropical_fish":1,"minecraft:wolf":2,"minecraft:creeper":6,"minecraft:sheep":29,"minecraft:zombie":22,"minecraft:mooshroom":2,"minecraft:stray":6,"minecraft:cow":1,"minecraft:rabbit":6,"minecraft:polar_bear":2},"minecraft:killed_by":{"minecraft:player":1,"minecraft:stray":1},"minecraft:custom":{"minecraft:animals_bred":47,"minecraft:interact_with_crafting_table":82,"minecraft:leave_game":4,"minecraft:time_since_death":135725,"minecraft:sprint_one_cm":347423,"minecraft:damage_blocked_by_shield":242,"minecraft:drop":369,"minecraft:play_time":321531,"minecraft:deaths":4,"minecraft:jump":2344,"minecraft:walk_on_water_one_cm":1125,"minecraft:interact_with_furnace":57,"minecraft:damage_dealt":18178,"minecraft:player_kills":7,"minecraft:crouch_one_cm":101270,"minecraft:mob_kills":120,"minecraft:damage_dealt_resisted":97,"minecraft:walk_one_cm":861244,"minecraft:sneak_time":26340,"minecraft:walk_under_water_one_cm":1822,"minecraft:total_world_time":321531,"minecraft:time_since_rest":135778,"minecraft:damage_taken":2521,"minecraft:fly_one_cm":287705,"minecraft:open_chest":669,"minecraft:fall_one_cm":25443},"minecraft:mined":{"minecraft:carved_pumpkin":2,"minecraft:granite":37,"minecraft:budding_amethyst":15,"minecraft:grass_block":163,"minecraft:deepslate_bricks":52,"minecraft:tube_coral_block":3,"minecraft:raw_iron_block":3,"minecraft:iron_ore":42,"minecraft:pumpkin":39,"minecraft:deepslate_lapis_ore":15,"minecraft:brain_coral_block":5,"minecraft:spruce_slab":5,"minecraft:gray_terracotta":7,"minecraft:powder_snow":14,"minecraft:clay":26,"minecraft:torch":7,"minecraft:light_gray_terracotta":8,"minecraft:calcite":56,"minecraft:melon":12,"minecraft:chest":37,"minecraft:prismarine":15,"minecraft:amethyst_block":74,"minecraft:deepslate_copper_ore":22,"minecraft:birch_sapling":1,"minecraft:white_terracotta":21,"minecraft:blue_terracotta":7,"minecraft:dark_oak_slab":13,"minecraft:birch_log":31,"minecraft:wheat":164,"minecraft:blue_ice":8,"minecraft:pumpkin_stem":3,"minecraft:oak_log":215,"minecraft:sand":5,"minecraft:dirt":102,"minecraft:smooth_basalt":26,"minecraft:raw_copper_block":3,"minecraft:oak_leaves":54,"minecraft:deepslate":98,"minecraft:suspicious_gravel":39,"minecraft:attached_pumpkin_stem":1,"minecraft:dark_prismarine":1,"minecraft:deepslate_tiles":19,"minecraft:diamond_ore":3,"minecraft:tuff":34,"minecraft:deepslate_diamond_ore":6,"minecraft:candle":1,"minecraft:dark_oak_log":8,"minecraft:moss_block":77,"minecraft:rooted_dirt":20,"minecraft:furnace":1,"minecraft:carrots":9,"minecraft:raw_gold_block":5,"minecraft:snow":443,"minecraft:andesite":42,"minecraft:green_terracotta":9,"minecraft:dead_horn_coral_block":3,"minecraft:deepslate_iron_ore":33,"minecraft:packed_ice":15,"minecraft:stone":155,"minecraft:podzol":33,"minecraft:oak_slab":42,"minecraft:snow_block":68,"minecraft:oak_fence":4,"minecraft:crafting_table":4,"minecraft:copper_ore":74,"minecraft:deepslate_coal_ore":20,"minecraft:dried_kelp_block":4,"minecraft:deepslate_gold_ore":27,"minecraft:lapis_ore":10,"minecraft:diorite":64,"minecraft:prismarine_bricks":7,"minecraft:sweet_berry_bush":4,"minecraft:ice":2,"minecraft:spruce_log":15,"minecraft:coal_ore":18,"minecraft:gravel":75,"minecraft:dripstone_block":64,"minecraft:terracotta":9,"minecraft:gold_ore":21},"minecraft:used":{"minecraft:iron_shovel":731,"minecraft:spruce_slab":9,"minecraft:shield":17,"minecraft:chest":24,"minecraft:iron_sword":236,"minecraft:green_terracotta":2,"minecraft:carrot":13,"minecraft:snowball":69,"minecraft:milk_bucket":3,"minecraft:birch_sapling":1,"minecraft:dark_oak_slab":28,"minecraft:bow":17,"minecraft:sweet_berries":51,"minecraft:furnace":2,"minecraft:oak_sapling":36,"minecraft:stone_pickaxe":39,"minecraft:wooden_pickaxe":9,"minecraft:leather_chestplate":1,"minecraft:sand":5,"minecraft:pumpkin_seeds":16,"minecraft:melon_slice":32,"minecraft:bread":5,"minecraft:cooked_rabbit":5,"minecraft:ice":1,"minecraft:bone_meal":90,"minecraft:oak_fence":12,"minecraft:stone_shovel":13,"minecraft:wooden_shovel":153,"minecraft:stone_hoe":82,"minecraft:cooked_chicken":1,"minecraft:torch":40,"minecraft:dirt":207,"minecraft:white_carpet":3,"minecraft:wooden_axe":102,"minecraft:iron_axe":420,"minecraft:pumpkin":1,"minecraft:wheat_seeds":218,"minecraft:cooked_mutton":6,"minecraft:water_bucket":22,"minecraft:oak_slab":969,"minecraft:crafting_table":4,"minecraft:oak_log":7,"minecraft:gray_terracotta":1,"minecraft:iron_pickaxe":1247,"minecraft:bucket":26,"minecraft:candle":2},"minecraft:picked_up":{"minecraft:wheat":154,"minecraft:amethyst_block":75,"minecraft:string":25,"minecraft:dead_tube_coral_block":3,"minecraft:raw_copper":389,"minecraft:deepslate_tiles":10,"minecraft:cobbled_deepslate":63,"minecraft:bucket":1,"minecraft:calcite":59,"minecraft:wooden_shovel":4,"minecraft:iron_pickaxe":2,"minecraft:melon_slice":74,"minecraft:furnace":1,"minecraft:golden_helmet":1,"minecraft:tipped_arrow":3,"minecraft:stick":75,"minecraft:sheaf_pottery_sherd":8,"minecraft:oak_fence":7,"minecraft:torch":38,"minecraft:porkchop":1,"minecraft:diorite":73,"minecraft:green_terracotta":17,"minecraft:rabbit_foot":1,"minecraft:rotten_flesh":17,"minecraft:tropical_fish":5,"minecraft:carved_pumpkin":1,"minecraft:white_terracotta":21,"minecraft:snowball":528,"minecraft:cod":1,"minecraft:cobblestone":157,"minecraft:birch_log":28,"minecraft:leather_chestplate":1,"minecraft:feather":6,"minecraft:birch_slab":5,"minecraft:andesite":100,"minecraft:flint":4,"minecraft:tuff":29,"minecraft:prismarine_bricks":8,"minecraft:lapis_lazuli":160,"minecraft:dirt":506,"minecraft:stripped_birch_log":4,"minecraft:disc_fragment_5":3,"minecraft:bone":31,"minecraft:gray_terracotta":1,"minecraft:bow":4,"minecraft:wheat_seeds":542,"minecraft:raw_gold":32,"minecraft:rabbit":22,"minecraft:moss_block":97,"minecraft:prismarine":4,"minecraft:oak_planks":2,"minecraft:stone_hoe":1,"minecraft:sand":5,"minecraft:ink_sac":8,"minecraft:dark_prismarine":1,"minecraft:iron_hoe":2,"minecraft:light_gray_terracotta":5,"minecraft:blue_terracotta":6,"minecraft:diamond":9,"minecraft:writable_book":1,"minecraft:dead_brain_coral_block":6,"minecraft:granite":37,"minecraft:bone_meal":4,"minecraft:chainmail_helmet":1,"minecraft:rooted_dirt":35,"minecraft:oak_sapling":74,"minecraft:crafting_table":5,"minecraft:chicken":3,"minecraft:clay_ball":100,"minecraft:wooden_pickaxe":1,"minecraft:dead_horn_coral_block":3,"minecraft:shield":2,"minecraft:iron_axe":2,"minecraft:iron_shovel":4,"minecraft:candle":2,"minecraft:music_disc_otherside":2,"minecraft:beef":11,"minecraft:spruce_slab":5,"minecraft:birch_sapling":1,"minecraft:chest":62,"minecraft:egg":12,"minecraft:raw_iron":66,"minecraft:raw_gold_block":10,"minecraft:music_disc_relic":1,"minecraft:carrot":32,"minecraft:arrow":40,"minecraft:deepslate_bricks":32,"minecraft:mutton":43,"minecraft:white_wool":33,"minecraft:rail":8,"minecraft:golden_carrot":6,"minecraft:leather":5,"minecraft:red_mushroom":4,"minecraft:birch_planks":102,"minecraft:oak_log":225,"minecraft:gunpowder":14,"minecraft:paper":2,"minecraft:cooked_mutton":2,"minecraft:apple":15,"minecraft:rabbit_hide":3,"minecraft:iron_ingot":36,"minecraft:stone_pickaxe":7,"minecraft:flowering_azalea":5,"minecraft:iron_sword":1,"minecraft:book":2,"minecraft:oak_slab":113,"minecraft:smooth_basalt":13,"minecraft:dark_oak_slab":34,"minecraft:pumpkin":50,"minecraft:sweet_berries":178,"minecraft:raw_iron_block":3,"minecraft:dripstone_block":39,"minecraft:gravel":109,"minecraft:amethyst_shard":1,"minecraft:spruce_sapling":1,"minecraft:spruce_log":9,"minecraft:spider_eye":6,"minecraft:leather_helmet":1,"minecraft:pumpkin_seeds":5,"minecraft:dried_kelp_block":4,"minecraft:iron_helmet":1,"minecraft:terracotta":2,"minecraft:coal":75}},"DataVersion":3700}