{"stats":{"minecraft:crafted":{"minecraft:oak_planks":1544,"minecraft:cooked_chicken":19,"minecraft:bookshelf":1,"minecraft:cooked_mutton":74,"minecraft:glass":64,"minecraft:stone_hoe":1,"minecraft:oak_fence":27,"minecraft:cooked_rabbit":9,"minecraft:oak_slab":2538,"minecraft:wooden_shovel":2,"minecraft:emerald":29,"minecraft:cooked_porkchop":33,"minecraft:crafting_table":2,"minecraft:spruce_planks":108,"minecraft:wooden_pickaxe":1,"minecraft:fletching_table":1,"minecraft:birch_planks":48,"minecraft:lectern":1,"minecraft:dark_oak_slab":24,"minecraft:book":2,"minecraft:diamond_pickaxe":1,"minecraft:shield":2,"minecraft:stick":966,"minecraft:iron_ingot":166,"minecraft:iron_pickaxe":6,"minecraft:iron_block":9,"minecraft:snow_block":86,"minecraft:gold_ingot":113,"minecraft:shears":1,"minecraft:raw_iron":36,"minecraft:stone_shovel":1,"minecraft:furnace":1,"minecraft:bone_meal":108,"minecraft:white_carpet":12,"minecraft:raw_copper_block":74,"minecraft:oak_trapdoor":8,"minecraft:flint_and_steel":1,"minecraft:iron_axe":5,"minecraft:spruce_slab":6,"minecraft:stone_pickaxe":3,"minecraft:dark_oak_planks":172,"minecraft:cooked_beef":4,"minecraft:iron_sword":3,"minecraft:bucket":5,"minecraft:stone_axe":1,"minecraft:enchanted_book":1,"minecraft:bread":18,"minecraft:air":0,"minecraft:raw_gold":45,"minecraft:wooden_axe":2,"minecraft:iron_shovel":6,"minecraft:white_bed":6,"minecraft:acacia_planks":72,"minecraft:torch":80,"minecraft:lapis_block":48,"minecraft:clay":19},"minecraft:custom":{"minecraft:animals_bred":125,"minecraft:interact_with_crafting_table":144,"minecraft:leave_game":5,"minecraft:time_since_death":116330,"minecraft:sprint_one_cm":648358,"minecraft:damage_blocked_by_shield":242,"minecraft:drop":601,"minecraft:talked_to_villager":212,"minecraft:play_time":589811,"minecraft:deaths":6,"minecraft:jump":4899,"minecraft:walk_on_water_one_cm":2216,"minecraft:interact_with_furnace":101,"minecraft:traded_with_villager":30,"minecraft:damage_dealt":35462,"minecraft:player_kills":8,"minecraft:crouch_one_cm":225876,"minecraft:horse_one_cm":1833,"minecraft:mob_kills":233,"minecraft:damage_dealt_resisted":196,"minecraft:walk_one_cm":1433855,"minecraft:sneak_time":51268,"minecraft:walk_under_water_one_cm":3529,"minecraft:total_world_time":589811,"minecraft:time_since_rest":116363,"minecraft:damage_taken":4652,"minecraft:fly_one_cm":666015,"minecraft:open_chest":1414,"minecraft:fall_one_cm":70101},"minecraft:dropped":{"minecraft:iron_sword":2,"minecraft:moss_block":34,"minecraft:birch_planks":68,"minecraft:lapis_lazuli":60,"minecraft:cooked_beef":1,"minecraft:oak_log":78,"minecraft:glow_ink_sac":6,"minecraft:diamond":12,"minecraft:spore_blossom":2,"minecraft:cooked_porkchop":17,"minecraft:rooted_dirt":20,"minecraft:rail":3,"minecraft:leather_helmet":1,"minecraft:birch_slab":5,"minecraft:red_mushroom":2,"minecraft:cod":1,"minecraft:flint":1,"minecraft:cyan_terracotta":1,"minecraft:dirt":236,"minecraft:dark_oak_log":6,"minecraft:snowball":187,"minecraft:writable_book":6,"minecraft:wooden_sword":1,"minecraft:bone_meal":7,"minecraft:axolotl_bucket":2,"minecraft:sand":15,"minecraft:birch_log":2,"minecraft:white_wool":8,"minecraft:bone":1,"minecraft:gravel":11,"minecraft:stone_axe":2,"minecraft:cobbled_deepslate":22,"minecraft:music_disc_otherside":1,"minecraft:birch_sapling":2,"minecraft:wheat":9,"minecraft:rotten_flesh":20,"minecraft:oak_planks":3,"minecraft:prismarine":15,"minecraft:music_disc_far":1,"minecraft:cooked_mutton":35,"minecraft:dead_fire_coral_block":1,"minecraft:carrot":2,"minecraft:tipped_arrow":3,"minecraft:gunpowder":12,"minecraft:trident":1,"minecraft:blade_pottery_sherd":1,"minecraft:melon_seeds":5,"minecraft:chest":24,"minecraft:arrow":16,"minecraft:beef":2,"minecraft:prismarine_bricks":3,"minecraft:egg":29,"minecraft:stone_hoe":3,"minecraft:bread":3,"minecraft:iron_ingot":6,"minecraft:wolf_spawn_egg":1,"minecraft:oak_slab":73,"minecraft:wheat_seeds":547,"minecraft:prismarine_shard":6,"minecraft:book":1,"minecraft:yellow_terracotta":6,"minecraft:oak_fence":2,"minecraft:feather":21,"minecraft:cobblestone":6,"minecraft:prismarine_crystals":6,"minecraft:amethyst_block":11,"minecraft:apple":6,"minecraft:granite":4,"minecraft:explorer_pottery_sherd":1,"minecraft:copper_ingot":1,"minecraft:tropical_fish":1,"minecraft:chainmail_helmet":1,"minecraft:coal":27,"minecraft:stick":27,"minecraft:dried_kelp_block":2,"minecraft:milk_bucket":1,"minecraft:diorite":8,"minecraft:golden_carrot":3,"minecraft:ink_sac":4,"minecraft:torch":18,"minecraft:wooden_axe":1,"minecraft:melon_slice":48,"minecraft:rabbit":7,"minecraft:brown_terracotta":2,"minecraft:stripped_birch_log":2,"minecraft:pumpkin":19,"minecraft:flowering_azalea":2,"minecraft:raw_iron_block":1,"minecraft:angler_pottery_sherd":10,"minecraft:cactus":3,"minecraft:string":4,"minecraft:spruce_sapling":3,"minecraft:sweet_berries":185,"minecraft:oak_trapdoor":3,"minecraft:green_terracotta":12,"minecraft:stone_sword":1,"minecraft:raw_copper":103,"minecraft:tuff":5,"minecraft:raw_iron":8,"minecraft:stone_shovel":1,"minecraft:chicken":9,"minecraft:white_carpet":2,"minecraft:clay_ball":32,"minecraft:iron_hoe":1,"minecraft:white_terracotta":3,"minecraft:glow_lichen":2,"minecraft:budding_amethyst":1,"minecraft:pumpkin_seeds":3,"minecraft:big_dripleaf":1,"minecraft:andesite":21,"minecraft:oak_sapling":51,"minecraft:wooden_shovel":6,"minecraft:carved_pumpkin":1,"minecraft:spruce_log":4,"minecraft:sandstone":5,"minecraft:red_sand":4,"minecraft:stone_pickaxe":11,"minecraft:wooden_pickaxe":2,"minecraft:raw_gold":14,"minecraft:music_disc_mellohi":1,"minecraft:dead_brain_coral_block":2,"minecraft:calcite":11,"minecraft:cooked_rabbit":4,"minecraft:amethyst_cluster":2,"minecraft:terracotta":6},"minecraft:killed_by":{"minecraft:elder_guardian":1,"minecraft:player":2,"minecraft:stray":1},"minecraft:broken":{"minecraft:iron_shovel":6,"minecraft:wooden_shovel":2,"minecraft:iron_sword":1,"minecraft:wooden_axe":1,"minecraft:leather_chestplate":2,"minecraft:iron_axe":4,"minecraft:iron_pickaxe":5,"minecraft:iron_helmet":2},"minecraft:mined":{"minecraft:white_bed":5,"minecraft:carved_pumpkin":2,"minecraft:granite":38,"minecraft:budding_amethyst":17,"minecraft:red_sand":50,"minecraft:acacia_log":12,"minecraft:grass_block":168,"minecraft:dead_tube_coral_block":1,"minecraft:deepslate_bricks":52,"minecraft:bamboo_block":4,"minecraft:tube_coral_block":3,"minecraft:raw_iron_block":3,"minecraft:cobbled_deepslate":2,"minecraft:iron_ore":55,"minecraft:pumpkin":114,"minecraft:deepslate_lapis_ore":18,"minecraft:brain_coral_block":8,"minecraft:spruce_slab":5,"minecraft:gray_terracotta":7,"minecraft:cyan_terracotta":9,"minecraft:orange_terracotta":9,"minecraft:powder_snow":14,"minecraft:clay":60,"minecraft:torch":19,"minecraft:light_gray_terracotta":8,"minecraft:calcite":70,"minecraft:melon":27,"minecraft:chest":44,"minecraft:glass":4,"minecraft:cobblestone":10,"minecraft:sugar_cane":2,"minecraft:prismarine":45,"minecraft:wall_torch":3,"minecraft:amethyst_block":95,"minecraft:deepslate_copper_ore":42,"minecraft:birch_sapling":1,"minecraft:white_terracotta":29,"minecraft:blue_terracotta":7,"minecraft:dark_oak_slab":27,"minecraft:birch_log":31,"minecraft:wheat":343,"minecraft:blue_ice":8,"minecraft:pumpkin_stem":6,"minecraft:oak_log":461,"minecraft:sand":102,"minecraft:dirt":123,"minecraft:smooth_basalt":26,"minecraft:raw_copper_block":3,"minecraft:oak_leaves":122,"minecraft:deepslate":112,"minecraft:yellow_terracotta":11,"minecraft:suspicious_gravel":50,"minecraft:attached_pumpkin_stem":1,"minecraft:dark_prismarine":29,"minecraft:deepslate_tiles":19,"minecraft:diamond_ore":5,"minecraft:tuff":38,"minecraft:mossy_cobblestone":8,"minecraft:deepslate_diamond_ore":12,"minecraft:candle":1,"minecraft:dark_oak_log":9,"minecraft:sea_lantern":21,"minecraft:spruce_fence":1,"minecraft:rooted_dirt":20,"minecraft:sandstone":52,"minecraft:moss_block":90,"minecraft:hay_block":9,"minecraft:redstone_ore":9,"minecraft:oak_trapdoor":10,"minecraft:furnace":1,"minecraft:carrots":25,"minecraft:raw_gold_block":5,"minecraft:red_sandstone":17,"minecraft:snow":456,"minecraft:andesite":49,"minecraft:suspicious_sand":12,"minecraft:green_terracotta":9,"minecraft:dead_horn_coral_block":3,"minecraft:deepslate_iron_ore":34,"minecraft:packed_ice":17,"minecraft:bamboo":7,"minecraft:stone":160,"minecraft:white_wool":2,"minecraft:podzol":35,"minecraft:oak_slab":91,"minecraft:snow_block":68,"minecraft:oak_fence":9,"minecraft:crafting_table":6,"minecraft:emerald_ore":10,"minecraft:lectern":123,"minecraft:copper_ore":91,"minecraft:deepslate_coal_ore":21,"minecraft:dried_kelp_block":4,"minecraft:lapis_ore":12,"minecraft:deepslate_gold_ore":29,"minecraft:diorite":67,"minecraft:prismarine_bricks":43,"minecraft:red_terracotta":6,"minecraft:sweet_berry_bush":4,"minecraft:ice":2,"minecraft:spruce_log":16,"minecraft:dead_brain_coral_block":2,"minecraft:coal_ore":35,"minecraft:gravel":95,"minecraft:dripstone_block":65,"minecraft:brown_terracotta":8,"minecraft:terracotta":21,"minecraft:gold_ore":22},"minecraft:used":{"minecraft:iron_shovel":980,"minecraft:spruce_slab":9,"minecraft:chest":29,"minecraft:shield":17,"minecraft:iron_sword":441,"minecraft:green_terracotta":2,"minecraft:carrot":29,"minecraft:snowball":75,"minecraft:milk_bucket":4,"minecraft:glass":16,"minecraft:birch_sapling":1,"minecraft:dark_oak_slab":49,"minecraft:bow":17,"minecraft:sweet_berries":51,"minecraft:oak_sapling":103,"minecraft:furnace":2,"minecraft:egg":29,"minecraft:stone_pickaxe":39,"minecraft:wooden_pickaxe":9,"minecraft:leather_chestplate":1,"minecraft:white_wool":2,"minecraft:sand":5,"minecraft:pumpkin_seeds":16,"minecraft:melon_slice":40,"minecraft:bread":5,"minecraft:lectern":124,"minecraft:cooked_rabbit":5,"minecraft:ice":1,"minecraft:oak_fence":24,"minecraft:oak_trapdoor":16,"minecraft:bone_meal":97,"minecraft:trident":1,"minecraft:flint_and_steel":3,"minecraft:stone_shovel":13,"minecraft:wooden_shovel":153,"minecraft:cooked_chicken":4,"minecraft:stone_hoe":82,"minecraft:torch":97,"minecraft:dirt":310,"minecraft:white_carpet":7,"minecraft:spruce_fence":1,"minecraft:iron_hoe":14,"minecraft:wooden_axe":102,"minecraft:iron_axe":1113,"minecraft:melon_seeds":2,"minecraft:bamboo":8,"minecraft:cooked_beef":1,"minecraft:pumpkin":1,"minecraft:wheat_seeds":404,"minecraft:cooked_mutton":31,"minecraft:water_bucket":29,"minecraft:fletching_table":1,"minecraft:oak_slab":2560,"minecraft:crafting_table":6,"minecraft:white_bed":11,"minecraft:oak_log":7,"minecraft:gray_terracotta":1,"minecraft:iron_pickaxe":1746,"minecraft:bucket":33,"minecraft:candle":8},"minecraft:picked_up":{"minecraft:seagrass":3,"minecraft:wheat":352,"minecraft:prismarine_shard":10,"minecraft:amethyst_block":103,"minecraft:string":28,"minecraft:dead_tube_coral_block":4,"minecraft:raw_copper":493,"minecraft:explorer_pottery_sherd":1,"minecraft:deepslate_tiles":10,"minecraft:red_sand":38,"minecraft:cobbled_deepslate":84,"minecraft:bucket":1,"minecraft:calcite":74,"minecraft:wooden_shovel":4,"minecraft:iron_pickaxe":4,"minecraft:melon_slice":149,"minecraft:furnace":1,"minecraft:tipped_arrow":3,"minecraft:golden_helmet":1,"minecraft:stick":152,"minecraft:sheaf_pottery_sherd":8,"minecraft:big_dripleaf":4,"minecraft:brown_terracotta":6,"minecraft:oak_fence":11,"minecraft:torch":57,"minecraft:acacia_log":9,"minecraft:porkchop":43,"minecraft:diorite":83,"minecraft:green_terracotta":17,"minecraft:rabbit_foot":1,"minecraft:horn_coral_fan":2,"minecraft:rotten_flesh":46,"minecraft:tropical_fish":5,"minecraft:carved_pumpkin":1,"minecraft:cyan_terracotta":4,"minecraft:wolf_spawn_egg":1,"minecraft:white_terracotta":37,"minecraft:cod":3,"minecraft:snowball":597,"minecraft:cobblestone":167,"minecraft:birch_log":30,"minecraft:leather_chestplate":2,"minecraft:feather":41,"minecraft:cooked_beef":1,"minecraft:birch_slab":5,"minecraft:water_bucket":4,"minecraft:andesite":118,"minecraft:flint":7,"minecraft:tuff":33,"minecraft:prismarine_bricks":41,"minecraft:lapis_lazuli":213,"minecraft:stripped_birch_log":4,"minecraft:dirt":620,"minecraft:disc_fragment_5":3,"minecraft:bone":33,"minecraft:bow":4,"minecraft:gray_terracotta":1,"minecraft:wheat_seeds":1168,"minecraft:raw_gold":36,"minecraft:rabbit":22,"minecraft:bamboo":49,"minecraft:moss_block":139,"minecraft:prismarine":53,"minecraft:stone_hoe":3,"minecraft:oak_planks":4,"minecraft:cooked_porkchop":17,"minecraft:sand":81,"minecraft:ink_sac":16,"minecraft:dark_oak_log":6,"minecraft:red_terracotta":7,"minecraft:dark_prismarine":43,"minecraft:iron_hoe":3,"minecraft:light_gray_terracotta":5,"minecraft:blue_terracotta":6,"minecraft:diamond":24,"minecraft:angler_pottery_sherd":15,"minecraft:writable_book":9,"minecraft:dead_brain_coral_block":11,"minecraft:granite":40,"minecraft:bone_meal":6,"minecraft:chainmail_helmet":1,"minecraft:emerald":11,"minecraft:rooted_dirt":35,"minecraft:oak_sapling":187,"minecraft:diamond_pickaxe":2,"minecraft:shelter_pottery_sherd":5,"minecraft:crafting_table":7,"minecraft:chicken":30,"minecraft:clay_ball":192,"minecraft:wooden_pickaxe":1,"minecraft:dead_horn_coral_block":3,"minecraft:shield":3,"minecraft:oak_trapdoor":12,"minecraft:iron_axe":4,"minecraft:flint_and_steel":1,"minecraft:iron_shovel":6,"minecraft:candle":5,"minecraft:music_disc_otherside":2,"minecraft:beef":12,"minecraft:spruce_slab":5,"minecraft:lectern":123,"minecraft:sugar_cane":4,"minecraft:chest":74,"minecraft:birch_sapling":5,"minecraft:egg":90,"minecraft:raw_iron":82,"minecraft:sandstone":34,"minecraft:raw_gold_block":10,"minecraft:music_disc_relic":1,"minecraft:copper_ingot":1,"minecraft:music_disc_mellohi":2,"minecraft:spruce_fence":1,"minecraft:skull_pottery_sherd":5,"minecraft:trident":3,"minecraft:carrot":117,"minecraft:redstone":62,"minecraft:prismarine_crystals":43,"minecraft:arrow":40,"minecraft:tube_coral_fan":1,"minecraft:deepslate_bricks":32,"minecraft:hay_block":5,"minecraft:yellow_terracotta":12,"minecraft:mutton":74,"minecraft:rail":8,"minecraft:white_wool":70,"minecraft:golden_carrot":6,"minecraft:glow_ink_sac":10,"minecraft:salmon":2,"minecraft:leather":7,"minecraft:red_mushroom":4,"minecraft:birch_planks":102,"minecraft:oak_log":468,"minecraft:gunpowder":14,"minecraft:paper":2,"minecraft:orange_terracotta":6,"minecraft:cooked_mutton":33,"minecraft:apple":30,"minecraft:kelp":1,"minecraft:red_sandstone":14,"minecraft:creeper_spawn_egg":1,"minecraft:rabbit_hide":3,"minecraft:spore_blossom":2,"minecraft:iron_ingot":43,"minecraft:music_disc_far":2,"minecraft:stone_pickaxe":9,"minecraft:blade_pottery_sherd":1,"minecraft:iron_sword":4,"minecraft:flowering_azalea":5,"minecraft:book":2,"minecraft:sculk_catalyst":2,"minecraft:oak_slab":199,"minecraft:smooth_basalt":13,"minecraft:dark_oak_slab":48,"minecraft:pumpkin":123,"minecraft:sweet_berries":463,"minecraft:budding_amethyst":1,"minecraft:raw_iron_block":3,"minecraft:dripstone_block":40,"minecraft:gravel":119,"minecraft:dead_fire_coral_block":5,"minecraft:amethyst_shard":1,"minecraft:spruce_sapling":1,"minecraft:white_bed":5,"minecraft:spruce_log":13,"minecraft:spider_eye":7,"minecraft:leather_helmet":1,"minecraft:pumpkin_seeds":10,"minecraft:dried_kelp_block":6,"minecraft:stone_axe":3,"minecraft:dead_bubble_coral_block":2,"minecraft:iron_helmet":3,"minecraft:terracotta":19,"minecraft:melon_seeds":1,"minecraft:coal":88},"minecraft:killed":{"minecraft:cave_spider":1,"minecraft:spider":20,"minecraft:shulker":1,"minecraft:skeleton":17,"minecraft:guardian":5,"minecraft:fox":4,"minecraft:chicken":13,"minecraft:silverfish":1,"minecraft:turtle":3,"minecraft:tropical_fish":1,"minecraft:wolf":2,"minecraft:pig":22,"minecraft:salmon":1,"minecraft:creeper":6,"minecraft:sheep":50,"minecraft:pillager":5,"minecraft:zombie":24,"minecraft:mooshroom":2,"minecraft:stray":6,"minecraft:glow_squid":2,"minecraft:cow":2,"minecraft:vindicator":6,"minecraft:drowned":6,"minecraft:husk":15,"minecraft:rabbit":6,"minecraft:wandering_trader":3,"minecraft:polar_bear":2}},"DataVersion":3700}