{"stats":{"minecraft:crafted":{"minecraft:oak_planks":284,"minecraft:raw_iron":18,"minecraft:stone_shovel":1,"minecraft:cooked_chicken":1,"minecraft:furnace":1,"minecraft:bone_meal":51,"minecraft:cooked_mutton":2,"minecraft:iron_axe":1,"minecraft:spruce_slab":6,"minecraft:stone_pickaxe":3,"minecraft:dark_oak_planks":12,"minecraft:stone_hoe":1,"minecraft:cooked_rabbit":9,"minecraft:cooked_beef":3,"minecraft:oak_slab":462,"minecraft:wooden_shovel":2,"minecraft:crafting_table":1,"minecraft:spruce_planks":8,"minecraft:wooden_pickaxe":1,"minecraft:iron_sword":1,"minecraft:bucket":1,"minecraft:birch_planks":48,"minecraft:stone_axe":1,"minecraft:bread":3,"minecraft:air":0,"minecraft:dark_oak_slab":24,"minecraft:shield":1,"minecraft:raw_gold":45,"minecraft:stick":44,"minecraft:iron_ingot":36,"minecraft:iron_pickaxe":3,"minecraft:wooden_axe":2,"minecraft:iron_shovel":2,"minecraft:gold_ingot":53,"minecraft:torch":32},"minecraft:broken":{"minecraft:wooden_shovel":2,"minecraft:iron_pickaxe":2,"minecraft:wooden_axe":1},"minecraft:dropped":{"minecraft:bread":3,"minecraft:oak_slab":73,"minecraft:birch_planks":68,"minecraft:wheat_seeds":10,"minecraft:oak_log":44,"minecraft:cobblestone":1,"minecraft:feather":2,"minecraft:oak_fence":2,"minecraft:book":1,"minecraft:apple":3,"minecraft:amethyst_block":2,"minecraft:granite":2,"minecraft:rail":3,"minecraft:birch_slab":5,"minecraft:coal":19,"minecraft:red_mushroom":2,"minecraft:cod":1,"minecraft:stick":15,"minecraft:dirt":154,"minecraft:milk_bucket":1,"minecraft:golden_carrot":3,"minecraft:ink_sac":4,"minecraft:torch":14,"minecraft:wooden_axe":1,"minecraft:rabbit":7,"minecraft:melon_slice":37,"minecraft:snowball":130,"minecraft:stripped_birch_log":2,"minecraft:wooden_sword":1,"minecraft:pumpkin":4,"minecraft:flowering_azalea":2,"minecraft:string":4,"minecraft:spruce_sapling":3,"minecraft:bone":1,"minecraft:gravel":3,"minecraft:stone_axe":1,"minecraft:sweet_berries":2,"minecraft:music_disc_otherside":1,"minecraft:wheat":5,"minecraft:stone_shovel":1,"minecraft:raw_iron":4,"minecraft:rotten_flesh":6,"minecraft:clay_ball":12,"minecraft:oak_planks":3,"minecraft:cooked_mutton":2,"minecraft:tipped_arrow":3,"minecraft:gunpowder":10,"minecraft:wooden_shovel":6,"minecraft:chest":20,"minecraft:arrow":9,"minecraft:wooden_pickaxe":2,"minecraft:stone_pickaxe":7,"minecraft:beef":2,"minecraft:calcite":1,"minecraft:cooked_rabbit":4,"minecraft:egg":13},"minecraft:killed":{"minecraft:spider":10,"minecraft:skeleton":1,"minecraft:wolf":2,"minecraft:rabbit":6,"minecraft:creeper":3,"minecraft:polar_bear":2,"minecraft:sheep":2,"minecraft:zombie":8,"minecraft:mooshroom":2,"minecraft:stray":6,"minecraft:cow":1},"minecraft:killed_by":{"minecraft:stray":1},"minecraft:custom":{"minecraft:mob_kills":46,"minecraft:animals_bred":9,"minecraft:interact_with_crafting_table":57,"minecraft:leave_game":3,"minecraft:time_since_death":72172,"minecraft:sprint_one_cm":130092,"minecraft:walk_one_cm":391895,"minecraft:damage_blocked_by_shield":207,"minecraft:drop":211,"minecraft:play_time":172897,"minecraft:deaths":3,"minecraft:sneak_time":17318,"minecraft:walk_under_water_one_cm":1822,"minecraft:jump":1041,"minecraft:walk_on_water_one_cm":1051,"minecraft:total_world_time":172897,"minecraft:interact_with_furnace":38,"minecraft:time_since_rest":72206,"minecraft:damage_taken":1710,"minecraft:damage_dealt":8372,"minecraft:player_kills":6,"minecraft:fly_one_cm":140276,"minecraft:open_chest":345,"minecraft:crouch_one_cm":59733,"minecraft:fall_one_cm":6247},"minecraft:mined":{"minecraft:deepslate_tiles":7,"minecraft:diamond_ore":1,"minecraft:tuff":15,"minecraft:deepslate_diamond_ore":1,"minecraft:candle":1,"minecraft:dark_oak_log":1,"minecraft:granite":30,"minecraft:budding_amethyst":4,"minecraft:grass_block":158,"minecraft:deepslate_bricks":15,"minecraft:raw_iron_block":2,"minecraft:furnace":1,"minecraft:raw_gold_block":5,"minecraft:iron_ore":33,"minecraft:snow":42,"minecraft:andesite":32,"minecraft:pumpkin":3,"minecraft:deepslate_lapis_ore":8,"minecraft:deepslate_iron_ore":13,"minecraft:packed_ice":14,"minecraft:stone":128,"minecraft:spruce_slab":5,"minecraft:podzol":32,"minecraft:oak_slab":25,"minecraft:gray_terracotta":7,"minecraft:snow_block":68,"minecraft:torch":4,"minecraft:powder_snow":14,"minecraft:clay":24,"minecraft:crafting_table":2,"minecraft:calcite":45,"minecraft:melon":12,"minecraft:chest":27,"minecraft:copper_ore":51,"minecraft:deepslate_coal_ore":3,"minecraft:deepslate_gold_ore":19,"minecraft:amethyst_block":53,"minecraft:diorite":55,"minecraft:deepslate_copper_ore":13,"minecraft:white_terracotta":21,"minecraft:blue_terracotta":3,"minecraft:birch_log":26,"minecraft:sweet_berry_bush":2,"minecraft:wheat":38,"minecraft:ice":1,"minecraft:blue_ice":8,"minecraft:spruce_log":11,"minecraft:coal_ore":16,"minecraft:oak_log":103,"minecraft:gravel":65,"minecraft:dripstone_block":7,"minecraft:dirt":77,"minecraft:smooth_basalt":18,"minecraft:terracotta":9,"minecraft:raw_copper_block":3,"minecraft:gold_ore":10,"minecraft:deepslate":57,"minecraft:oak_leaves":16,"minecraft:suspicious_gravel":27},"minecraft:used":{"minecraft:iron_shovel":265,"minecraft:stone_shovel":13,"minecraft:spruce_slab":9,"minecraft:chest":18,"minecraft:shield":16,"minecraft:iron_sword":115,"minecraft:cooked_chicken":1,"minecraft:wooden_shovel":153,"minecraft:stone_hoe":62,"minecraft:torch":26,"minecraft:dirt":131,"minecraft:snowball":68,"minecraft:milk_bucket":3,"minecraft:wooden_axe":102,"minecraft:iron_axe":141,"minecraft:birch_sapling":1,"minecraft:dark_oak_slab":4,"minecraft:bow":11,"minecraft:sweet_berries":18,"minecraft:oak_sapling":10,"minecraft:furnace":2,"minecraft:pumpkin":1,"minecraft:wheat_seeds":88,"minecraft:water_bucket":16,"minecraft:stone_pickaxe":39,"minecraft:wooden_pickaxe":9,"minecraft:oak_slab":462,"minecraft:crafting_table":3,"minecraft:oak_log":1,"minecraft:gray_terracotta":1,"minecraft:iron_pickaxe":705,"minecraft:melon_slice":32,"minecraft:cooked_rabbit":5,"minecraft:bucket":15,"minecraft:candle":2,"minecraft:bone_meal":67},"minecraft:picked_up":{"minecraft:crafting_table":3,"minecraft:wheat":41,"minecraft:chicken":1,"minecraft:clay_ball":100,"minecraft:wooden_pickaxe":1,"minecraft:shield":1,"minecraft:amethyst_block":67,"minecraft:string":19,"minecraft:raw_copper":253,"minecraft:iron_axe":1,"minecraft:deepslate_tiles":3,"minecraft:candle":2,"minecraft:cobbled_deepslate":18,"minecraft:music_disc_otherside":2,"minecraft:beef":11,"minecraft:calcite":49,"minecraft:wooden_shovel":4,"minecraft:iron_pickaxe":1,"minecraft:spruce_slab":5,"minecraft:melon_slice":74,"minecraft:chest":58,"minecraft:furnace":1,"minecraft:egg":12,"minecraft:golden_helmet":1,"minecraft:tipped_arrow":3,"minecraft:stick":34,"minecraft:raw_iron":48,"minecraft:sheaf_pottery_sherd":8,"minecraft:raw_gold_block":10,"minecraft:music_disc_relic":1,"minecraft:oak_fence":3,"minecraft:torch":18,"minecraft:porkchop":1,"minecraft:diorite":68,"minecraft:rabbit_foot":1,"minecraft:arrow":21,"minecraft:rotten_flesh":11,"minecraft:deepslate_bricks":11,"minecraft:white_terracotta":21,"minecraft:mutton":2,"minecraft:snowball":202,"minecraft:cod":1,"minecraft:rail":8,"minecraft:white_wool":2,"minecraft:cobblestone":144,"minecraft:birch_log":27,"minecraft:feather":2,"minecraft:golden_carrot":6,"minecraft:birch_slab":5,"minecraft:andesite":81,"minecraft:leather":5,"minecraft:red_mushroom":4,"minecraft:birch_planks":102,"minecraft:flint":4,"minecraft:tuff":8,"minecraft:oak_log":119,"minecraft:gunpowder":10,"minecraft:lapis_lazuli":37,"minecraft:stripped_birch_log":4,"minecraft:dirt":481,"minecraft:paper":2,"minecraft:disc_fragment_5":3,"minecraft:bone":15,"minecraft:apple":7,"minecraft:gray_terracotta":1,"minecraft:bow":2,"minecraft:wheat_seeds":106,"minecraft:raw_gold":23,"minecraft:rabbit_hide":3,"minecraft:iron_ingot":36,"minecraft:stone_pickaxe":6,"minecraft:rabbit":22,"minecraft:iron_sword":1,"minecraft:oak_planks":1,"minecraft:flowering_azalea":3,"minecraft:book":2,"minecraft:oak_slab":97,"minecraft:smooth_basalt":9,"minecraft:pumpkin":12,"minecraft:sweet_berries":23,"minecraft:raw_iron_block":2,"minecraft:dripstone_block":7,"minecraft:gravel":104,"minecraft:amethyst_shard":1,"minecraft:spruce_sapling":1,"minecraft:ink_sac":8,"minecraft:spruce_log":8,"minecraft:spider_eye":4,"minecraft:blue_terracotta":2,"minecraft:diamond":2,"minecraft:writable_book":1,"minecraft:granite":34,"minecraft:terracotta":2,"minecraft:oak_sapling":20,"minecraft:coal":43}},"DataVersion":3700}