{"stats":{"minecraft:mined":{"minecraft:white_bed":17,"minecraft:black_terracotta":11,"minecraft:cherry_log":81,"minecraft:jungle_leaves":3,"minecraft:red_nether_bricks":10,"minecraft:obsidian":2,"minecraft:carved_pumpkin":2,"minecraft:granite":55,"minecraft:acacia_log":14,"minecraft:red_sand":71,"minecraft:jungle_log":21,"minecraft:oak_pressure_plate":2,"minecraft:deepslate_bricks":133,"minecraft:bamboo_block":46,"minecraft:tube_coral_block":3,"minecraft:hopper":1,"minecraft:chiseled_stone_bricks":17,"minecraft:magma_block":2,"minecraft:fire":15,"minecraft:cobbled_deepslate":33,"minecraft:pumpkin":135,"minecraft:deepslate_lapis_ore":44,"minecraft:fletching_table":3,"minecraft:sculk_shrieker":20,"minecraft:small_amethyst_bud":1,"minecraft:crimson_nylium":20,"minecraft:powder_snow":14,"minecraft:torch":49,"minecraft:melon":50,"minecraft:glass":16,"minecraft:bamboo_mosaic":31,"minecraft:sugar_cane":26,"minecraft:amethyst_block":206,"minecraft:birch_sapling":1,"minecraft:white_terracotta":31,"minecraft:cherry_fence":5,"minecraft:verdant_froglight":7,"minecraft:mud":61,"minecraft:wheat":1155,"minecraft:pumpkin_stem":6,"minecraft:oak_fence_gate":2,"minecraft:smooth_quartz":70,"minecraft:mangrove_log":11,"minecraft:smooth_basalt":37,"minecraft:red_mushroom_block":17,"minecraft:deepslate":275,"minecraft:suspicious_gravel":51,"minecraft:attached_pumpkin_stem":1,"minecraft:yellow_terracotta":20,"minecraft:deepslate_tiles":48,"minecraft:dark_prismarine":41,"minecraft:mossy_cobblestone":41,"minecraft:dark_oak_log":23,"minecraft:jack_o_lantern":5,"minecraft:sea_lantern":22,"minecraft:nether_bricks":18,"minecraft:spruce_fence":2,"minecraft:cherry_wood":10,"minecraft:moss_block":172,"minecraft:redstone_ore":32,"minecraft:packed_mud":27,"minecraft:red_sandstone":36,"minecraft:snow":477,"minecraft:suspicious_sand":17,"minecraft:andesite":65,"minecraft:green_terracotta":9,"minecraft:cobblestone_slab":156,"minecraft:bamboo":116,"minecraft:bone_block":7,"minecraft:fire_coral_block":6,"minecraft:white_wool":3,"minecraft:smithing_table":2,"minecraft:oak_slab":188,"minecraft:soul_sand":18,"minecraft:emerald_ore":40,"minecraft:sponge":12,"minecraft:dropper":1,"minecraft:copper_ore":154,"minecraft:dried_kelp_block":4,"minecraft:deepslate_gold_ore":52,"minecraft:diorite":82,"minecraft:warped_wart_block":16,"minecraft:pearlescent_froglight":2,"minecraft:red_terracotta":9,"minecraft:cobblestone_wall":1,"minecraft:white_carpet":12,"minecraft:spruce_log":21,"minecraft:quartz_pillar":42,"minecraft:mycelium":26,"minecraft:gravel":110,"minecraft:dripstone_block":89,"minecraft:brown_terracotta":15,"minecraft:stone_bricks":25,"minecraft:gold_ore":62,"minecraft:deepslate_emerald_ore":28,"minecraft:attached_melon_stem":1,"minecraft:oak_sapling":1,"minecraft:brewing_stand":1,"minecraft:budding_amethyst":67,"minecraft:grass_block":361,"minecraft:dead_tube_coral_block":1,"minecraft:soul_soil":6,"minecraft:mud_bricks":27,"minecraft:gilded_blackstone":9,"minecraft:raw_iron_block":18,"minecraft:glowstone":5,"minecraft:sculk_catalyst":26,"minecraft:iron_ore":131,"minecraft:anvil":3,"minecraft:pointed_dripstone":32,"minecraft:brain_coral_block":13,"minecraft:spruce_slab":30,"minecraft:deepslate_redstone_ore":14,"minecraft:gray_terracotta":7,"minecraft:quartz_block":122,"minecraft:cyan_terracotta":9,"minecraft:blackstone":28,"minecraft:orange_terracotta":17,"minecraft:chiseled_quartz_block":66,"minecraft:clay":78,"minecraft:light_gray_terracotta":15,"minecraft:calcite":164,"minecraft:chest":98,"minecraft:mushroom_stem":13,"minecraft:nether_quartz_ore":5,"minecraft:cobblestone":5818,"minecraft:honeycomb_block":18,"minecraft:prismarine":57,"minecraft:oak_planks":35,"minecraft:wall_torch":4,"minecraft:deepslate_copper_ore":98,"minecraft:light_blue_terracotta":16,"minecraft:warped_nylium":6,"minecraft:powered_rail":3,"minecraft:blue_terracotta":7,"minecraft:dark_oak_slab":50,"minecraft:nether_wart_block":10,"minecraft:birch_log":40,"minecraft:blue_ice":8,"minecraft:lava_cauldron":4,"minecraft:cracked_deepslate_tiles":17,"minecraft:oak_log":2471,"minecraft:lime_terracotta":4,"minecraft:sand":122,"minecraft:dirt":360,"minecraft:raw_copper_block":29,"minecraft:netherrack":42,"minecraft:oak_leaves":267,"minecraft:horn_coral_block":2,"minecraft:nether_gold_ore":8,"minecraft:diamond_ore":25,"minecraft:crying_obsidian":2,"minecraft:tuff":77,"minecraft:candle":1,"minecraft:deepslate_diamond_ore":29,"minecraft:mangrove_roots":8,"minecraft:chiseled_bookshelf":34,"minecraft:calibrated_sculk_sensor":35,"minecraft:brown_mushroom_block":27,"minecraft:birch_slab":82,"minecraft:sandstone":60,"minecraft:rooted_dirt":21,"minecraft:hay_block":9,"minecraft:oak_trapdoor":25,"minecraft:furnace":1,"minecraft:carrots":70,"minecraft:raw_gold_block":15,"minecraft:chiseled_deepslate":38,"minecraft:detector_rail":2,"minecraft:dead_horn_coral_block":4,"minecraft:bookshelf":2,"minecraft:shroomlight":11,"minecraft:deepslate_iron_ore":73,"minecraft:packed_ice":19,"minecraft:stone":218,"minecraft:pink_terracotta":23,"minecraft:podzol":35,"minecraft:scaffolding":1,"minecraft:snow_block":71,"minecraft:basalt":2,"minecraft:oak_fence":59,"minecraft:crafting_table":9,"minecraft:honey_block":8,"minecraft:sculk_sensor":53,"minecraft:lectern":363,"minecraft:deepslate_coal_ore":87,"minecraft:lapis_ore":48,"minecraft:sculk":97,"minecraft:prismarine_bricks":54,"minecraft:beehive":10,"minecraft:magenta_terracotta":20,"minecraft:sweet_berry_bush":10,"minecraft:ice":2,"minecraft:bee_nest":6,"minecraft:muddy_mangrove_roots":8,"minecraft:dead_brain_coral_block":2,"minecraft:coal_ore":92,"minecraft:ochre_froglight":4,"minecraft:cherry_leaves":13,"minecraft:cracked_stone_bricks":23,"minecraft:terracotta":28,"minecraft:mossy_stone_bricks":34},"minecraft:used":{"minecraft:writable_book":1,"minecraft:spruce_slab":40,"minecraft:chest":48,"minecraft:snowball":91,"minecraft:lava_bucket":18,"minecraft:grass_block":9,"minecraft:birch_sapling":1,"minecraft:dark_oak_slab":68,"minecraft:bow":125,"minecraft:sweet_berries":62,"minecraft:oak_sapling":645,"minecraft:furnace":2,"minecraft:egg":904,"minecraft:mossy_stone_bricks":4,"minecraft:powered_rail":9,"minecraft:leather_chestplate":1,"minecraft:wooden_pickaxe":9,"minecraft:golden_apple":2,"minecraft:dark_oak_trapdoor":4,"minecraft:sand":5,"minecraft:pumpkin_seeds":16,"minecraft:lightning_rod":4,"minecraft:birch_slab":95,"minecraft:lectern":367,"minecraft:oak_pressure_plate":3,"minecraft:diamond_sword":59,"minecraft:smithing_table":2,"minecraft:ice":1,"minecraft:oak_boat":7,"minecraft:oak_trapdoor":35,"minecraft:torch":422,"minecraft:brewing_stand":1,"minecraft:anvil":4,"minecraft:oak_fence_gate":5,"minecraft:music_disc_mellohi":7,"minecraft:rooted_dirt":1,"minecraft:iron_axe":2286,"minecraft:cherry_fence_gate":1,"minecraft:melon_seeds":3,"minecraft:bamboo":25,"minecraft:goat_horn":18,"minecraft:cherry_fence":47,"minecraft:pointed_dripstone":27,"minecraft:calcite":1,"minecraft:wheat_seeds":1241,"minecraft:water_bucket":84,"minecraft:cauldron":13,"minecraft:fletching_table":4,"minecraft:deepslate_bricks":5,"minecraft:cracked_stone_bricks":3,"minecraft:rail":8,"minecraft:crafting_table":11,"minecraft:oak_slab":5784,"minecraft:white_bed":30,"minecraft:oak_log":12,"minecraft:diamond_pickaxe":599,"minecraft:diamond_shovel":39,"minecraft:iron_pickaxe":3057,"minecraft:cobblestone":348,"minecraft:cooked_porkchop":3,"minecraft:candle":8,"minecraft:red_sand":2,"minecraft:iron_shovel":1360,"minecraft:oak_sign":5,"minecraft:shield":135,"minecraft:white_terracotta":36,"minecraft:iron_sword":930,"minecraft:green_terracotta":2,"minecraft:carrot":74,"minecraft:music_disc_13":2,"minecraft:obsidian":10,"minecraft:milk_bucket":4,"minecraft:glass":28,"minecraft:stone_bricks":6,"minecraft:birch_trapdoor":8,"minecraft:scaffolding":40,"minecraft:dropper":2,"minecraft:stone_pickaxe":3478,"minecraft:oak_planks":36,"minecraft:chainmail_helmet":3,"minecraft:diamond_axe":540,"minecraft:white_wool":3,"minecraft:loom":1,"minecraft:dripstone_block":23,"minecraft:black_terracotta":3,"minecraft:lever":1,"minecraft:melon_slice":130,"minecraft:bread":10,"minecraft:cooked_rabbit":5,"minecraft:bone_meal":97,"minecraft:oak_fence":59,"minecraft:netherite_sword":444,"minecraft:trident":1,"minecraft:flint_and_steel":5,"minecraft:stone_shovel":96,"minecraft:redstone":2,"minecraft:wooden_shovel":153,"minecraft:stone_hoe":290,"minecraft:cooked_chicken":206,"minecraft:dirt":648,"minecraft:spyglass":33,"minecraft:white_carpet":21,"minecraft:hopper":11,"minecraft:cobblestone_wall":1,"minecraft:granite":1,"minecraft:spruce_fence":2,"minecraft:iron_hoe":17,"minecraft:wooden_axe":102,"minecraft:bookshelf":2,"minecraft:golden_carrot":3,"minecraft:netherite_pickaxe":3408,"minecraft:minecart":7,"minecraft:cooked_beef":1,"minecraft:pumpkin":1,"minecraft:cooked_mutton":67,"minecraft:cobblestone_slab":3971,"minecraft:gray_terracotta":1,"minecraft:apple":2,"minecraft:netherite_axe":640,"minecraft:detector_rail":2,"minecraft:stone_axe":1391,"minecraft:bucket":137},"minecraft:picked_up":{"minecraft:seagrass":7,"minecraft:anvil":3,"minecraft:prismarine_shard":12,"minecraft:smithing_table":2,"minecraft:lead":17,"minecraft:enchanted_book":7,"minecraft:brewing_stand":1,"minecraft:amethyst_block":208,"minecraft:string":58,"minecraft:soul_soil":1,"minecraft:explorer_pottery_sherd":1,"minecraft:red_nether_bricks":2,"minecraft:shroomlight":7,"minecraft:gold_nugget":75,"minecraft:cobbled_deepslate":275,"minecraft:spruce_planks":1,"minecraft:enchanted_golden_apple":1,"minecraft:melon_slice":457,"minecraft:mangrove_log":11,"minecraft:golden_helmet":2,"minecraft:beehive":7,"minecraft:sheaf_pottery_sherd":8,"minecraft:music_disc_blocks":1,"minecraft:big_dripleaf":6,"minecraft:acacia_log":11,"minecraft:honeycomb_block":18,"minecraft:cherry_log":83,"minecraft:pink_terracotta":33,"minecraft:rabbit_foot":1,"minecraft:green_terracotta":17,"minecraft:cauldron":4,"minecraft:zombie_spawn_egg":1,"minecraft:bamboo_block":44,"minecraft:stone_sword":2,"minecraft:honey_bottle":11,"minecraft:horn_coral_fan":2,"minecraft:tropical_fish":21,"minecraft:iron_block":2,"minecraft:carved_pumpkin":1,"minecraft:cyan_terracotta":4,"minecraft:wolf_spawn_egg":1,"minecraft:white_terracotta":39,"minecraft:ravager_spawn_egg":1,"minecraft:blaze_rod":2,"minecraft:snowball":650,"minecraft:sponge":12,"minecraft:birch_log":37,"minecraft:magma_block":5,"minecraft:feather":576,"minecraft:cooked_beef":1,"minecraft:birch_slab":73,"minecraft:water_bucket":14,"minecraft:jungle_log":22,"minecraft:flint":14,"minecraft:cherry_fence":9,"minecraft:magenta_terracotta":20,"minecraft:disc_fragment_5":3,"minecraft:gray_terracotta":1,"minecraft:rabbit":22,"minecraft:glowstone_dust":92,"minecraft:moss_block":219,"minecraft:pitcher_pod":1,"minecraft:honeycomb":4,"minecraft:warped_wart_block":4,"minecraft:dropper":1,"minecraft:ink_sac":18,"minecraft:dark_oak_log":23,"minecraft:red_terracotta":10,"minecraft:iron_hoe":3,"minecraft:snout_armor_trim_smithing_template":1,"minecraft:blue_terracotta":6,"minecraft:angler_pottery_sherd":18,"minecraft:writable_book":11,"minecraft:dead_brain_coral_block":16,"minecraft:granite":56,"minecraft:chainmail_helmet":16,"minecraft:bread":48,"minecraft:rooted_dirt":36,"minecraft:jack_o_lantern":5,"minecraft:plenty_pottery_sherd":5,"minecraft:diamond_pickaxe":9,"minecraft:crafting_table":12,"minecraft:mud":56,"minecraft:shelter_pottery_sherd":5,"minecraft:bubble_coral_fan":1,"minecraft:nether_wart":2,"minecraft:clay_ball":272,"minecraft:dead_horn_coral_block":5,"minecraft:flint_and_steel":2,"minecraft:white_carpet":13,"minecraft:iron_shovel":12,"minecraft:cracked_stone_bricks":29,"minecraft:netherite_sword":15,"minecraft:music_disc_otherside":2,"minecraft:beef":12,"minecraft:poppy":6,"minecraft:jungle_sapling":4,"minecraft:spruce_slab":29,"minecraft:minecart":9,"minecraft:chest":137,"minecraft:birch_sapling":7,"minecraft:raw_copper_block":26,"minecraft:egg":1314,"minecraft:sandstone":42,"minecraft:raw_gold_block":20,"minecraft:music_disc_mellohi":10,"minecraft:amethyst_cluster":1,"minecraft:spruce_fence":2,"minecraft:fire_charge":2,"minecraft:skull_pottery_sherd":8,"minecraft:carrot":278,"minecraft:redstone":277,"minecraft:netherite_pickaxe":3,"minecraft:prismarine_crystals":60,"minecraft:stone_shovel":5,"minecraft:beetroot_seeds":12,"minecraft:tube_coral_fan":1,"minecraft:shears":1,"minecraft:deepslate_bricks":117,"minecraft:hay_block":5,"minecraft:yellow_terracotta":21,"minecraft:gold_ingot":10,"minecraft:glow_berries":4,"minecraft:mutton":232,"minecraft:white_wool":357,"minecraft:bone_block":12,"minecraft:rail":8,"minecraft:mud_bricks":18,"minecraft:red_mushroom":20,"minecraft:ochre_froglight":35,"minecraft:torchflower":3,"minecraft:packed_mud":23,"minecraft:oak_log":2483,"minecraft:lily_pad":12,"minecraft:ancient_debris":1,"minecraft:golden_boots":11,"minecraft:paper":2,"minecraft:apple":128,"minecraft:stone_bricks":25,"minecraft:kelp":1,"minecraft:creeper_spawn_egg":1,"minecraft:spore_blossom":2,"minecraft:music_disc_far":3,"minecraft:oak_fence_gate":5,"minecraft:stone_pickaxe":19,"minecraft:blade_pottery_sherd":6,"minecraft:glass_bottle":3,"minecraft:iron_sword":14,"minecraft:flowering_azalea":6,"minecraft:smooth_basalt":23,"minecraft:dark_oak_slab":70,"minecraft:sweet_berries":733,"minecraft:spyglass":5,"minecraft:torchflower_seeds":2,"minecraft:gravel":130,"minecraft:dead_fire_coral_block":9,"minecraft:spruce_sapling":2,"minecraft:spruce_log":18,"minecraft:crying_obsidian":2,"minecraft:archer_pottery_sherd":4,"minecraft:leather_helmet":1,"minecraft:diamond_shovel":1,"minecraft:husk_spawn_egg":1,"minecraft:slime_ball":164,"minecraft:snort_pottery_sherd":5,"minecraft:stone_axe":8,"minecraft:short_grass":2,"minecraft:oak_button":1,"minecraft:melon_seeds":4,"minecraft:mangrove_propagule":2,"minecraft:goat_spawn_egg":1,"minecraft:hopper":10,"minecraft:chiseled_deepslate":34,"minecraft:wheat":1129,"minecraft:gilded_blackstone":4,"minecraft:dead_tube_coral_block":4,"minecraft:raw_copper":1108,"minecraft:deepslate_tiles":31,"minecraft:red_sand":57,"minecraft:bucket":4,"minecraft:cobblestone_slab":343,"minecraft:calcite":165,"minecraft:smooth_quartz":73,"minecraft:wooden_shovel":4,"minecraft:iron_pickaxe":12,"minecraft:furnace":1,"minecraft:tipped_arrow":3,"minecraft:stick":3544,"minecraft:brown_terracotta":13,"minecraft:oak_fence":65,"minecraft:torch":126,"minecraft:porkchop":63,"minecraft:pointed_dripstone":54,"minecraft:diorite":91,"minecraft:goat_horn":1,"minecraft:quartz_block":129,"minecraft:rotten_flesh":51,"minecraft:mangrove_roots":5,"minecraft:fire_coral_fan":1,"minecraft:obsidian":2,"minecraft:cod":3,"minecraft:cobblestone":7139,"minecraft:pink_petals":3,"minecraft:muddy_mangrove_roots":3,"minecraft:leather_chestplate":2,"minecraft:lilac":2,"minecraft:magma_cream":7,"minecraft:cherry_planks":3,"minecraft:andesite":141,"minecraft:chiseled_quartz_block":66,"minecraft:magenta_dye":4,"minecraft:tuff":74,"minecraft:prismarine_bricks":51,"minecraft:lapis_lazuli":734,"minecraft:dirt":1119,"minecraft:stripped_birch_log":4,"minecraft:glass":1,"minecraft:bone":154,"minecraft:bow":15,"minecraft:wheat_seeds":3465,"minecraft:orange_tulip":3,"minecraft:raw_gold":125,"minecraft:netherite_axe":3,"minecraft:mossy_stone_bricks":37,"minecraft:fletching_table":3,"minecraft:bamboo":1126,"minecraft:powered_rail":4,"minecraft:prismarine":67,"minecraft:oak_planks":576,"minecraft:stone_hoe":7,"minecraft:black_terracotta":10,"minecraft:cooked_porkchop":38,"minecraft:music_disc_13":1,"minecraft:oak_pressure_plate":2,"minecraft:sand":96,"minecraft:dead_bush":2,"minecraft:grass_block":9,"minecraft:mossy_cobblestone":35,"minecraft:dark_prismarine":56,"minecraft:light_gray_terracotta":12,"minecraft:sugar":2,"minecraft:light_blue_terracotta":16,"minecraft:diamond":80,"minecraft:cherry_wood":10,"minecraft:crossbow":1,"minecraft:bone_meal":6,"minecraft:golden_apple":9,"minecraft:emerald":110,"minecraft:oak_sapling":999,"minecraft:netherrack":54,"minecraft:lingering_potion":1,"minecraft:chicken":485,"minecraft:brown_mushroom":8,"minecraft:wooden_pickaxe":1,"minecraft:diamond_horse_armor":1,"minecraft:shield":21,"minecraft:oak_trapdoor":29,"minecraft:moss_carpet":4,"minecraft:iron_axe":11,"minecraft:vex_spawn_egg":2,"minecraft:mycelium":43,"minecraft:blackstone":20,"minecraft:candle":5,"minecraft:detector_rail":2,"minecraft:oak_boat":11,"minecraft:lectern":363,"minecraft:sugar_cane":48,"minecraft:phantom_membrane":4,"minecraft:dark_oak_sapling":2,"minecraft:raw_iron":265,"minecraft:music_disc_relic":1,"minecraft:copper_ingot":1,"minecraft:quartz_pillar":39,"minecraft:trident":5,"minecraft:brown_dye":5,"minecraft:arrow":296,"minecraft:nether_bricks":79,"minecraft:glistering_melon_slice":7,"minecraft:cracked_deepslate_tiles":17,"minecraft:basalt":2,"minecraft:golden_carrot":8,"minecraft:glow_ink_sac":25,"minecraft:salmon":2,"minecraft:leather":16,"minecraft:birch_planks":102,"minecraft:crimson_fungus":1,"minecraft:cobblestone_wall":19,"minecraft:nether_wart_block":6,"minecraft:gunpowder":24,"minecraft:cobblestone_stairs":31,"minecraft:heart_pottery_sherd":12,"minecraft:orange_terracotta":13,"minecraft:cooked_mutton":33,"minecraft:pearlescent_froglight":2,"minecraft:red_sandstone":30,"minecraft:rabbit_hide":3,"minecraft:iron_ingot":90,"minecraft:cooked_chicken":430,"minecraft:frogspawn":5,"minecraft:verdant_froglight":7,"minecraft:acacia_sapling":1,"minecraft:soul_sand":17,"minecraft:green_dye":5,"minecraft:book":17,"minecraft:sculk_catalyst":8,"minecraft:scaffolding":10,"minecraft:oak_slab":873,"minecraft:warped_fungus":2,"minecraft:pitcher_plant":1,"minecraft:pumpkin":144,"minecraft:chiseled_stone_bricks":17,"minecraft:budding_amethyst":2,"minecraft:quartz":11,"minecraft:raw_iron_block":18,"minecraft:dripstone_block":62,"minecraft:amethyst_shard":1,"minecraft:white_bed":17,"minecraft:spider_eye":16,"minecraft:bamboo_mosaic":29,"minecraft:pumpkin_seeds":12,"minecraft:dried_kelp_block":6,"minecraft:honey_block":8,"minecraft:dead_bubble_coral_block":2,"minecraft:iron_helmet":3,"minecraft:cherry_sapling":7,"minecraft:terracotta":25,"minecraft:coal":299},"minecraft:custom":{"minecraft:interact_with_crafting_table":505,"minecraft:leave_game":17,"minecraft:time_since_death":46465,"minecraft:damage_blocked_by_shield":2536,"minecraft:play_time":2350414,"minecraft:deaths":30,"minecraft:jump":24435,"minecraft:interact_with_furnace":435,"minecraft:play_record":9,"minecraft:traded_with_villager":361,"minecraft:sleep_in_bed":11,"minecraft:damage_dealt":125471,"minecraft:interact_with_smithing_table":8,"minecraft:use_cauldron":37,"minecraft:horse_one_cm":46720,"minecraft:inspect_dropper":7,"minecraft:interact_with_anvil":15,"minecraft:sneak_time":206606,"minecraft:total_world_time":2350414,"minecraft:interact_with_stonecutter":1,"minecraft:time_since_rest":6133,"minecraft:swim_one_cm":267,"minecraft:fly_one_cm":4582437,"minecraft:open_chest":4815,"minecraft:fall_one_cm":345174,"minecraft:animals_bred":579,"minecraft:sprint_one_cm":3015436,"minecraft:drop":1500,"minecraft:talked_to_villager":1332,"minecraft:interact_with_brewingstand":3,"minecraft:walk_on_water_one_cm":16952,"minecraft:interact_with_loom":6,"minecraft:player_kills":19,"minecraft:crouch_one_cm":873751,"minecraft:mob_kills":1229,"minecraft:damage_dealt_resisted":850,"minecraft:climb_one_cm":44358,"minecraft:walk_one_cm":4409956,"minecraft:walk_under_water_one_cm":13175,"minecraft:boat_one_cm":25010,"minecraft:damage_absorbed":80,"minecraft:damage_taken":24009},"minecraft:dropped":{"minecraft:iron_sword":4,"minecraft:lapis_lazuli":62,"minecraft:cooked_beef":1,"minecraft:glow_ink_sac":16,"minecraft:glass_bottle":1,"minecraft:diamond":15,"minecraft:crafting_table":1,"minecraft:spore_blossom":2,"minecraft:cooked_porkchop":17,"minecraft:crossbow":1,"minecraft:rooted_dirt":20,"minecraft:archer_pottery_sherd":4,"minecraft:rail":3,"minecraft:leather_helmet":1,"minecraft:red_mushroom":2,"minecraft:emerald":16,"minecraft:gold_block":2,"minecraft:packed_mud":3,"minecraft:dirt":280,"minecraft:gold_nugget":3,"minecraft:writable_book":7,"minecraft:wooden_sword":1,"minecraft:bone_meal":7,"minecraft:sand":31,"minecraft:sugar":2,"minecraft:iron_pickaxe":4,"minecraft:white_wool":41,"minecraft:bone":33,"minecraft:stone_axe":3,"minecraft:cooked_chicken":243,"minecraft:cobbled_deepslate":34,"minecraft:birch_sapling":2,"minecraft:wheat":44,"minecraft:rotten_flesh":21,"minecraft:oak_planks":451,"minecraft:music_disc_far":1,"minecraft:white_bed":1,"minecraft:dead_fire_coral_block":1,"minecraft:salmon":3,"minecraft:tipped_arrow":3,"minecraft:jungle_log":2,"minecraft:heart_pottery_sherd":4,"minecraft:glass":2,"minecraft:beef":2,"minecraft:cherry_fence":4,"minecraft:egg":229,"minecraft:iron_ingot":9,"minecraft:wolf_spawn_egg":1,"minecraft:wheat_seeds":727,"minecraft:dripstone_block":1,"minecraft:book":6,"minecraft:oak_fence":3,"minecraft:yellow_terracotta":7,"minecraft:feather":97,"minecraft:cobblestone":3904,"minecraft:prismarine_crystals":18,"minecraft:apple":16,"minecraft:granite":6,"minecraft:explorer_pottery_sherd":1,"minecraft:bamboo_block":8,"minecraft:chainmail_helmet":1,"minecraft:coal":59,"minecraft:dried_kelp_block":2,"minecraft:ink_sac":4,"minecraft:golden_carrot":3,"minecraft:wooden_axe":1,"minecraft:rabbit":7,"minecraft:brown_terracotta":2,"minecraft:stripped_birch_log":2,"minecraft:pumpkin":19,"minecraft:mud":4,"minecraft:angler_pottery_sherd":10,"minecraft:iron_shovel":1,"minecraft:string":4,"minecraft:lily_pad":5,"minecraft:spruce_sapling":3,"minecraft:moss_carpet":4,"minecraft:green_terracotta":12,"minecraft:stone_sword":1,"minecraft:cobblestone_wall":18,"minecraft:stone_shovel":4,"minecraft:chicken":10,"minecraft:white_carpet":2,"minecraft:clay_ball":56,"minecraft:white_terracotta":3,"minecraft:glow_lichen":2,"minecraft:budding_amethyst":1,"minecraft:nether_bricks":4,"minecraft:pumpkin_seeds":3,"minecraft:big_dripleaf":1,"minecraft:cobblestone_slab":64,"minecraft:diamond_pickaxe":3,"minecraft:wooden_shovel":6,"minecraft:carved_pumpkin":1,"minecraft:bamboo":84,"minecraft:sandstone":6,"minecraft:red_sand":6,"minecraft:bow":4,"minecraft:dark_prismarine":1,"minecraft:cooked_rabbit":4,"minecraft:terracotta":6,"minecraft:soul_sand":1,"minecraft:moss_block":45,"minecraft:birch_planks":68,"minecraft:oak_log":237,"minecraft:birch_slab":5,"minecraft:cobblestone_stairs":31,"minecraft:cod":1,"minecraft:flint":1,"minecraft:cyan_terracotta":1,"minecraft:dark_oak_log":6,"minecraft:mutton":1,"minecraft:snowball":195,"minecraft:axolotl_bucket":2,"minecraft:birch_log":2,"minecraft:gold_ingot":10,"minecraft:honeycomb_block":7,"minecraft:gravel":11,"minecraft:pink_terracotta":12,"minecraft:blackstone":6,"minecraft:music_disc_otherside":1,"minecraft:pointed_dripstone":1,"minecraft:cherry_sapling":2,"minecraft:prismarine":16,"minecraft:cooked_mutton":36,"minecraft:carrot":4,"minecraft:poppy":3,"minecraft:trident":1,"minecraft:gunpowder":12,"minecraft:blade_pottery_sherd":1,"minecraft:melon_seeds":7,"minecraft:chest":32,"minecraft:arrow":56,"minecraft:prismarine_bricks":3,"minecraft:scaffolding":1,"minecraft:netherrack":4,"minecraft:water_bucket":5,"minecraft:stone_hoe":3,"minecraft:bread":9,"minecraft:oak_slab":164,"minecraft:cherry_log":5,"minecraft:mossy_cobblestone":6,"minecraft:minecart":1,"minecraft:prismarine_shard":6,"minecraft:lead":4,"minecraft:amethyst_block":25,"minecraft:frogspawn":2,"minecraft:copper_ingot":1,"minecraft:tropical_fish":17,"minecraft:grass_block":1,"minecraft:stick":4049,"minecraft:milk_bucket":1,"minecraft:diorite":9,"minecraft:torch":44,"minecraft:melon_slice":84,"minecraft:flowering_azalea":2,"minecraft:iron_axe":3,"minecraft:raw_iron_block":1,"minecraft:cactus":3,"minecraft:bucket":3,"minecraft:redstone":10,"minecraft:sweet_berries":317,"minecraft:oak_trapdoor":4,"minecraft:raw_copper":127,"minecraft:tuff":11,"minecraft:raw_iron":16,"minecraft:iron_hoe":1,"minecraft:andesite":26,"minecraft:oak_boat":3,"minecraft:oak_sapling":127,"minecraft:spruce_log":4,"minecraft:raw_gold":21,"minecraft:stone_pickaxe":39,"minecraft:wooden_pickaxe":2,"minecraft:music_disc_mellohi":1,"minecraft:dead_brain_coral_block":2,"minecraft:calcite":15,"minecraft:amethyst_cluster":2},"minecraft:killed_by":{"minecraft:magma_cube":1,"minecraft:stray":1,"minecraft:slime":1,"minecraft:warden":12,"minecraft:elder_guardian":1,"minecraft:player":10,"minecraft:skeleton":1},"minecraft:killed":{"minecraft:cave_spider":8,"minecraft:shulker":1,"minecraft:skeleton":47,"minecraft:guardian":5,"minecraft:fox":4,"minecraft:chicken":486,"minecraft:skeleton_horse":30,"minecraft:tropical_fish":1,"minecraft:magma_cube":51,"minecraft:salmon":1,"minecraft:pillager":5,"minecraft:zombie":27,"minecraft:glow_squid":2,"minecraft:cow":2,"minecraft:vindicator":6,"minecraft:zoglin":3,"minecraft:warden":6,"minecraft:husk":15,"minecraft:sniffer":5,"minecraft:rabbit":6,"minecraft:wandering_trader":7,"minecraft:frog":4,"minecraft:polar_bear":2,"minecraft:zombified_piglin":1,"minecraft:witch":10,"minecraft:spider":25,"minecraft:bee":4,"minecraft:silverfish":5,"minecraft:turtle":3,"minecraft:camel":1,"minecraft:wolf":2,"minecraft:pig":32,"minecraft:zombie_villager":4,"minecraft:creeper":16,"minecraft:sheep":146,"minecraft:trader_llama":6,"minecraft:mooshroom":2,"minecraft:stray":6,"minecraft:blaze":3,"minecraft:vex":3,"minecraft:slime":206,"minecraft:phantom":10,"minecraft:drowned":6,"minecraft:hoglin":1},"minecraft:broken":{"minecraft:golden_boots":2,"minecraft:wooden_shovel":2,"minecraft:iron_sword":2,"minecraft:chainmail_helmet":1,"minecraft:stone_hoe":1,"minecraft:iron_axe":9,"minecraft:iron_pickaxe":10,"minecraft:iron_helmet":3,"minecraft:golden_helmet":2,"minecraft:iron_shovel":7,"minecraft:stone_pickaxe":25,"minecraft:stone_axe":13,"minecraft:wooden_axe":1,"minecraft:leather_chestplate":2},"minecraft:crafted":{"minecraft:smooth_stone":3,"minecraft:oak_sign":6,"minecraft:blaze_powder":4,"minecraft:oak_pressure_plate":1,"minecraft:birch_slab":78,"minecraft:loom":1,"minecraft:lever":2,"minecraft:diamond_shovel":1,"minecraft:bookshelf":7,"minecraft:cooked_mutton":226,"minecraft:glass":64,"minecraft:stone_pressure_plate":1,"minecraft:cooked_rabbit":9,"minecraft:wooden_shovel":2,"minecraft:emerald":768,"minecraft:cooked_porkchop":53,"minecraft:diamond_axe":1,"minecraft:smithing_table":1,"minecraft:copper_ingot":64,"minecraft:fletching_table":1,"minecraft:lectern":5,"minecraft:iron_pickaxe":14,"minecraft:iron_block":36,"minecraft:gold_ingot":336,"minecraft:netherite_ingot":2,"minecraft:stone_shovel":3,"minecraft:bone_meal":108,"minecraft:white_carpet":18,"minecraft:detector_rail":6,"minecraft:spruce_slab":18,"minecraft:stone_pickaxe":49,"minecraft:redstone_block":26,"minecraft:dark_oak_planks":188,"minecraft:golden_helmet":1,"minecraft:wheat":99,"minecraft:enchanted_book":15,"minecraft:jungle_slab":6,"minecraft:birch_trapdoor":8,"minecraft:wooden_axe":2,"minecraft:iron_shovel":7,"minecraft:white_bed":15,"minecraft:oak_planks":7737,"minecraft:cobblestone_slab":3984,"minecraft:cooked_chicken":441,"minecraft:stone":16,"minecraft:hopper":1,"minecraft:bow":3,"minecraft:chest":2,"minecraft:oak_button":1,"minecraft:copper_block":7,"minecraft:netherite_upgrade_smithing_template":6,"minecraft:stone_hoe":3,"minecraft:oak_fence":27,"minecraft:cherry_fence":42,"minecraft:dropper":1,"minecraft:oak_slab":5699,"minecraft:arrow":90,"minecraft:cauldron":9,"minecraft:crafting_table":6,"minecraft:spruce_planks":116,"minecraft:wooden_pickaxe":1,"minecraft:gold_block":35,"minecraft:brewing_stand":1,"minecraft:birch_planks":120,"minecraft:dark_oak_slab":24,"minecraft:book":16,"minecraft:paper":60,"minecraft:shield":3,"minecraft:diamond_pickaxe":3,"minecraft:emerald_block":46,"minecraft:stick":9937,"minecraft:iron_ingot":609,"minecraft:snow_block":93,"minecraft:shears":2,"minecraft:cherry_planks":92,"minecraft:raw_iron":171,"minecraft:furnace":1,"minecraft:dark_oak_trapdoor":4,"minecraft:raw_copper_block":141,"minecraft:oak_trapdoor":14,"minecraft:flint_and_steel":1,"minecraft:scaffolding":36,"minecraft:iron_axe":10,"minecraft:netherite_scrap":8,"minecraft:minecart":2,"minecraft:cherry_fence_gate":1,"minecraft:cooked_beef":4,"minecraft:diamond_sword":1,"minecraft:powered_rail":6,"minecraft:iron_sword":5,"minecraft:mangrove_planks":136,"minecraft:bucket":12,"minecraft:stone_axe":13,"minecraft:air":0,"minecraft:bread":174,"minecraft:jungle_planks":8,"minecraft:cut_copper":4,"minecraft:oak_boat":3,"minecraft:raw_gold":135,"minecraft:anvil":1,"minecraft:acacia_planks":72,"minecraft:torch":468,"minecraft:clay":19,"minecraft:lapis_block":101}},"DataVersion":3700}