{"stats":{"minecraft:mined":{"minecraft:oak_sapling":1,"minecraft:attached_melon_stem":1,"minecraft:white_bed":6,"minecraft:red_nether_bricks":5,"minecraft:jungle_leaves":3,"minecraft:carved_pumpkin":2,"minecraft:granite":41,"minecraft:budding_amethyst":23,"minecraft:red_sand":52,"minecraft:acacia_log":12,"minecraft:grass_block":183,"minecraft:dead_tube_coral_block":1,"minecraft:jungle_log":8,"minecraft:oak_pressure_plate":2,"minecraft:soul_soil":5,"minecraft:deepslate_bricks":52,"minecraft:mud_bricks":17,"minecraft:tube_coral_block":3,"minecraft:bamboo_block":12,"minecraft:gilded_blackstone":3,"minecraft:raw_iron_block":3,"minecraft:glowstone":2,"minecraft:fire":14,"minecraft:iron_ore":65,"minecraft:cobbled_deepslate":11,"minecraft:pumpkin":134,"minecraft:deepslate_lapis_ore":22,"minecraft:fletching_table":3,"minecraft:brain_coral_block":8,"minecraft:spruce_slab":30,"minecraft:gray_terracotta":7,"minecraft:cyan_terracotta":9,"minecraft:blackstone":13,"minecraft:crimson_nylium":9,"minecraft:orange_terracotta":10,"minecraft:powder_snow":14,"minecraft:clay":68,"minecraft:torch":29,"minecraft:light_gray_terracotta":8,"minecraft:calcite":77,"minecraft:melon":36,"minecraft:chest":47,"minecraft:glass":16,"minecraft:cobblestone":72,"minecraft:sugar_cane":6,"minecraft:prismarine":46,"minecraft:wall_torch":3,"minecraft:amethyst_block":107,"minecraft:deepslate_copper_ore":46,"minecraft:birch_sapling":1,"minecraft:white_terracotta":30,"minecraft:nether_wart_block":3,"minecraft:warped_nylium":4,"minecraft:blue_terracotta":7,"minecraft:powered_rail":3,"minecraft:dark_oak_slab":44,"minecraft:mud":31,"minecraft:birch_log":33,"minecraft:wheat":519,"minecraft:blue_ice":8,"minecraft:pumpkin_stem":6,"minecraft:oak_log":1013,"minecraft:lime_terracotta":4,"minecraft:sand":110,"minecraft:dirt":284,"minecraft:mangrove_log":10,"minecraft:smooth_basalt":27,"minecraft:nether_gold_ore":6,"minecraft:raw_copper_block":3,"minecraft:netherrack":29,"minecraft:horn_coral_block":1,"minecraft:oak_leaves":219,"minecraft:deepslate":133,"minecraft:yellow_terracotta":13,"minecraft:suspicious_gravel":50,"minecraft:attached_pumpkin_stem":1,"minecraft:dark_prismarine":30,"minecraft:deepslate_tiles":19,"minecraft:diamond_ore":10,"minecraft:tuff":41,"minecraft:mossy_cobblestone":17,"minecraft:deepslate_diamond_ore":12,"minecraft:candle":1,"minecraft:dark_oak_log":10,"minecraft:mangrove_roots":8,"minecraft:sea_lantern":21,"minecraft:nether_bricks":9,"minecraft:spruce_fence":2,"minecraft:birch_slab":68,"minecraft:rooted_dirt":20,"minecraft:sandstone":52,"minecraft:moss_block":95,"minecraft:hay_block":9,"minecraft:redstone_ore":9,"minecraft:oak_trapdoor":13,"minecraft:packed_mud":7,"minecraft:carrots":38,"minecraft:furnace":1,"minecraft:raw_gold_block":5,"minecraft:red_sandstone":17,"minecraft:snow":477,"minecraft:andesite":55,"minecraft:suspicious_sand":12,"minecraft:green_terracotta":9,"minecraft:detector_rail":2,"minecraft:dead_horn_coral_block":3,"minecraft:shroomlight":3,"minecraft:deepslate_iron_ore":42,"minecraft:packed_ice":17,"minecraft:bamboo":53,"minecraft:stone":179,"minecraft:fire_coral_block":2,"minecraft:white_wool":2,"minecraft:podzol":35,"minecraft:oak_slab":160,"minecraft:soul_sand":9,"minecraft:snow_block":68,"minecraft:oak_fence":29,"minecraft:crafting_table":8,"minecraft:emerald_ore":10,"minecraft:dropper":1,"minecraft:lectern":123,"minecraft:copper_ore":102,"minecraft:deepslate_coal_ore":32,"minecraft:dried_kelp_block":4,"minecraft:lapis_ore":16,"minecraft:deepslate_gold_ore":36,"minecraft:diorite":77,"minecraft:warped_wart_block":12,"minecraft:prismarine_bricks":43,"minecraft:red_terracotta":6,"minecraft:sweet_berry_bush":4,"minecraft:ice":2,"minecraft:white_carpet":2,"minecraft:spruce_log":16,"minecraft:muddy_mangrove_roots":4,"minecraft:dead_brain_coral_block":2,"minecraft:ochre_froglight":2,"minecraft:coal_ore":43,"minecraft:gravel":95,"minecraft:dripstone_block":68,"minecraft:brown_terracotta":8,"minecraft:terracotta":21,"minecraft:gold_ore":27},"minecraft:used":{"minecraft:writable_book":1,"minecraft:iron_shovel":1187,"minecraft:spruce_slab":40,"minecraft:chest":31,"minecraft:shield":18,"minecraft:white_terracotta":36,"minecraft:iron_sword":641,"minecraft:green_terracotta":2,"minecraft:carrot":42,"minecraft:snowball":75,"minecraft:milk_bucket":4,"minecraft:glass":28,"minecraft:lava_bucket":3,"minecraft:birch_sapling":1,"minecraft:dark_oak_slab":62,"minecraft:birch_trapdoor":8,"minecraft:bow":58,"minecraft:scaffolding":7,"minecraft:sweet_berries":51,"minecraft:oak_sapling":285,"minecraft:furnace":2,"minecraft:egg":113,"minecraft:dropper":2,"minecraft:stone_pickaxe":39,"minecraft:powered_rail":9,"minecraft:wooden_pickaxe":9,"minecraft:leather_chestplate":1,"minecraft:white_wool":2,"minecraft:dark_oak_trapdoor":4,"minecraft:sand":5,"minecraft:pumpkin_seeds":16,"minecraft:lever":1,"minecraft:melon_slice":98,"minecraft:birch_slab":94,"minecraft:bread":10,"minecraft:lectern":124,"minecraft:oak_pressure_plate":3,"minecraft:cooked_rabbit":5,"minecraft:ice":1,"minecraft:oak_fence":42,"minecraft:oak_trapdoor":19,"minecraft:bone_meal":97,"minecraft:trident":1,"minecraft:flint_and_steel":3,"minecraft:stone_shovel":13,"minecraft:redstone":2,"minecraft:wooden_shovel":153,"minecraft:cooked_chicken":24,"minecraft:stone_hoe":82,"minecraft:torch":168,"minecraft:dirt":414,"minecraft:white_carpet":9,"minecraft:hopper":1,"minecraft:spruce_fence":2,"minecraft:iron_hoe":17,"minecraft:wooden_axe":102,"minecraft:iron_axe":2077,"minecraft:melon_seeds":3,"minecraft:bamboo":23,"minecraft:minecart":2,"minecraft:cooked_beef":1,"minecraft:pumpkin":1,"minecraft:pointed_dripstone":1,"minecraft:wheat_seeds":582,"minecraft:cooked_mutton":55,"minecraft:water_bucket":37,"minecraft:cauldron":1,"minecraft:fletching_table":4,"minecraft:rail":8,"minecraft:oak_slab":5765,"minecraft:crafting_table":10,"minecraft:white_bed":12,"minecraft:oak_log":7,"minecraft:gray_terracotta":1,"minecraft:apple":2,"minecraft:iron_pickaxe":2161,"minecraft:detector_rail":2,"minecraft:stone_axe":44,"minecraft:cobblestone":150,"minecraft:cooked_porkchop":3,"minecraft:bucket":46,"minecraft:candle":8},"minecraft:picked_up":{"minecraft:seagrass":7,"minecraft:wheat":524,"minecraft:prismarine_shard":10,"minecraft:lead":7,"minecraft:enchanted_book":2,"minecraft:gilded_blackstone":1,"minecraft:amethyst_block":104,"minecraft:string":30,"minecraft:dead_tube_coral_block":4,"minecraft:raw_copper":502,"minecraft:explorer_pottery_sherd":1,"minecraft:deepslate_tiles":10,"minecraft:red_sand":39,"minecraft:cobbled_deepslate":108,"minecraft:bucket":1,"minecraft:calcite":76,"minecraft:wooden_shovel":4,"minecraft:iron_pickaxe":9,"minecraft:melon_slice":371,"minecraft:mangrove_log":10,"minecraft:furnace":1,"minecraft:golden_helmet":1,"minecraft:tipped_arrow":3,"minecraft:stick":578,"minecraft:sheaf_pottery_sherd":8,"minecraft:big_dripleaf":4,"minecraft:brown_terracotta":6,"minecraft:oak_fence":35,"minecraft:torch":76,"minecraft:acacia_log":9,"minecraft:porkchop":63,"minecraft:diorite":85,"minecraft:green_terracotta":17,"minecraft:rabbit_foot":1,"minecraft:bamboo_block":9,"minecraft:stone_sword":2,"minecraft:horn_coral_fan":2,"minecraft:rotten_flesh":51,"minecraft:tropical_fish":5,"minecraft:mangrove_roots":5,"minecraft:carved_pumpkin":1,"minecraft:cyan_terracotta":4,"minecraft:wolf_spawn_egg":1,"minecraft:white_terracotta":38,"minecraft:blaze_rod":2,"minecraft:snowball":642,"minecraft:cod":3,"minecraft:cobblestone":218,"minecraft:birch_log":30,"minecraft:magma_block":4,"minecraft:magma_cream":7,"minecraft:leather_chestplate":2,"minecraft:feather":65,"minecraft:cooked_beef":1,"minecraft:andesite":131,"minecraft:water_bucket":10,"minecraft:birch_slab":72,"minecraft:jungle_log":8,"minecraft:flint":11,"minecraft:tuff":38,"minecraft:prismarine_bricks":41,"minecraft:lapis_lazuli":235,"minecraft:stripped_birch_log":4,"minecraft:dirt":866,"minecraft:disc_fragment_5":3,"minecraft:glass":1,"minecraft:bone":34,"minecraft:gray_terracotta":1,"minecraft:bow":7,"minecraft:wheat_seeds":1765,"minecraft:raw_gold":44,"minecraft:bamboo":437,"minecraft:rabbit":22,"minecraft:fletching_table":3,"minecraft:glowstone_dust":23,"minecraft:powered_rail":4,"minecraft:moss_block":141,"minecraft:stone_hoe":3,"minecraft:prismarine":55,"minecraft:oak_planks":150,"minecraft:cooked_porkchop":38,"minecraft:oak_pressure_plate":2,"minecraft:dropper":1,"minecraft:sand":83,"minecraft:ink_sac":16,"minecraft:red_terracotta":7,"minecraft:dark_oak_log":9,"minecraft:mossy_cobblestone":11,"minecraft:dark_prismarine":45,"minecraft:iron_hoe":3,"minecraft:light_gray_terracotta":5,"minecraft:blue_terracotta":6,"minecraft:sugar":2,"minecraft:diamond":30,"minecraft:angler_pottery_sherd":15,"minecraft:writable_book":10,"minecraft:dead_brain_coral_block":11,"minecraft:crossbow":1,"minecraft:granite":41,"minecraft:bone_meal":6,"minecraft:netherrack":24,"minecraft:bread":14,"minecraft:chainmail_helmet":1,"minecraft:emerald":12,"minecraft:rooted_dirt":35,"minecraft:mud":25,"minecraft:oak_sapling":462,"minecraft:diamond_pickaxe":4,"minecraft:shelter_pottery_sherd":5,"minecraft:crafting_table":9,"minecraft:chicken":50,"minecraft:nether_wart":2,"minecraft:clay_ball":216,"minecraft:wooden_pickaxe":1,"minecraft:dead_horn_coral_block":3,"minecraft:shield":8,"minecraft:moss_carpet":4,"minecraft:oak_trapdoor":16,"minecraft:iron_axe":11,"minecraft:flint_and_steel":1,"minecraft:vex_spawn_egg":1,"minecraft:white_carpet":4,"minecraft:iron_shovel":9,"minecraft:candle":5,"minecraft:detector_rail":2,"minecraft:music_disc_otherside":2,"minecraft:beef":12,"minecraft:minecart":3,"minecraft:jungle_sapling":4,"minecraft:spruce_slab":29,"minecraft:lectern":123,"minecraft:sugar_cane":12,"minecraft:chest":82,"minecraft:birch_sapling":5,"minecraft:egg":182,"minecraft:raw_iron":89,"minecraft:sandstone":34,"minecraft:raw_gold_block":10,"minecraft:music_disc_relic":1,"minecraft:copper_ingot":1,"minecraft:music_disc_mellohi":2,"minecraft:spruce_fence":2,"minecraft:skull_pottery_sherd":5,"minecraft:trident":5,"minecraft:carrot":166,"minecraft:redstone":62,"minecraft:prismarine_crystals":43,"minecraft:arrow":56,"minecraft:tube_coral_fan":1,"minecraft:deepslate_bricks":32,"minecraft:hay_block":5,"minecraft:yellow_terracotta":14,"minecraft:mutton":100,"minecraft:white_wool":79,"minecraft:rail":8,"minecraft:mud_bricks":9,"minecraft:golden_carrot":6,"minecraft:glow_ink_sac":10,"minecraft:salmon":2,"minecraft:leather":12,"minecraft:red_mushroom":4,"minecraft:ochre_froglight":32,"minecraft:birch_planks":102,"minecraft:crimson_fungus":1,"minecraft:oak_log":1029,"minecraft:lily_pad":6,"minecraft:gunpowder":15,"minecraft:heart_pottery_sherd":4,"minecraft:paper":2,"minecraft:orange_terracotta":6,"minecraft:cooked_mutton":33,"minecraft:cooked_chicken":26,"minecraft:apple":65,"minecraft:kelp":1,"minecraft:red_sandstone":14,"minecraft:iron_ingot":74,"minecraft:creeper_spawn_egg":1,"minecraft:rabbit_hide":3,"minecraft:spore_blossom":2,"minecraft:music_disc_far":2,"minecraft:stone_pickaxe":9,"minecraft:blade_pottery_sherd":1,"minecraft:frogspawn":2,"minecraft:glass_bottle":3,"minecraft:soul_sand":8,"minecraft:scaffolding":5,"minecraft:iron_sword":10,"minecraft:flowering_azalea":5,"minecraft:book":2,"minecraft:sculk_catalyst":2,"minecraft:oak_slab":830,"minecraft:smooth_basalt":13,"minecraft:dark_oak_slab":64,"minecraft:pumpkin":143,"minecraft:sweet_berries":463,"minecraft:budding_amethyst":1,"minecraft:quartz":3,"minecraft:raw_iron_block":3,"minecraft:dripstone_block":41,"minecraft:gravel":119,"minecraft:dead_fire_coral_block":5,"minecraft:amethyst_shard":1,"minecraft:spruce_sapling":1,"minecraft:white_bed":6,"minecraft:spruce_log":13,"minecraft:archer_pottery_sherd":4,"minecraft:spider_eye":9,"minecraft:leather_helmet":1,"minecraft:husk_spawn_egg":1,"minecraft:pumpkin_seeds":10,"minecraft:dried_kelp_block":6,"minecraft:slime_ball":3,"minecraft:stone_axe":4,"minecraft:dead_bubble_coral_block":2,"minecraft:iron_helmet":3,"minecraft:oak_button":1,"minecraft:terracotta":19,"minecraft:melon_seeds":4,"minecraft:mangrove_propagule":1,"minecraft:coal":100},"minecraft:custom":{"minecraft:animals_bred":168,"minecraft:interact_with_crafting_table":243,"minecraft:leave_game":9,"minecraft:time_since_death":44585,"minecraft:sprint_one_cm":1212180,"minecraft:damage_blocked_by_shield":271,"minecraft:drop":743,"minecraft:talked_to_villager":258,"minecraft:play_time":911457,"minecraft:deaths":12,"minecraft:jump":9395,"minecraft:walk_on_water_one_cm":7486,"minecraft:interact_with_furnace":150,"minecraft:traded_with_villager":69,"minecraft:damage_dealt":48920,"minecraft:player_kills":8,"minecraft:crouch_one_cm":492465,"minecraft:horse_one_cm":1833,"minecraft:inspect_dropper":3,"minecraft:mob_kills":371,"minecraft:damage_dealt_resisted":505,"minecraft:climb_one_cm":5257,"minecraft:walk_one_cm":2094218,"minecraft:sneak_time":107011,"minecraft:walk_under_water_one_cm":10732,"minecraft:total_world_time":911457,"minecraft:time_since_rest":44677,"minecraft:damage_taken":9856,"minecraft:fly_one_cm":1530928,"minecraft:open_chest":2080,"minecraft:fall_one_cm":145244},"minecraft:dropped":{"minecraft:iron_sword":3,"minecraft:moss_block":34,"minecraft:birch_planks":68,"minecraft:lapis_lazuli":62,"minecraft:cooked_beef":1,"minecraft:oak_log":83,"minecraft:glow_ink_sac":6,"minecraft:glass_bottle":1,"minecraft:diamond":15,"minecraft:spore_blossom":2,"minecraft:cooked_porkchop":17,"minecraft:crossbow":1,"minecraft:rooted_dirt":20,"minecraft:archer_pottery_sherd":4,"minecraft:rail":3,"minecraft:birch_slab":5,"minecraft:leather_helmet":1,"minecraft:red_mushroom":2,"minecraft:cod":1,"minecraft:flint":1,"minecraft:cyan_terracotta":1,"minecraft:dirt":238,"minecraft:dark_oak_log":6,"minecraft:mutton":1,"minecraft:snowball":195,"minecraft:writable_book":7,"minecraft:wooden_sword":1,"minecraft:bone_meal":7,"minecraft:axolotl_bucket":2,"minecraft:sand":15,"minecraft:sugar":2,"minecraft:birch_log":2,"minecraft:white_wool":9,"minecraft:bone":1,"minecraft:gravel":11,"minecraft:stone_axe":2,"minecraft:cooked_chicken":7,"minecraft:cobbled_deepslate":32,"minecraft:music_disc_otherside":1,"minecraft:wheat":9,"minecraft:birch_sapling":2,"minecraft:rotten_flesh":21,"minecraft:oak_planks":3,"minecraft:prismarine":15,"minecraft:music_disc_far":1,"minecraft:cooked_mutton":36,"minecraft:salmon":3,"minecraft:dead_fire_coral_block":1,"minecraft:carrot":2,"minecraft:tipped_arrow":3,"minecraft:gunpowder":12,"minecraft:trident":1,"minecraft:blade_pottery_sherd":1,"minecraft:melon_seeds":7,"minecraft:chest":27,"minecraft:heart_pottery_sherd":4,"minecraft:arrow":24,"minecraft:glass":2,"minecraft:beef":2,"minecraft:prismarine_bricks":3,"minecraft:egg":63,"minecraft:stone_hoe":3,"minecraft:iron_ingot":6,"minecraft:bread":3,"minecraft:wolf_spawn_egg":1,"minecraft:oak_slab":164,"minecraft:wheat_seeds":586,"minecraft:mossy_cobblestone":5,"minecraft:prismarine_shard":6,"minecraft:book":1,"minecraft:feather":21,"minecraft:oak_fence":3,"minecraft:yellow_terracotta":7,"minecraft:cobblestone":12,"minecraft:prismarine_crystals":6,"minecraft:apple":6,"minecraft:amethyst_block":11,"minecraft:granite":5,"minecraft:frogspawn":2,"minecraft:explorer_pottery_sherd":1,"minecraft:copper_ingot":1,"minecraft:tropical_fish":1,"minecraft:bamboo_block":5,"minecraft:chainmail_helmet":1,"minecraft:coal":30,"minecraft:stick":271,"minecraft:dried_kelp_block":2,"minecraft:milk_bucket":1,"minecraft:diorite":9,"minecraft:golden_carrot":3,"minecraft:ink_sac":4,"minecraft:torch":18,"minecraft:wooden_axe":1,"minecraft:melon_slice":48,"minecraft:rabbit":7,"minecraft:brown_terracotta":2,"minecraft:stripped_birch_log":2,"minecraft:pumpkin":19,"minecraft:flowering_azalea":2,"minecraft:iron_axe":3,"minecraft:raw_iron_block":1,"minecraft:mud":1,"minecraft:angler_pottery_sherd":10,"minecraft:cactus":3,"minecraft:string":4,"minecraft:lily_pad":3,"minecraft:spruce_sapling":3,"minecraft:moss_carpet":4,"minecraft:sweet_berries":185,"minecraft:oak_trapdoor":4,"minecraft:green_terracotta":12,"minecraft:stone_sword":1,"minecraft:raw_copper":103,"minecraft:tuff":10,"minecraft:raw_iron":8,"minecraft:stone_shovel":1,"minecraft:chicken":9,"minecraft:white_carpet":2,"minecraft:clay_ball":44,"minecraft:iron_hoe":1,"minecraft:white_terracotta":3,"minecraft:glow_lichen":2,"minecraft:budding_amethyst":1,"minecraft:pumpkin_seeds":3,"minecraft:big_dripleaf":1,"minecraft:andesite":26,"minecraft:oak_sapling":51,"minecraft:wooden_shovel":6,"minecraft:carved_pumpkin":1,"minecraft:bamboo":34,"minecraft:spruce_log":4,"minecraft:sandstone":5,"minecraft:red_sand":4,"minecraft:stone_pickaxe":11,"minecraft:wooden_pickaxe":2,"minecraft:raw_gold":18,"minecraft:dead_brain_coral_block":2,"minecraft:music_disc_mellohi":1,"minecraft:calcite":11,"minecraft:dark_prismarine":1,"minecraft:cooked_rabbit":4,"minecraft:amethyst_cluster":2,"minecraft:terracotta":6},"minecraft:killed_by":{"minecraft:magma_cube":1,"minecraft:elder_guardian":1,"minecraft:player":6,"minecraft:stray":1},"minecraft:killed":{"minecraft:cave_spider":1,"minecraft:zombified_piglin":1,"minecraft:witch":8,"minecraft:spider":23,"minecraft:shulker":1,"minecraft:skeleton":17,"minecraft:guardian":5,"minecraft:fox":4,"minecraft:chicken":34,"minecraft:silverfish":1,"minecraft:turtle":3,"minecraft:camel":1,"minecraft:tropical_fish":1,"minecraft:magma_cube":51,"minecraft:wolf":2,"minecraft:pig":32,"minecraft:zombie_villager":4,"minecraft:salmon":1,"minecraft:creeper":7,"minecraft:sheep":57,"minecraft:trader_llama":4,"minecraft:pillager":5,"minecraft:zombie":25,"minecraft:mooshroom":2,"minecraft:stray":6,"minecraft:glow_squid":2,"minecraft:blaze":3,"minecraft:cow":2,"minecraft:vex":3,"minecraft:vindicator":6,"minecraft:zoglin":2,"minecraft:slime":6,"minecraft:drowned":6,"minecraft:husk":15,"minecraft:rabbit":6,"minecraft:frog":4,"minecraft:wandering_trader":6,"minecraft:hoglin":1,"minecraft:polar_bear":2},"minecraft:broken":{"minecraft:iron_shovel":6,"minecraft:wooden_shovel":2,"minecraft:stone_axe":1,"minecraft:iron_sword":1,"minecraft:wooden_axe":1,"minecraft:leather_chestplate":2,"minecraft:iron_axe":8,"minecraft:iron_pickaxe":7,"minecraft:iron_helmet":3},"minecraft:crafted":{"minecraft:oak_planks":3762,"minecraft:blaze_powder":4,"minecraft:oak_pressure_plate":1,"minecraft:cooked_chicken":43,"minecraft:birch_slab":78,"minecraft:stone":16,"minecraft:lever":2,"minecraft:bookshelf":1,"minecraft:cooked_mutton":86,"minecraft:glass":64,"minecraft:hopper":1,"minecraft:bow":3,"minecraft:stone_pressure_plate":1,"minecraft:chest":2,"minecraft:oak_button":1,"minecraft:stone_hoe":1,"minecraft:oak_fence":27,"minecraft:cooked_rabbit":9,"minecraft:dropper":1,"minecraft:oak_slab":5669,"minecraft:wooden_shovel":2,"minecraft:arrow":90,"minecraft:emerald":62,"minecraft:cauldron":2,"minecraft:cooked_porkchop":53,"minecraft:crafting_table":5,"minecraft:spruce_planks":108,"minecraft:wooden_pickaxe":1,"minecraft:fletching_table":1,"minecraft:birch_planks":116,"minecraft:lectern":1,"minecraft:dark_oak_slab":24,"minecraft:book":2,"minecraft:diamond_pickaxe":1,"minecraft:shield":3,"minecraft:stick":2014,"minecraft:iron_ingot":242,"minecraft:iron_pickaxe":9,"minecraft:iron_block":9,"minecraft:snow_block":86,"minecraft:gold_ingot":113,"minecraft:shears":1,"minecraft:raw_iron":36,"minecraft:stone_shovel":1,"minecraft:furnace":1,"minecraft:dark_oak_trapdoor":4,"minecraft:bone_meal":108,"minecraft:white_carpet":12,"minecraft:raw_copper_block":102,"minecraft:oak_trapdoor":8,"minecraft:flint_and_steel":1,"minecraft:scaffolding":12,"minecraft:detector_rail":6,"minecraft:iron_axe":9,"minecraft:spruce_slab":18,"minecraft:stone_pickaxe":3,"minecraft:dark_oak_planks":184,"minecraft:minecart":1,"minecraft:wheat":99,"minecraft:cooked_beef":4,"minecraft:powered_rail":6,"minecraft:iron_sword":5,"minecraft:mangrove_planks":4,"minecraft:bucket":7,"minecraft:stone_axe":1,"minecraft:enchanted_book":1,"minecraft:jungle_slab":6,"minecraft:jungle_planks":4,"minecraft:bread":103,"minecraft:air":0,"minecraft:raw_gold":45,"minecraft:birch_trapdoor":8,"minecraft:wooden_axe":2,"minecraft:iron_shovel":7,"minecraft:white_bed":6,"minecraft:acacia_planks":72,"minecraft:torch":228,"minecraft:lapis_block":70,"minecraft:clay":19}},"DataVersion":3700}