{"stats":{"minecraft:crafted":{"minecraft:oak_planks":768,"minecraft:cooked_chicken":14,"minecraft:cooked_mutton":50,"minecraft:stone_hoe":1,"minecraft:oak_fence":9,"minecraft:cooked_rabbit":9,"minecraft:oak_slab":1410,"minecraft:wooden_shovel":2,"minecraft:cooked_porkchop":11,"minecraft:crafting_table":1,"minecraft:spruce_planks":20,"minecraft:wooden_pickaxe":1,"minecraft:birch_planks":48,"minecraft:dark_oak_slab":24,"minecraft:diamond_pickaxe":1,"minecraft:shield":1,"minecraft:stick":68,"minecraft:iron_ingot":139,"minecraft:iron_pickaxe":5,"minecraft:iron_block":9,"minecraft:snow_block":84,"minecraft:gold_ingot":99,"minecraft:shears":1,"minecraft:raw_iron":36,"minecraft:stone_shovel":1,"minecraft:furnace":1,"minecraft:bone_meal":108,"minecraft:white_carpet":6,"minecraft:raw_copper_block":68,"minecraft:iron_axe":3,"minecraft:spruce_slab":6,"minecraft:stone_pickaxe":3,"minecraft:dark_oak_planks":12,"minecraft:cooked_beef":3,"minecraft:iron_sword":2,"minecraft:bucket":5,"minecraft:stone_axe":1,"minecraft:bread":18,"minecraft:air":0,"minecraft:raw_gold":45,"minecraft:wooden_axe":2,"minecraft:iron_shovel":4,"minecraft:torch":32,"minecraft:lapis_block":37},"minecraft:broken":{"minecraft:iron_shovel":5,"minecraft:wooden_shovel":2,"minecraft:wooden_axe":1,"minecraft:leather_chestplate":1,"minecraft:iron_axe":2,"minecraft:iron_pickaxe":4,"minecraft:iron_helmet":1},"minecraft:dropped":{"minecraft:iron_sword":1,"minecraft:birch_planks":68,"minecraft:lapis_lazuli":60,"minecraft:oak_log":78,"minecraft:diamond":1,"minecraft:rooted_dirt":20,"minecraft:rail":3,"minecraft:leather_helmet":1,"minecraft:birch_slab":5,"minecraft:red_mushroom":2,"minecraft:cod":1,"minecraft:flint":1,"minecraft:dirt":154,"minecraft:snowball":147,"minecraft:writable_book":6,"minecraft:wooden_sword":1,"minecraft:bone_meal":5,"minecraft:axolotl_bucket":2,"minecraft:bone":1,"minecraft:gravel":3,"minecraft:stone_axe":1,"minecraft:cobbled_deepslate":16,"minecraft:music_disc_otherside":1,"minecraft:wheat":9,"minecraft:rotten_flesh":20,"minecraft:oak_planks":3,"minecraft:prismarine":10,"minecraft:music_disc_far":1,"minecraft:cooked_mutton":25,"minecraft:tipped_arrow":3,"minecraft:gunpowder":12,"minecraft:blade_pottery_sherd":1,"minecraft:melon_seeds":2,"minecraft:chest":21,"minecraft:arrow":16,"minecraft:beef":2,"minecraft:egg":14,"minecraft:stone_hoe":1,"minecraft:iron_ingot":6,"minecraft:bread":3,"minecraft:oak_slab":73,"minecraft:wheat_seeds":269,"minecraft:oak_fence":2,"minecraft:feather":4,"minecraft:cobblestone":1,"minecraft:book":1,"minecraft:amethyst_block":3,"minecraft:apple":3,"minecraft:granite":2,"minecraft:explorer_pottery_sherd":1,"minecraft:copper_ingot":1,"minecraft:tropical_fish":1,"minecraft:chainmail_helmet":1,"minecraft:coal":27,"minecraft:stick":27,"minecraft:dried_kelp_block":2,"minecraft:milk_bucket":1,"minecraft:diorite":6,"minecraft:golden_carrot":3,"minecraft:ink_sac":4,"minecraft:torch":14,"minecraft:wooden_axe":1,"minecraft:rabbit":7,"minecraft:melon_slice":40,"minecraft:stripped_birch_log":2,"minecraft:pumpkin":19,"minecraft:flowering_azalea":2,"minecraft:raw_iron_block":1,"minecraft:string":4,"minecraft:spruce_sapling":3,"minecraft:sweet_berries":184,"minecraft:green_terracotta":12,"minecraft:stone_sword":1,"minecraft:raw_copper":99,"minecraft:tuff":5,"minecraft:raw_iron":8,"minecraft:stone_shovel":1,"minecraft:clay_ball":12,"minecraft:iron_hoe":1,"minecraft:glow_lichen":2,"minecraft:pumpkin_seeds":3,"minecraft:andesite":9,"minecraft:oak_sapling":1,"minecraft:wooden_shovel":6,"minecraft:carved_pumpkin":1,"minecraft:stone_pickaxe":9,"minecraft:wooden_pickaxe":2,"minecraft:raw_gold":14,"minecraft:music_disc_mellohi":1,"minecraft:dead_brain_coral_block":2,"minecraft:calcite":8,"minecraft:cooked_rabbit":4,"minecraft:amethyst_cluster":2},"minecraft:killed":{"minecraft:spider":19,"minecraft:skeleton":17,"minecraft:guardian":3,"minecraft:chicken":11,"minecraft:turtle":2,"minecraft:tropical_fish":1,"minecraft:wolf":2,"minecraft:pig":6,"minecraft:salmon":1,"minecraft:creeper":6,"minecraft:sheep":35,"minecraft:zombie":22,"minecraft:mooshroom":2,"minecraft:stray":6,"minecraft:glow_squid":2,"minecraft:cow":2,"minecraft:drowned":6,"minecraft:rabbit":6,"minecraft:polar_bear":2},"minecraft:killed_by":{"minecraft:elder_guardian":1,"minecraft:player":1,"minecraft:stray":1},"minecraft:custom":{"minecraft:animals_bred":74,"minecraft:interact_with_crafting_table":99,"minecraft:leave_game":4,"minecraft:time_since_death":9749,"minecraft:sprint_one_cm":439171,"minecraft:damage_blocked_by_shield":242,"minecraft:drop":409,"minecraft:play_time":381531,"minecraft:deaths":5,"minecraft:jump":3059,"minecraft:walk_on_water_one_cm":1125,"minecraft:interact_with_furnace":80,"minecraft:damage_dealt":23222,"minecraft:player_kills":7,"minecraft:crouch_one_cm":141443,"minecraft:mob_kills":156,"minecraft:damage_dealt_resisted":97,"minecraft:walk_one_cm":973216,"minecraft:sneak_time":34501,"minecraft:walk_under_water_one_cm":1822,"minecraft:total_world_time":381531,"minecraft:time_since_rest":9773,"minecraft:damage_taken":3139,"minecraft:fly_one_cm":402833,"minecraft:open_chest":864,"minecraft:fall_one_cm":37382},"minecraft:mined":{"minecraft:carved_pumpkin":2,"minecraft:granite":37,"minecraft:budding_amethyst":15,"minecraft:grass_block":163,"minecraft:deepslate_bricks":52,"minecraft:tube_coral_block":3,"minecraft:raw_iron_block":3,"minecraft:iron_ore":43,"minecraft:pumpkin":65,"minecraft:deepslate_lapis_ore":15,"minecraft:brain_coral_block":8,"minecraft:spruce_slab":5,"minecraft:gray_terracotta":7,"minecraft:cyan_terracotta":9,"minecraft:powder_snow":14,"minecraft:clay":48,"minecraft:torch":11,"minecraft:light_gray_terracotta":8,"minecraft:calcite":62,"minecraft:melon":16,"minecraft:chest":39,"minecraft:prismarine":42,"minecraft:amethyst_block":76,"minecraft:deepslate_copper_ore":26,"minecraft:birch_sapling":1,"minecraft:white_terracotta":21,"minecraft:blue_terracotta":7,"minecraft:dark_oak_slab":27,"minecraft:birch_log":31,"minecraft:wheat":202,"minecraft:blue_ice":8,"minecraft:pumpkin_stem":5,"minecraft:oak_log":265,"minecraft:sand":25,"minecraft:dirt":109,"minecraft:smooth_basalt":26,"minecraft:raw_copper_block":3,"minecraft:oak_leaves":68,"minecraft:deepslate":107,"minecraft:suspicious_gravel":40,"minecraft:attached_pumpkin_stem":1,"minecraft:dark_prismarine":16,"minecraft:deepslate_tiles":19,"minecraft:diamond_ore":3,"minecraft:tuff":37,"minecraft:deepslate_diamond_ore":6,"minecraft:candle":1,"minecraft:dark_oak_log":8,"minecraft:sea_lantern":20,"minecraft:moss_block":83,"minecraft:rooted_dirt":20,"minecraft:furnace":1,"minecraft:carrots":14,"minecraft:raw_gold_block":5,"minecraft:snow":443,"minecraft:andesite":47,"minecraft:green_terracotta":9,"minecraft:dead_horn_coral_block":3,"minecraft:deepslate_iron_ore":33,"minecraft:packed_ice":15,"minecraft:bamboo":2,"minecraft:stone":156,"minecraft:white_wool":2,"minecraft:podzol":33,"minecraft:oak_slab":51,"minecraft:snow_block":68,"minecraft:oak_fence":4,"minecraft:crafting_table":4,"minecraft:copper_ore":78,"minecraft:deepslate_coal_ore":21,"minecraft:dried_kelp_block":4,"minecraft:deepslate_gold_ore":27,"minecraft:lapis_ore":10,"minecraft:diorite":66,"minecraft:prismarine_bricks":22,"minecraft:sweet_berry_bush":4,"minecraft:ice":2,"minecraft:spruce_log":15,"minecraft:dead_brain_coral_block":2,"minecraft:coal_ore":18,"minecraft:gravel":94,"minecraft:dripstone_block":64,"minecraft:terracotta":9,"minecraft:gold_ore":22},"minecraft:used":{"minecraft:iron_shovel":799,"minecraft:spruce_slab":9,"minecraft:shield":17,"minecraft:chest":25,"minecraft:iron_sword":289,"minecraft:green_terracotta":2,"minecraft:carrot":18,"minecraft:snowball":69,"minecraft:milk_bucket":4,"minecraft:birch_sapling":1,"minecraft:dark_oak_slab":49,"minecraft:bow":17,"minecraft:sweet_berries":51,"minecraft:furnace":2,"minecraft:oak_sapling":54,"minecraft:egg":1,"minecraft:stone_pickaxe":39,"minecraft:wooden_pickaxe":9,"minecraft:leather_chestplate":1,"minecraft:white_wool":2,"minecraft:sand":5,"minecraft:pumpkin_seeds":16,"minecraft:melon_slice":37,"minecraft:bread":5,"minecraft:cooked_rabbit":5,"minecraft:ice":1,"minecraft:bone_meal":97,"minecraft:oak_fence":12,"minecraft:stone_shovel":13,"minecraft:wooden_shovel":153,"minecraft:stone_hoe":82,"minecraft:cooked_chicken":1,"minecraft:torch":51,"minecraft:dirt":221,"minecraft:white_carpet":3,"minecraft:wooden_axe":102,"minecraft:iron_axe":559,"minecraft:melon_seeds":2,"minecraft:bamboo":2,"minecraft:pumpkin":1,"minecraft:wheat_seeds":257,"minecraft:cooked_mutton":13,"minecraft:water_bucket":22,"minecraft:oak_slab":1435,"minecraft:crafting_table":4,"minecraft:oak_log":7,"minecraft:gray_terracotta":1,"minecraft:iron_pickaxe":1386,"minecraft:bucket":26,"minecraft:candle":2},"minecraft:picked_up":{"minecraft:seagrass":2,"minecraft:wheat":201,"minecraft:prismarine_shard":1,"minecraft:amethyst_block":76,"minecraft:string":25,"minecraft:dead_tube_coral_block":3,"minecraft:raw_copper":432,"minecraft:explorer_pottery_sherd":1,"minecraft:deepslate_tiles":10,"minecraft:cobbled_deepslate":66,"minecraft:bucket":1,"minecraft:calcite":65,"minecraft:wooden_shovel":4,"minecraft:iron_pickaxe":3,"minecraft:melon_slice":94,"minecraft:furnace":1,"minecraft:golden_helmet":1,"minecraft:tipped_arrow":3,"minecraft:stick":104,"minecraft:sheaf_pottery_sherd":8,"minecraft:oak_fence":7,"minecraft:torch":42,"minecraft:porkchop":12,"minecraft:diorite":80,"minecraft:green_terracotta":17,"minecraft:rabbit_foot":1,"minecraft:rotten_flesh":31,"minecraft:tropical_fish":5,"minecraft:cyan_terracotta":4,"minecraft:carved_pumpkin":1,"minecraft:white_terracotta":21,"minecraft:snowball":528,"minecraft:cod":3,"minecraft:cobblestone":160,"minecraft:birch_log":28,"minecraft:leather_chestplate":2,"minecraft:feather":12,"minecraft:water_bucket":1,"minecraft:birch_slab":5,"minecraft:andesite":104,"minecraft:flint":7,"minecraft:tuff":32,"minecraft:prismarine_bricks":17,"minecraft:lapis_lazuli":160,"minecraft:dirt":513,"minecraft:stripped_birch_log":4,"minecraft:disc_fragment_5":3,"minecraft:bone":31,"minecraft:gray_terracotta":1,"minecraft:bow":4,"minecraft:wheat_seeds":707,"minecraft:raw_gold":36,"minecraft:rabbit":22,"minecraft:bamboo":5,"minecraft:moss_block":99,"minecraft:prismarine":47,"minecraft:oak_planks":2,"minecraft:stone_hoe":2,"minecraft:sand":16,"minecraft:ink_sac":16,"minecraft:dark_prismarine":31,"minecraft:iron_hoe":2,"minecraft:light_gray_terracotta":5,"minecraft:blue_terracotta":6,"minecraft:diamond":10,"minecraft:angler_pottery_sherd":5,"minecraft:writable_book":9,"minecraft:dead_brain_coral_block":11,"minecraft:granite":37,"minecraft:bone_meal":4,"minecraft:chainmail_helmet":1,"minecraft:rooted_dirt":35,"minecraft:oak_sapling":115,"minecraft:diamond_pickaxe":1,"minecraft:crafting_table":5,"minecraft:chicken":12,"minecraft:clay_ball":136,"minecraft:wooden_pickaxe":1,"minecraft:dead_horn_coral_block":3,"minecraft:shield":3,"minecraft:iron_axe":3,"minecraft:iron_shovel":5,"minecraft:candle":5,"minecraft:music_disc_otherside":2,"minecraft:beef":12,"minecraft:spruce_slab":5,"minecraft:birch_sapling":3,"minecraft:chest":67,"minecraft:egg":12,"minecraft:raw_iron":70,"minecraft:raw_gold_block":10,"minecraft:music_disc_relic":1,"minecraft:copper_ingot":1,"minecraft:music_disc_mellohi":2,"minecraft:carrot":64,"minecraft:redstone":1,"minecraft:prismarine_crystals":33,"minecraft:arrow":40,"minecraft:tube_coral_fan":1,"minecraft:deepslate_bricks":32,"minecraft:mutton":50,"minecraft:white_wool":47,"minecraft:rail":8,"minecraft:golden_carrot":6,"minecraft:glow_ink_sac":4,"minecraft:salmon":2,"minecraft:leather":7,"minecraft:red_mushroom":4,"minecraft:birch_planks":102,"minecraft:oak_log":275,"minecraft:gunpowder":14,"minecraft:paper":2,"minecraft:cooked_mutton":5,"minecraft:apple":17,"minecraft:kelp":1,"minecraft:creeper_spawn_egg":1,"minecraft:music_disc_far":2,"minecraft:rabbit_hide":3,"minecraft:iron_ingot":43,"minecraft:stone_pickaxe":7,"minecraft:blade_pottery_sherd":1,"minecraft:flowering_azalea":5,"minecraft:iron_sword":2,"minecraft:sculk_catalyst":2,"minecraft:book":2,"minecraft:oak_slab":122,"minecraft:smooth_basalt":13,"minecraft:dark_oak_slab":48,"minecraft:pumpkin":74,"minecraft:sweet_berries":383,"minecraft:raw_iron_block":3,"minecraft:dripstone_block":39,"minecraft:gravel":115,"minecraft:dead_fire_coral_block":4,"minecraft:amethyst_shard":1,"minecraft:spruce_sapling":1,"minecraft:spruce_log":9,"minecraft:spider_eye":6,"minecraft:leather_helmet":1,"minecraft:pumpkin_seeds":6,"minecraft:dried_kelp_block":6,"minecraft:dead_bubble_coral_block":2,"minecraft:iron_helmet":2,"minecraft:terracotta":2,"minecraft:melon_seeds":1,"minecraft:coal":78}},"DataVersion":3700}