{"stats":{"minecraft:crafted":{"minecraft:oak_planks":284,"minecraft:raw_iron":18,"minecraft:stone_shovel":1,"minecraft:cooked_chicken":1,"minecraft:furnace":1,"minecraft:bone_meal":33,"minecraft:cooked_mutton":2,"minecraft:iron_axe":1,"minecraft:spruce_slab":6,"minecraft:stone_pickaxe":3,"minecraft:stone_hoe":1,"minecraft:cooked_rabbit":9,"minecraft:cooked_beef":3,"minecraft:oak_slab":462,"minecraft:wooden_shovel":2,"minecraft:crafting_table":1,"minecraft:spruce_planks":8,"minecraft:wooden_pickaxe":1,"minecraft:iron_sword":1,"minecraft:birch_planks":48,"minecraft:stone_axe":1,"minecraft:bread":3,"minecraft:air":0,"minecraft:shield":1,"minecraft:raw_gold":45,"minecraft:stick":44,"minecraft:iron_ingot":36,"minecraft:iron_pickaxe":3,"minecraft:wooden_axe":2,"minecraft:iron_shovel":2,"minecraft:gold_ingot":53,"minecraft:torch":32},"minecraft:broken":{"minecraft:wooden_shovel":2,"minecraft:iron_pickaxe":2,"minecraft:wooden_axe":1},"minecraft:dropped":{"minecraft:bread":3,"minecraft:oak_slab":73,"minecraft:birch_planks":68,"minecraft:oak_log":25,"minecraft:cobblestone":1,"minecraft:feather":2,"minecraft:oak_fence":1,"minecraft:book":1,"minecraft:apple":3,"minecraft:amethyst_block":2,"minecraft:granite":2,"minecraft:rail":3,"minecraft:birch_slab":5,"minecraft:coal":10,"minecraft:red_mushroom":2,"minecraft:cod":1,"minecraft:stick":15,"minecraft:dirt":145,"minecraft:milk_bucket":1,"minecraft:golden_carrot":3,"minecraft:ink_sac":4,"minecraft:torch":14,"minecraft:wooden_axe":1,"minecraft:rabbit":7,"minecraft:melon_slice":37,"minecraft:snowball":130,"minecraft:stripped_birch_log":2,"minecraft:wooden_sword":1,"minecraft:pumpkin":4,"minecraft:flowering_azalea":2,"minecraft:string":4,"minecraft:spruce_sapling":3,"minecraft:bone":1,"minecraft:gravel":3,"minecraft:stone_axe":1,"minecraft:sweet_berries":2,"minecraft:music_disc_otherside":1,"minecraft:wheat":5,"minecraft:stone_shovel":1,"minecraft:raw_iron":2,"minecraft:rotten_flesh":6,"minecraft:clay_ball":12,"minecraft:oak_planks":3,"minecraft:cooked_mutton":2,"minecraft:tipped_arrow":3,"minecraft:wooden_shovel":6,"minecraft:chest":11,"minecraft:arrow":9,"minecraft:wooden_pickaxe":2,"minecraft:stone_pickaxe":7,"minecraft:beef":2,"minecraft:calcite":1,"minecraft:cooked_rabbit":4,"minecraft:egg":13},"minecraft:killed":{"minecraft:spider":10,"minecraft:wolf":2,"minecraft:rabbit":6,"minecraft:polar_bear":2,"minecraft:sheep":2,"minecraft:zombie":6,"minecraft:mooshroom":2,"minecraft:stray":6,"minecraft:cow":1},"minecraft:killed_by":{"minecraft:stray":1},"minecraft:custom":{"minecraft:mob_kills":40,"minecraft:animals_bred":6,"minecraft:interact_with_crafting_table":50,"minecraft:leave_game":3,"minecraft:time_since_death":48172,"minecraft:sprint_one_cm":101021,"minecraft:walk_one_cm":312093,"minecraft:damage_blocked_by_shield":117,"minecraft:drop":142,"minecraft:play_time":148897,"minecraft:deaths":3,"minecraft:sneak_time":17144,"minecraft:walk_under_water_one_cm":1822,"minecraft:jump":799,"minecraft:walk_on_water_one_cm":672,"minecraft:total_world_time":148897,"minecraft:interact_with_furnace":35,"minecraft:time_since_rest":48206,"minecraft:damage_taken":1680,"minecraft:damage_dealt":7398,"minecraft:player_kills":6,"minecraft:fly_one_cm":99868,"minecraft:open_chest":298,"minecraft:crouch_one_cm":59229,"minecraft:fall_one_cm":4784},"minecraft:mined":{"minecraft:tuff":4,"minecraft:dark_oak_log":1,"minecraft:granite":29,"minecraft:budding_amethyst":3,"minecraft:grass_block":158,"minecraft:deepslate_bricks":12,"minecraft:raw_iron_block":2,"minecraft:furnace":1,"minecraft:raw_gold_block":5,"minecraft:iron_ore":33,"minecraft:snow":42,"minecraft:andesite":31,"minecraft:pumpkin":3,"minecraft:deepslate_lapis_ore":6,"minecraft:deepslate_iron_ore":4,"minecraft:packed_ice":13,"minecraft:stone":118,"minecraft:spruce_slab":5,"minecraft:podzol":32,"minecraft:oak_slab":24,"minecraft:gray_terracotta":7,"minecraft:snow_block":68,"minecraft:powder_snow":14,"minecraft:clay":23,"minecraft:crafting_table":2,"minecraft:calcite":42,"minecraft:melon":12,"minecraft:chest":25,"minecraft:copper_ore":51,"minecraft:deepslate_gold_ore":4,"minecraft:amethyst_block":44,"minecraft:diorite":52,"minecraft:deepslate_copper_ore":3,"minecraft:white_terracotta":21,"minecraft:blue_terracotta":3,"minecraft:birch_log":24,"minecraft:sweet_berry_bush":2,"minecraft:wheat":23,"minecraft:ice":1,"minecraft:blue_ice":8,"minecraft:spruce_log":6,"minecraft:coal_ore":16,"minecraft:oak_log":82,"minecraft:gravel":64,"minecraft:dripstone_block":7,"minecraft:dirt":74,"minecraft:smooth_basalt":14,"minecraft:terracotta":9,"minecraft:raw_copper_block":3,"minecraft:gold_ore":10,"minecraft:deepslate":35,"minecraft:oak_leaves":8,"minecraft:suspicious_gravel":21},"minecraft:used":{"minecraft:iron_shovel":260,"minecraft:stone_shovel":13,"minecraft:spruce_slab":9,"minecraft:chest":18,"minecraft:shield":13,"minecraft:iron_sword":101,"minecraft:cooked_chicken":1,"minecraft:wooden_shovel":153,"minecraft:stone_hoe":22,"minecraft:torch":21,"minecraft:dirt":89,"minecraft:snowball":68,"minecraft:milk_bucket":3,"minecraft:wooden_axe":102,"minecraft:iron_axe":101,"minecraft:birch_sapling":1,"minecraft:bow":2,"minecraft:sweet_berries":10,"minecraft:oak_sapling":8,"minecraft:furnace":2,"minecraft:pumpkin":1,"minecraft:wheat_seeds":43,"minecraft:water_bucket":15,"minecraft:stone_pickaxe":39,"minecraft:wooden_pickaxe":9,"minecraft:oak_slab":461,"minecraft:crafting_table":3,"minecraft:oak_log":1,"minecraft:gray_terracotta":1,"minecraft:iron_pickaxe":582,"minecraft:melon_slice":32,"minecraft:cooked_rabbit":5,"minecraft:bucket":14,"minecraft:bone_meal":49},"minecraft:picked_up":{"minecraft:crafting_table":3,"minecraft:wheat":28,"minecraft:chicken":1,"minecraft:clay_ball":100,"minecraft:wooden_pickaxe":1,"minecraft:shield":1,"minecraft:amethyst_block":57,"minecraft:string":19,"minecraft:raw_copper":232,"minecraft:iron_axe":1,"minecraft:cobbled_deepslate":12,"minecraft:music_disc_otherside":2,"minecraft:beef":11,"minecraft:calcite":47,"minecraft:wooden_shovel":4,"minecraft:iron_pickaxe":1,"minecraft:spruce_slab":5,"minecraft:melon_slice":74,"minecraft:chest":48,"minecraft:furnace":1,"minecraft:egg":12,"minecraft:tipped_arrow":3,"minecraft:stick":27,"minecraft:raw_iron":42,"minecraft:sheaf_pottery_sherd":8,"minecraft:raw_gold_block":10,"minecraft:music_disc_relic":1,"minecraft:oak_fence":2,"minecraft:torch":14,"minecraft:porkchop":1,"minecraft:diorite":67,"minecraft:rabbit_foot":1,"minecraft:arrow":19,"minecraft:rotten_flesh":11,"minecraft:deepslate_bricks":8,"minecraft:white_terracotta":21,"minecraft:mutton":2,"minecraft:snowball":202,"minecraft:cod":1,"minecraft:rail":8,"minecraft:white_wool":2,"minecraft:cobblestone":143,"minecraft:birch_log":26,"minecraft:feather":2,"minecraft:golden_carrot":6,"minecraft:birch_slab":5,"minecraft:andesite":81,"minecraft:leather":5,"minecraft:red_mushroom":4,"minecraft:birch_planks":102,"minecraft:flint":4,"minecraft:tuff":2,"minecraft:oak_log":100,"minecraft:lapis_lazuli":23,"minecraft:stripped_birch_log":4,"minecraft:dirt":478,"minecraft:paper":2,"minecraft:disc_fragment_5":3,"minecraft:bone":15,"minecraft:apple":6,"minecraft:gray_terracotta":1,"minecraft:bow":1,"minecraft:wheat_seeds":66,"minecraft:raw_gold":11,"minecraft:rabbit_hide":3,"minecraft:iron_ingot":36,"minecraft:stone_pickaxe":6,"minecraft:rabbit":22,"minecraft:iron_sword":1,"minecraft:oak_planks":1,"minecraft:flowering_azalea":3,"minecraft:book":2,"minecraft:oak_slab":96,"minecraft:smooth_basalt":7,"minecraft:pumpkin":12,"minecraft:sweet_berries":16,"minecraft:raw_iron_block":2,"minecraft:dripstone_block":7,"minecraft:gravel":104,"minecraft:amethyst_shard":1,"minecraft:spruce_sapling":1,"minecraft:ink_sac":8,"minecraft:spruce_log":3,"minecraft:spider_eye":4,"minecraft:blue_terracotta":2,"minecraft:writable_book":1,"minecraft:granite":34,"minecraft:terracotta":2,"minecraft:oak_sapling":13,"minecraft:coal":33}},"DataVersion":3700}