{"stats":{"minecraft:crafted":{"minecraft:oak_planks":412,"minecraft:raw_iron":18,"minecraft:stone_shovel":1,"minecraft:cooked_chicken":1,"minecraft:furnace":1,"minecraft:bone_meal":63,"minecraft:white_carpet":3,"minecraft:cooked_mutton":10,"minecraft:iron_axe":2,"minecraft:spruce_slab":6,"minecraft:stone_pickaxe":3,"minecraft:dark_oak_planks":12,"minecraft:stone_hoe":1,"minecraft:cooked_rabbit":9,"minecraft:cooked_beef":3,"minecraft:oak_slab":702,"minecraft:wooden_shovel":2,"minecraft:crafting_table":1,"minecraft:spruce_planks":8,"minecraft:wooden_pickaxe":1,"minecraft:iron_sword":2,"minecraft:bucket":1,"minecraft:birch_planks":48,"minecraft:stone_axe":1,"minecraft:bread":8,"minecraft:air":0,"minecraft:dark_oak_slab":24,"minecraft:shield":1,"minecraft:raw_gold":45,"minecraft:stick":60,"minecraft:iron_pickaxe":3,"minecraft:iron_ingot":50,"minecraft:wooden_axe":2,"minecraft:iron_shovel":2,"minecraft:gold_ingot":53,"minecraft:torch":32,"minecraft:shears":1},"minecraft:broken":{"minecraft:wooden_shovel":2,"minecraft:iron_axe":1,"minecraft:iron_pickaxe":2,"minecraft:wooden_axe":1},"minecraft:dropped":{"minecraft:iron_ingot":6,"minecraft:bread":3,"minecraft:oak_slab":73,"minecraft:birch_planks":68,"minecraft:wheat_seeds":10,"minecraft:oak_log":50,"minecraft:oak_fence":2,"minecraft:feather":4,"minecraft:cobblestone":1,"minecraft:book":1,"minecraft:apple":3,"minecraft:amethyst_block":2,"minecraft:granite":2,"minecraft:rail":3,"minecraft:birch_slab":5,"minecraft:coal":19,"minecraft:leather_helmet":1,"minecraft:red_mushroom":2,"minecraft:cod":1,"minecraft:stick":15,"minecraft:dirt":154,"minecraft:milk_bucket":1,"minecraft:golden_carrot":3,"minecraft:ink_sac":4,"minecraft:torch":14,"minecraft:wooden_axe":1,"minecraft:melon_slice":37,"minecraft:rabbit":7,"minecraft:snowball":146,"minecraft:stripped_birch_log":2,"minecraft:wooden_sword":1,"minecraft:pumpkin":8,"minecraft:bone_meal":5,"minecraft:flowering_azalea":2,"minecraft:raw_iron_block":1,"minecraft:string":4,"minecraft:spruce_sapling":3,"minecraft:bone":1,"minecraft:gravel":3,"minecraft:stone_axe":1,"minecraft:sweet_berries":3,"minecraft:raw_copper":6,"minecraft:music_disc_otherside":1,"minecraft:wheat":7,"minecraft:stone_shovel":1,"minecraft:raw_iron":8,"minecraft:rotten_flesh":7,"minecraft:clay_ball":12,"minecraft:oak_planks":3,"minecraft:iron_hoe":1,"minecraft:cooked_mutton":2,"minecraft:pumpkin_seeds":1,"minecraft:tipped_arrow":3,"minecraft:gunpowder":12,"minecraft:oak_sapling":1,"minecraft:chest":20,"minecraft:wooden_shovel":6,"minecraft:carved_pumpkin":1,"minecraft:arrow":9,"minecraft:stone_pickaxe":8,"minecraft:beef":2,"minecraft:wooden_pickaxe":2,"minecraft:raw_gold":12,"minecraft:calcite":1,"minecraft:cooked_rabbit":4,"minecraft:amethyst_cluster":2,"minecraft:egg":14},"minecraft:killed":{"minecraft:spider":10,"minecraft:skeleton":6,"minecraft:wolf":2,"minecraft:rabbit":6,"minecraft:creeper":6,"minecraft:polar_bear":2,"minecraft:sheep":13,"minecraft:zombie":12,"minecraft:mooshroom":2,"minecraft:stray":6,"minecraft:cow":1},"minecraft:killed_by":{"minecraft:player":1,"minecraft:stray":1},"minecraft:custom":{"minecraft:mob_kills":70,"minecraft:animals_bred":19,"minecraft:interact_with_crafting_table":66,"minecraft:damage_dealt_resisted":7,"minecraft:leave_game":4,"minecraft:time_since_death":27725,"minecraft:sprint_one_cm":199748,"minecraft:walk_one_cm":504039,"minecraft:damage_blocked_by_shield":207,"minecraft:drop":241,"minecraft:play_time":213531,"minecraft:deaths":4,"minecraft:sneak_time":21742,"minecraft:walk_under_water_one_cm":1822,"minecraft:jump":1455,"minecraft:walk_on_water_one_cm":1051,"minecraft:total_world_time":213531,"minecraft:interact_with_furnace":44,"minecraft:time_since_rest":27778,"minecraft:damage_taken":2129,"minecraft:damage_dealt":11295,"minecraft:player_kills":6,"minecraft:fly_one_cm":196516,"minecraft:open_chest":389,"minecraft:crouch_one_cm":81502,"minecraft:fall_one_cm":10009},"minecraft:mined":{"minecraft:deepslate_tiles":9,"minecraft:diamond_ore":1,"minecraft:tuff":21,"minecraft:deepslate_diamond_ore":1,"minecraft:candle":1,"minecraft:dark_oak_log":5,"minecraft:carved_pumpkin":2,"minecraft:budding_amethyst":13,"minecraft:granite":31,"minecraft:grass_block":160,"minecraft:deepslate_bricks":23,"minecraft:raw_iron_block":3,"minecraft:furnace":1,"minecraft:raw_gold_block":5,"minecraft:iron_ore":33,"minecraft:snow":66,"minecraft:andesite":32,"minecraft:pumpkin":8,"minecraft:deepslate_lapis_ore":8,"minecraft:deepslate_iron_ore":22,"minecraft:packed_ice":14,"minecraft:stone":133,"minecraft:spruce_slab":5,"minecraft:podzol":33,"minecraft:oak_slab":31,"minecraft:gray_terracotta":7,"minecraft:snow_block":68,"minecraft:powder_snow":14,"minecraft:clay":25,"minecraft:oak_fence":1,"minecraft:torch":6,"minecraft:crafting_table":4,"minecraft:calcite":45,"minecraft:melon":12,"minecraft:chest":28,"minecraft:copper_ore":51,"minecraft:deepslate_coal_ore":15,"minecraft:deepslate_gold_ore":19,"minecraft:amethyst_block":59,"minecraft:diorite":57,"minecraft:deepslate_copper_ore":15,"minecraft:birch_sapling":1,"minecraft:white_terracotta":21,"minecraft:dark_oak_slab":12,"minecraft:blue_terracotta":3,"minecraft:birch_log":28,"minecraft:sweet_berry_bush":4,"minecraft:wheat":79,"minecraft:ice":1,"minecraft:blue_ice":8,"minecraft:spruce_log":15,"minecraft:pumpkin_stem":2,"minecraft:coal_ore":16,"minecraft:oak_log":145,"minecraft:gravel":68,"minecraft:dirt":80,"minecraft:dripstone_block":7,"minecraft:smooth_basalt":19,"minecraft:terracotta":9,"minecraft:raw_copper_block":3,"minecraft:gold_ore":10,"minecraft:oak_leaves":39,"minecraft:deepslate":62,"minecraft:suspicious_gravel":39},"minecraft:picked_up":{"minecraft:crafting_table":5,"minecraft:wheat":72,"minecraft:chicken":1,"minecraft:clay_ball":100,"minecraft:wooden_pickaxe":1,"minecraft:shield":2,"minecraft:amethyst_block":67,"minecraft:string":19,"minecraft:raw_copper":259,"minecraft:iron_axe":2,"minecraft:iron_shovel":4,"minecraft:deepslate_tiles":10,"minecraft:candle":2,"minecraft:cobbled_deepslate":24,"minecraft:bucket":1,"minecraft:music_disc_otherside":2,"minecraft:beef":11,"minecraft:calcite":49,"minecraft:iron_pickaxe":2,"minecraft:wooden_shovel":4,"minecraft:melon_slice":74,"minecraft:spruce_slab":5,"minecraft:chest":58,"minecraft:birch_sapling":1,"minecraft:egg":12,"minecraft:furnace":1,"minecraft:tipped_arrow":3,"minecraft:golden_helmet":1,"minecraft:raw_iron":52,"minecraft:stick":53,"minecraft:sheaf_pottery_sherd":8,"minecraft:raw_gold_block":10,"minecraft:music_disc_relic":1,"minecraft:oak_fence":4,"minecraft:torch":35,"minecraft:porkchop":1,"minecraft:diorite":68,"minecraft:rabbit_foot":1,"minecraft:arrow":28,"minecraft:rotten_flesh":14,"minecraft:deepslate_bricks":26,"minecraft:carved_pumpkin":1,"minecraft:white_terracotta":21,"minecraft:mutton":18,"minecraft:rail":8,"minecraft:cod":1,"minecraft:snowball":226,"minecraft:white_wool":17,"minecraft:cobblestone":145,"minecraft:birch_log":27,"minecraft:leather_chestplate":1,"minecraft:feather":2,"minecraft:golden_carrot":6,"minecraft:birch_slab":5,"minecraft:andesite":81,"minecraft:leather":5,"minecraft:red_mushroom":4,"minecraft:birch_planks":102,"minecraft:flint":4,"minecraft:tuff":15,"minecraft:oak_log":161,"minecraft:gunpowder":14,"minecraft:lapis_lazuli":43,"minecraft:stripped_birch_log":4,"minecraft:dirt":484,"minecraft:paper":2,"minecraft:disc_fragment_5":3,"minecraft:bone":27,"minecraft:apple":8,"minecraft:bow":3,"minecraft:gray_terracotta":1,"minecraft:wheat_seeds":195,"minecraft:raw_gold":23,"minecraft:rabbit_hide":3,"minecraft:iron_ingot":36,"minecraft:stone_pickaxe":7,"minecraft:stone_hoe":1,"minecraft:rabbit":22,"minecraft:oak_planks":2,"minecraft:iron_sword":1,"minecraft:flowering_azalea":3,"minecraft:book":2,"minecraft:oak_slab":103,"minecraft:smooth_basalt":11,"minecraft:dark_oak_slab":32,"minecraft:pumpkin":16,"minecraft:sweet_berries":38,"minecraft:raw_iron_block":3,"minecraft:dripstone_block":7,"minecraft:gravel":105,"minecraft:amethyst_shard":1,"minecraft:spruce_sapling":1,"minecraft:ink_sac":8,"minecraft:spruce_log":8,"minecraft:spider_eye":4,"minecraft:leather_helmet":1,"minecraft:iron_hoe":2,"minecraft:pumpkin_seeds":2,"minecraft:blue_terracotta":2,"minecraft:diamond":3,"minecraft:writable_book":1,"minecraft:iron_helmet":1,"minecraft:granite":34,"minecraft:bone_meal":3,"minecraft:terracotta":2,"minecraft:oak_sapling":44,"minecraft:coal":60},"minecraft:used":{"minecraft:oak_fence":1,"minecraft:iron_shovel":310,"minecraft:spruce_slab":9,"minecraft:stone_shovel":13,"minecraft:chest":18,"minecraft:shield":16,"minecraft:iron_sword":148,"minecraft:cooked_chicken":1,"minecraft:wooden_shovel":153,"minecraft:stone_hoe":72,"minecraft:torch":33,"minecraft:dirt":174,"minecraft:snowball":68,"minecraft:milk_bucket":3,"minecraft:wooden_axe":102,"minecraft:iron_axe":250,"minecraft:birch_sapling":1,"minecraft:dark_oak_slab":27,"minecraft:bow":17,"minecraft:sweet_berries":33,"minecraft:oak_sapling":21,"minecraft:furnace":2,"minecraft:pumpkin":1,"minecraft:wheat_seeds":137,"minecraft:water_bucket":16,"minecraft:stone_pickaxe":39,"minecraft:leather_chestplate":1,"minecraft:wooden_pickaxe":9,"minecraft:oak_slab":690,"minecraft:crafting_table":4,"minecraft:pumpkin_seeds":5,"minecraft:oak_log":7,"minecraft:gray_terracotta":1,"minecraft:bread":5,"minecraft:iron_pickaxe":775,"minecraft:melon_slice":32,"minecraft:cooked_rabbit":5,"minecraft:bucket":15,"minecraft:candle":2,"minecraft:bone_meal":77}},"DataVersion":3700}