{"stats":{"minecraft:mined":{"minecraft:white_bed":15,"minecraft:cherry_log":79,"minecraft:jungle_leaves":3,"minecraft:red_nether_bricks":10,"minecraft:carved_pumpkin":2,"minecraft:obsidian":2,"minecraft:granite":53,"minecraft:red_sand":69,"minecraft:acacia_log":14,"minecraft:jungle_log":18,"minecraft:oak_pressure_plate":2,"minecraft:deepslate_bricks":55,"minecraft:tube_coral_block":3,"minecraft:bamboo_block":45,"minecraft:magma_block":2,"minecraft:cobbled_deepslate":11,"minecraft:fire":14,"minecraft:pumpkin":135,"minecraft:fletching_table":3,"minecraft:deepslate_lapis_ore":33,"minecraft:sculk_shrieker":4,"minecraft:crimson_nylium":19,"minecraft:powder_snow":14,"minecraft:torch":39,"minecraft:melon":48,"minecraft:glass":16,"minecraft:bamboo_mosaic":30,"minecraft:sugar_cane":22,"minecraft:amethyst_block":174,"minecraft:birch_sapling":1,"minecraft:white_terracotta":31,"minecraft:cherry_fence":1,"minecraft:verdant_froglight":5,"minecraft:mud":56,"minecraft:wheat":966,"minecraft:pumpkin_stem":6,"minecraft:oak_fence_gate":1,"minecraft:smooth_quartz":70,"minecraft:mangrove_log":11,"minecraft:smooth_basalt":29,"minecraft:red_mushroom_block":17,"minecraft:deepslate":230,"minecraft:suspicious_gravel":51,"minecraft:yellow_terracotta":20,"minecraft:attached_pumpkin_stem":1,"minecraft:deepslate_tiles":27,"minecraft:dark_prismarine":39,"minecraft:mossy_cobblestone":36,"minecraft:dark_oak_log":12,"minecraft:sea_lantern":22,"minecraft:nether_bricks":18,"minecraft:spruce_fence":2,"minecraft:cherry_wood":10,"minecraft:moss_block":162,"minecraft:redstone_ore":31,"minecraft:packed_mud":26,"minecraft:red_sandstone":32,"minecraft:snow":477,"minecraft:suspicious_sand":17,"minecraft:andesite":57,"minecraft:green_terracotta":9,"minecraft:cobblestone_slab":141,"minecraft:bamboo":98,"minecraft:fire_coral_block":6,"minecraft:white_wool":2,"minecraft:oak_slab":181,"minecraft:soul_sand":16,"minecraft:emerald_ore":38,"minecraft:sponge":12,"minecraft:dropper":1,"minecraft:copper_ore":131,"minecraft:dried_kelp_block":4,"minecraft:deepslate_gold_ore":43,"minecraft:diorite":79,"minecraft:warped_wart_block":16,"minecraft:pearlescent_froglight":1,"minecraft:red_terracotta":8,"minecraft:white_carpet":10,"minecraft:spruce_log":20,"minecraft:quartz_pillar":42,"minecraft:gravel":108,"minecraft:dripstone_block":86,"minecraft:brown_terracotta":13,"minecraft:gold_ore":48,"minecraft:deepslate_emerald_ore":25,"minecraft:attached_melon_stem":1,"minecraft:oak_sapling":1,"minecraft:budding_amethyst":48,"minecraft:grass_block":352,"minecraft:dead_tube_coral_block":1,"minecraft:soul_soil":5,"minecraft:mud_bricks":27,"minecraft:gilded_blackstone":8,"minecraft:raw_iron_block":3,"minecraft:sculk_catalyst":4,"minecraft:glowstone":5,"minecraft:iron_ore":104,"minecraft:anvil":3,"minecraft:pointed_dripstone":23,"minecraft:brain_coral_block":13,"minecraft:spruce_slab":30,"minecraft:deepslate_redstone_ore":3,"minecraft:gray_terracotta":7,"minecraft:quartz_block":120,"minecraft:cyan_terracotta":9,"minecraft:blackstone":26,"minecraft:orange_terracotta":17,"minecraft:chiseled_quartz_block":66,"minecraft:clay":76,"minecraft:light_gray_terracotta":12,"minecraft:calcite":134,"minecraft:chest":81,"minecraft:mushroom_stem":13,"minecraft:nether_quartz_ore":4,"minecraft:cobblestone":3068,"minecraft:honeycomb_block":18,"minecraft:oak_planks":35,"minecraft:prismarine":55,"minecraft:wall_torch":4,"minecraft:deepslate_copper_ore":75,"minecraft:light_blue_terracotta":16,"minecraft:warped_nylium":6,"minecraft:blue_terracotta":7,"minecraft:powered_rail":3,"minecraft:dark_oak_slab":50,"minecraft:nether_wart_block":9,"minecraft:birch_log":37,"minecraft:blue_ice":8,"minecraft:lava_cauldron":4,"minecraft:oak_log":1989,"minecraft:lime_terracotta":4,"minecraft:sand":120,"minecraft:dirt":356,"minecraft:raw_copper_block":23,"minecraft:netherrack":40,"minecraft:oak_leaves":256,"minecraft:horn_coral_block":2,"minecraft:nether_gold_ore":8,"minecraft:diamond_ore":16,"minecraft:crying_obsidian":2,"minecraft:tuff":77,"minecraft:deepslate_diamond_ore":26,"minecraft:candle":1,"minecraft:mangrove_roots":8,"minecraft:chiseled_bookshelf":33,"minecraft:calibrated_sculk_sensor":8,"minecraft:brown_mushroom_block":27,"minecraft:birch_slab":82,"minecraft:sandstone":59,"minecraft:rooted_dirt":21,"minecraft:hay_block":9,"minecraft:oak_trapdoor":20,"minecraft:furnace":1,"minecraft:carrots":62,"minecraft:raw_gold_block":5,"minecraft:chiseled_deepslate":4,"minecraft:detector_rail":2,"minecraft:dead_horn_coral_block":4,"minecraft:deepslate_iron_ore":67,"minecraft:shroomlight":11,"minecraft:packed_ice":19,"minecraft:stone":211,"minecraft:pink_terracotta":23,"minecraft:podzol":35,"minecraft:scaffolding":1,"minecraft:snow_block":71,"minecraft:basalt":2,"minecraft:oak_fence":58,"minecraft:crafting_table":9,"minecraft:honey_block":8,"minecraft:sculk_sensor":8,"minecraft:lectern":246,"minecraft:deepslate_coal_ore":74,"minecraft:lapis_ore":40,"minecraft:sculk":21,"minecraft:prismarine_bricks":51,"minecraft:beehive":10,"minecraft:magenta_terracotta":20,"minecraft:sweet_berry_bush":10,"minecraft:ice":2,"minecraft:bee_nest":6,"minecraft:muddy_mangrove_roots":7,"minecraft:dead_brain_coral_block":2,"minecraft:coal_ore":62,"minecraft:ochre_froglight":4,"minecraft:cherry_leaves":13,"minecraft:terracotta":28},"minecraft:used":{"minecraft:writable_book":1,"minecraft:spruce_slab":40,"minecraft:chest":47,"minecraft:snowball":91,"minecraft:lava_bucket":15,"minecraft:grass_block":1,"minecraft:birch_sapling":1,"minecraft:dark_oak_slab":68,"minecraft:bow":118,"minecraft:sweet_berries":62,"minecraft:oak_sapling":524,"minecraft:furnace":2,"minecraft:egg":741,"minecraft:powered_rail":9,"minecraft:leather_chestplate":1,"minecraft:wooden_pickaxe":9,"minecraft:dark_oak_trapdoor":4,"minecraft:sand":5,"minecraft:pumpkin_seeds":16,"minecraft:lightning_rod":2,"minecraft:birch_slab":94,"minecraft:lectern":249,"minecraft:oak_pressure_plate":3,"minecraft:diamond_sword":30,"minecraft:ice":1,"minecraft:oak_boat":4,"minecraft:oak_trapdoor":29,"minecraft:torch":273,"minecraft:brewing_stand":1,"minecraft:anvil":4,"minecraft:oak_fence_gate":1,"minecraft:music_disc_mellohi":7,"minecraft:rooted_dirt":1,"minecraft:iron_axe":2286,"minecraft:melon_seeds":3,"minecraft:bamboo":25,"minecraft:cherry_fence":30,"minecraft:pointed_dripstone":21,"minecraft:wheat_seeds":1051,"minecraft:water_bucket":75,"minecraft:cauldron":6,"minecraft:fletching_table":4,"minecraft:rail":8,"minecraft:crafting_table":11,"minecraft:oak_slab":5784,"minecraft:white_bed":27,"minecraft:oak_log":12,"minecraft:diamond_pickaxe":470,"minecraft:iron_pickaxe":3057,"minecraft:cobblestone":289,"minecraft:cooked_porkchop":3,"minecraft:candle":8,"minecraft:red_sand":2,"minecraft:iron_shovel":1360,"minecraft:oak_sign":5,"minecraft:shield":80,"minecraft:white_terracotta":36,"minecraft:iron_sword":930,"minecraft:green_terracotta":2,"minecraft:carrot":66,"minecraft:milk_bucket":4,"minecraft:glass":28,"minecraft:birch_trapdoor":8,"minecraft:scaffolding":24,"minecraft:dropper":2,"minecraft:stone_pickaxe":3478,"minecraft:oak_planks":36,"minecraft:diamond_axe":329,"minecraft:white_wool":2,"minecraft:loom":1,"minecraft:dripstone_block":23,"minecraft:lever":1,"minecraft:melon_slice":130,"minecraft:bread":10,"minecraft:cooked_rabbit":5,"minecraft:bone_meal":97,"minecraft:oak_fence":58,"minecraft:trident":1,"minecraft:flint_and_steel":3,"minecraft:stone_shovel":90,"minecraft:redstone":2,"minecraft:wooden_shovel":153,"minecraft:stone_hoe":135,"minecraft:cooked_chicken":118,"minecraft:dirt":632,"minecraft:spyglass":18,"minecraft:white_carpet":19,"minecraft:hopper":1,"minecraft:granite":1,"minecraft:spruce_fence":2,"minecraft:iron_hoe":17,"minecraft:wooden_axe":102,"minecraft:golden_carrot":3,"minecraft:minecart":5,"minecraft:cooked_beef":1,"minecraft:pumpkin":1,"minecraft:cooked_mutton":66,"minecraft:cobblestone_slab":3258,"minecraft:gray_terracotta":1,"minecraft:apple":2,"minecraft:detector_rail":2,"minecraft:stone_axe":1391,"minecraft:bucket":110},"minecraft:picked_up":{"minecraft:seagrass":7,"minecraft:anvil":3,"minecraft:prismarine_shard":12,"minecraft:lead":17,"minecraft:enchanted_book":7,"minecraft:amethyst_block":176,"minecraft:string":40,"minecraft:red_nether_bricks":2,"minecraft:explorer_pottery_sherd":1,"minecraft:shroomlight":7,"minecraft:gold_nugget":70,"minecraft:cobbled_deepslate":208,"minecraft:spruce_planks":1,"minecraft:melon_slice":448,"minecraft:mangrove_log":11,"minecraft:golden_helmet":2,"minecraft:beehive":7,"minecraft:sheaf_pottery_sherd":8,"minecraft:big_dripleaf":6,"minecraft:acacia_log":11,"minecraft:honeycomb_block":18,"minecraft:cherry_log":81,"minecraft:pink_terracotta":33,"minecraft:rabbit_foot":1,"minecraft:green_terracotta":17,"minecraft:cauldron":4,"minecraft:bamboo_block":43,"minecraft:stone_sword":2,"minecraft:horn_coral_fan":2,"minecraft:honey_bottle":11,"minecraft:tropical_fish":21,"minecraft:iron_block":2,"minecraft:carved_pumpkin":1,"minecraft:cyan_terracotta":4,"minecraft:wolf_spawn_egg":1,"minecraft:white_terracotta":39,"minecraft:blaze_rod":2,"minecraft:snowball":650,"minecraft:sponge":12,"minecraft:birch_log":34,"minecraft:magma_block":5,"minecraft:feather":420,"minecraft:cooked_beef":1,"minecraft:birch_slab":73,"minecraft:water_bucket":10,"minecraft:jungle_log":19,"minecraft:flint":14,"minecraft:cherry_fence":5,"minecraft:magenta_terracotta":20,"minecraft:disc_fragment_5":3,"minecraft:gray_terracotta":1,"minecraft:rabbit":22,"minecraft:glowstone_dust":92,"minecraft:moss_block":209,"minecraft:pitcher_pod":1,"minecraft:honeycomb":4,"minecraft:warped_wart_block":4,"minecraft:dropper":1,"minecraft:ink_sac":16,"minecraft:dark_oak_log":12,"minecraft:red_terracotta":9,"minecraft:iron_hoe":3,"minecraft:snout_armor_trim_smithing_template":1,"minecraft:blue_terracotta":6,"minecraft:angler_pottery_sherd":18,"minecraft:writable_book":11,"minecraft:dead_brain_coral_block":16,"minecraft:granite":54,"minecraft:chainmail_helmet":1,"minecraft:bread":43,"minecraft:rooted_dirt":36,"minecraft:plenty_pottery_sherd":5,"minecraft:diamond_pickaxe":8,"minecraft:crafting_table":12,"minecraft:mud":51,"minecraft:shelter_pottery_sherd":5,"minecraft:nether_wart":2,"minecraft:clay_ball":264,"minecraft:dead_horn_coral_block":5,"minecraft:flint_and_steel":1,"minecraft:white_carpet":11,"minecraft:iron_shovel":12,"minecraft:music_disc_otherside":2,"minecraft:beef":12,"minecraft:jungle_sapling":4,"minecraft:spruce_slab":29,"minecraft:minecart":7,"minecraft:chest":117,"minecraft:birch_sapling":5,"minecraft:raw_copper_block":20,"minecraft:egg":1010,"minecraft:sandstone":41,"minecraft:raw_gold_block":10,"minecraft:music_disc_mellohi":9,"minecraft:amethyst_cluster":1,"minecraft:spruce_fence":2,"minecraft:fire_charge":2,"minecraft:skull_pottery_sherd":8,"minecraft:carrot":251,"minecraft:redstone":205,"minecraft:prismarine_crystals":60,"minecraft:beetroot_seeds":10,"minecraft:tube_coral_fan":1,"minecraft:shears":1,"minecraft:deepslate_bricks":35,"minecraft:hay_block":5,"minecraft:yellow_terracotta":21,"minecraft:gold_ingot":7,"minecraft:glow_berries":4,"minecraft:mutton":230,"minecraft:white_wool":355,"minecraft:rail":8,"minecraft:mud_bricks":18,"minecraft:red_mushroom":20,"minecraft:ochre_froglight":35,"minecraft:packed_mud":22,"minecraft:oak_log":2001,"minecraft:lily_pad":12,"minecraft:ancient_debris":1,"minecraft:paper":2,"minecraft:apple":113,"minecraft:kelp":1,"minecraft:oak_fence_gate":1,"minecraft:creeper_spawn_egg":1,"minecraft:spore_blossom":2,"minecraft:music_disc_far":2,"minecraft:stone_pickaxe":19,"minecraft:blade_pottery_sherd":6,"minecraft:glass_bottle":3,"minecraft:iron_sword":13,"minecraft:flowering_azalea":5,"minecraft:smooth_basalt":15,"minecraft:dark_oak_slab":70,"minecraft:sweet_berries":590,"minecraft:spyglass":2,"minecraft:torchflower_seeds":2,"minecraft:gravel":128,"minecraft:dead_fire_coral_block":9,"minecraft:spruce_sapling":2,"minecraft:spruce_log":17,"minecraft:crying_obsidian":2,"minecraft:archer_pottery_sherd":4,"minecraft:leather_helmet":1,"minecraft:husk_spawn_egg":1,"minecraft:slime_ball":164,"minecraft:snort_pottery_sherd":5,"minecraft:stone_axe":8,"minecraft:short_grass":2,"minecraft:oak_button":1,"minecraft:melon_seeds":4,"minecraft:mangrove_propagule":1,"minecraft:wheat":960,"minecraft:gilded_blackstone":4,"minecraft:dead_tube_coral_block":4,"minecraft:raw_copper":759,"minecraft:deepslate_tiles":10,"minecraft:red_sand":55,"minecraft:bucket":3,"minecraft:cobblestone_slab":327,"minecraft:calcite":131,"minecraft:wooden_shovel":4,"minecraft:smooth_quartz":73,"minecraft:iron_pickaxe":12,"minecraft:furnace":1,"minecraft:tipped_arrow":3,"minecraft:stick":3428,"minecraft:brown_terracotta":11,"minecraft:oak_fence":64,"minecraft:torch":115,"minecraft:porkchop":63,"minecraft:pointed_dripstone":31,"minecraft:diorite":87,"minecraft:quartz_block":127,"minecraft:rotten_flesh":51,"minecraft:mangrove_roots":5,"minecraft:obsidian":2,"minecraft:cod":3,"minecraft:cobblestone":4157,"minecraft:pink_petals":3,"minecraft:muddy_mangrove_roots":2,"minecraft:leather_chestplate":2,"minecraft:magma_cream":7,"minecraft:andesite":133,"minecraft:chiseled_quartz_block":66,"minecraft:magenta_dye":4,"minecraft:tuff":74,"minecraft:prismarine_bricks":48,"minecraft:lapis_lazuli":471,"minecraft:dirt":1114,"minecraft:stripped_birch_log":4,"minecraft:glass":1,"minecraft:bone":39,"minecraft:bow":11,"minecraft:orange_tulip":3,"minecraft:wheat_seeds":2969,"minecraft:raw_gold":82,"minecraft:fletching_table":3,"minecraft:bamboo":889,"minecraft:powered_rail":4,"minecraft:prismarine":64,"minecraft:oak_planks":576,"minecraft:stone_hoe":4,"minecraft:cooked_porkchop":38,"minecraft:oak_pressure_plate":2,"minecraft:sand":94,"minecraft:grass_block":1,"minecraft:mossy_cobblestone":30,"minecraft:dark_prismarine":54,"minecraft:light_gray_terracotta":9,"minecraft:sugar":2,"minecraft:light_blue_terracotta":16,"minecraft:diamond":52,"minecraft:cherry_wood":10,"minecraft:crossbow":1,"minecraft:bone_meal":6,"minecraft:golden_apple":2,"minecraft:emerald":98,"minecraft:oak_sapling":833,"minecraft:netherrack":51,"minecraft:lingering_potion":1,"minecraft:chicken":341,"minecraft:brown_mushroom":8,"minecraft:wooden_pickaxe":1,"minecraft:shield":10,"minecraft:oak_trapdoor":24,"minecraft:moss_carpet":4,"minecraft:iron_axe":11,"minecraft:vex_spawn_egg":1,"minecraft:blackstone":18,"minecraft:candle":5,"minecraft:detector_rail":2,"minecraft:oak_boat":8,"minecraft:lectern":246,"minecraft:sugar_cane":38,"minecraft:phantom_membrane":2,"minecraft:raw_iron":188,"minecraft:music_disc_relic":1,"minecraft:copper_ingot":1,"minecraft:quartz_pillar":39,"minecraft:trident":5,"minecraft:arrow":252,"minecraft:nether_bricks":79,"minecraft:glistering_melon_slice":7,"minecraft:basalt":2,"minecraft:golden_carrot":8,"minecraft:glow_ink_sac":25,"minecraft:salmon":2,"minecraft:leather":16,"minecraft:birch_planks":102,"minecraft:crimson_fungus":1,"minecraft:nether_wart_block":5,"minecraft:gunpowder":16,"minecraft:heart_pottery_sherd":12,"minecraft:orange_terracotta":13,"minecraft:cooked_mutton":33,"minecraft:pearlescent_froglight":1,"minecraft:red_sandstone":26,"minecraft:rabbit_hide":3,"minecraft:iron_ingot":76,"minecraft:cooked_chicken":120,"minecraft:frogspawn":2,"minecraft:verdant_froglight":5,"minecraft:soul_sand":15,"minecraft:book":9,"minecraft:sculk_catalyst":2,"minecraft:scaffolding":10,"minecraft:oak_slab":871,"minecraft:warped_fungus":2,"minecraft:pitcher_plant":1,"minecraft:pumpkin":144,"minecraft:budding_amethyst":2,"minecraft:quartz":10,"minecraft:raw_iron_block":3,"minecraft:dripstone_block":59,"minecraft:amethyst_shard":1,"minecraft:white_bed":15,"minecraft:spider_eye":9,"minecraft:bamboo_mosaic":28,"minecraft:pumpkin_seeds":12,"minecraft:dried_kelp_block":6,"minecraft:honey_block":8,"minecraft:dead_bubble_coral_block":2,"minecraft:iron_helmet":3,"minecraft:cherry_sapling":7,"minecraft:terracotta":25,"minecraft:coal":194},"minecraft:custom":{"minecraft:interact_with_crafting_table":408,"minecraft:leave_game":11,"minecraft:time_since_death":11488,"minecraft:damage_blocked_by_shield":666,"minecraft:play_time":1824668,"minecraft:deaths":15,"minecraft:jump":18276,"minecraft:interact_with_furnace":334,"minecraft:play_record":7,"minecraft:traded_with_villager":318,"minecraft:sleep_in_bed":5,"minecraft:damage_dealt":77896,"minecraft:use_cauldron":25,"minecraft:horse_one_cm":45586,"minecraft:inspect_dropper":7,"minecraft:interact_with_anvil":8,"minecraft:sneak_time":180803,"minecraft:total_world_time":1824668,"minecraft:interact_with_stonecutter":1,"minecraft:time_since_rest":16129,"minecraft:fly_one_cm":3265016,"minecraft:open_chest":3773,"minecraft:fall_one_cm":257269,"minecraft:animals_bred":473,"minecraft:sprint_one_cm":2385918,"minecraft:drop":1324,"minecraft:talked_to_villager":688,"minecraft:interact_with_brewingstand":3,"minecraft:walk_on_water_one_cm":12497,"minecraft:interact_with_loom":6,"minecraft:player_kills":16,"minecraft:crouch_one_cm":757869,"minecraft:mob_kills":995,"minecraft:damage_dealt_resisted":850,"minecraft:climb_one_cm":18872,"minecraft:walk_one_cm":3681160,"minecraft:walk_under_water_one_cm":10831,"minecraft:boat_one_cm":13973,"minecraft:damage_taken":15558},"minecraft:dropped":{"minecraft:iron_sword":3,"minecraft:lapis_lazuli":62,"minecraft:cooked_beef":1,"minecraft:glow_ink_sac":16,"minecraft:glass_bottle":1,"minecraft:diamond":15,"minecraft:spore_blossom":2,"minecraft:crafting_table":1,"minecraft:cooked_porkchop":17,"minecraft:crossbow":1,"minecraft:rooted_dirt":20,"minecraft:archer_pottery_sherd":4,"minecraft:rail":3,"minecraft:leather_helmet":1,"minecraft:red_mushroom":2,"minecraft:emerald":16,"minecraft:packed_mud":3,"minecraft:dirt":280,"minecraft:gold_nugget":3,"minecraft:writable_book":7,"minecraft:wooden_sword":1,"minecraft:bone_meal":7,"minecraft:sand":18,"minecraft:sugar":2,"minecraft:iron_pickaxe":4,"minecraft:white_wool":41,"minecraft:bone":3,"minecraft:stone_axe":3,"minecraft:cooked_chicken":126,"minecraft:cobbled_deepslate":34,"minecraft:birch_sapling":2,"minecraft:wheat":36,"minecraft:rotten_flesh":21,"minecraft:oak_planks":451,"minecraft:music_disc_far":1,"minecraft:dead_fire_coral_block":1,"minecraft:salmon":3,"minecraft:tipped_arrow":3,"minecraft:jungle_log":2,"minecraft:heart_pottery_sherd":4,"minecraft:glass":2,"minecraft:beef":2,"minecraft:cherry_fence":4,"minecraft:egg":229,"minecraft:iron_ingot":9,"minecraft:wolf_spawn_egg":1,"minecraft:wheat_seeds":708,"minecraft:dripstone_block":1,"minecraft:book":6,"minecraft:oak_fence":3,"minecraft:yellow_terracotta":7,"minecraft:feather":95,"minecraft:cobblestone":1744,"minecraft:prismarine_crystals":18,"minecraft:apple":16,"minecraft:granite":6,"minecraft:explorer_pottery_sherd":1,"minecraft:bamboo_block":8,"minecraft:chainmail_helmet":1,"minecraft:coal":59,"minecraft:dried_kelp_block":2,"minecraft:ink_sac":4,"minecraft:golden_carrot":3,"minecraft:wooden_axe":1,"minecraft:rabbit":7,"minecraft:brown_terracotta":2,"minecraft:stripped_birch_log":2,"minecraft:pumpkin":19,"minecraft:mud":4,"minecraft:angler_pottery_sherd":10,"minecraft:iron_shovel":1,"minecraft:string":4,"minecraft:lily_pad":5,"minecraft:spruce_sapling":3,"minecraft:moss_carpet":4,"minecraft:green_terracotta":12,"minecraft:stone_sword":1,"minecraft:stone_shovel":2,"minecraft:chicken":9,"minecraft:white_carpet":2,"minecraft:clay_ball":56,"minecraft:white_terracotta":3,"minecraft:glow_lichen":2,"minecraft:budding_amethyst":1,"minecraft:nether_bricks":4,"minecraft:pumpkin_seeds":3,"minecraft:big_dripleaf":1,"minecraft:cobblestone_slab":64,"minecraft:diamond_pickaxe":2,"minecraft:wooden_shovel":6,"minecraft:carved_pumpkin":1,"minecraft:bamboo":84,"minecraft:sandstone":6,"minecraft:red_sand":6,"minecraft:bow":1,"minecraft:dark_prismarine":1,"minecraft:cooked_rabbit":4,"minecraft:terracotta":6,"minecraft:moss_block":45,"minecraft:birch_planks":68,"minecraft:oak_log":83,"minecraft:birch_slab":5,"minecraft:cod":1,"minecraft:flint":1,"minecraft:cyan_terracotta":1,"minecraft:dark_oak_log":6,"minecraft:mutton":1,"minecraft:snowball":195,"minecraft:axolotl_bucket":2,"minecraft:birch_log":2,"minecraft:gold_ingot":4,"minecraft:honeycomb_block":7,"minecraft:gravel":11,"minecraft:pink_terracotta":12,"minecraft:blackstone":6,"minecraft:music_disc_otherside":1,"minecraft:pointed_dripstone":1,"minecraft:cherry_sapling":2,"minecraft:prismarine":16,"minecraft:cooked_mutton":36,"minecraft:carrot":4,"minecraft:trident":1,"minecraft:gunpowder":12,"minecraft:blade_pottery_sherd":1,"minecraft:melon_seeds":7,"minecraft:chest":29,"minecraft:arrow":35,"minecraft:prismarine_bricks":3,"minecraft:netherrack":4,"minecraft:stone_hoe":3,"minecraft:bread":7,"minecraft:oak_slab":164,"minecraft:cherry_log":5,"minecraft:mossy_cobblestone":6,"minecraft:minecart":1,"minecraft:prismarine_shard":6,"minecraft:lead":4,"minecraft:amethyst_block":25,"minecraft:frogspawn":2,"minecraft:copper_ingot":1,"minecraft:tropical_fish":17,"minecraft:grass_block":1,"minecraft:stick":4049,"minecraft:milk_bucket":1,"minecraft:diorite":9,"minecraft:torch":18,"minecraft:melon_slice":75,"minecraft:flowering_azalea":2,"minecraft:iron_axe":3,"minecraft:raw_iron_block":1,"minecraft:cactus":3,"minecraft:bucket":1,"minecraft:redstone":10,"minecraft:sweet_berries":238,"minecraft:oak_trapdoor":4,"minecraft:raw_copper":127,"minecraft:tuff":11,"minecraft:raw_iron":16,"minecraft:iron_hoe":1,"minecraft:andesite":26,"minecraft:oak_boat":3,"minecraft:oak_sapling":127,"minecraft:spruce_log":4,"minecraft:raw_gold":21,"minecraft:stone_pickaxe":39,"minecraft:wooden_pickaxe":2,"minecraft:music_disc_mellohi":1,"minecraft:dead_brain_coral_block":2,"minecraft:calcite":12,"minecraft:amethyst_cluster":2},"minecraft:killed_by":{"minecraft:magma_cube":1,"minecraft:stray":1,"minecraft:slime":1,"minecraft:elder_guardian":1,"minecraft:player":8},"minecraft:killed":{"minecraft:cave_spider":1,"minecraft:shulker":1,"minecraft:skeleton":21,"minecraft:guardian":5,"minecraft:fox":4,"minecraft:chicken":340,"minecraft:skeleton_horse":1,"minecraft:tropical_fish":1,"minecraft:magma_cube":51,"minecraft:salmon":1,"minecraft:pillager":5,"minecraft:zombie":27,"minecraft:glow_squid":2,"minecraft:cow":2,"minecraft:vindicator":6,"minecraft:zoglin":3,"minecraft:husk":15,"minecraft:sniffer":5,"minecraft:rabbit":6,"minecraft:wandering_trader":7,"minecraft:frog":4,"minecraft:polar_bear":2,"minecraft:zombified_piglin":1,"minecraft:witch":10,"minecraft:spider":23,"minecraft:bee":4,"minecraft:silverfish":1,"minecraft:turtle":3,"minecraft:camel":1,"minecraft:wolf":2,"minecraft:pig":32,"minecraft:zombie_villager":4,"minecraft:creeper":7,"minecraft:sheep":145,"minecraft:trader_llama":6,"minecraft:mooshroom":2,"minecraft:stray":6,"minecraft:blaze":3,"minecraft:vex":3,"minecraft:slime":206,"minecraft:phantom":7,"minecraft:drowned":6,"minecraft:hoglin":1},"minecraft:broken":{"minecraft:wooden_shovel":2,"minecraft:iron_sword":2,"minecraft:iron_axe":9,"minecraft:iron_pickaxe":10,"minecraft:iron_helmet":3,"minecraft:golden_helmet":2,"minecraft:iron_shovel":7,"minecraft:stone_pickaxe":25,"minecraft:stone_axe":13,"minecraft:wooden_axe":1,"minecraft:leather_chestplate":2},"minecraft:crafted":{"minecraft:smooth_stone":3,"minecraft:oak_sign":6,"minecraft:blaze_powder":4,"minecraft:oak_pressure_plate":1,"minecraft:birch_slab":78,"minecraft:loom":1,"minecraft:lever":2,"minecraft:bookshelf":3,"minecraft:cooked_mutton":226,"minecraft:glass":64,"minecraft:stone_pressure_plate":1,"minecraft:cooked_rabbit":9,"minecraft:wooden_shovel":2,"minecraft:emerald":552,"minecraft:cooked_porkchop":53,"minecraft:diamond_axe":1,"minecraft:copper_ingot":64,"minecraft:fletching_table":1,"minecraft:lectern":3,"minecraft:iron_pickaxe":14,"minecraft:iron_block":12,"minecraft:gold_ingot":172,"minecraft:stone_shovel":3,"minecraft:bone_meal":108,"minecraft:white_carpet":18,"minecraft:detector_rail":6,"minecraft:spruce_slab":18,"minecraft:stone_pickaxe":49,"minecraft:redstone_block":18,"minecraft:dark_oak_planks":188,"minecraft:golden_helmet":1,"minecraft:wheat":99,"minecraft:enchanted_book":12,"minecraft:jungle_slab":6,"minecraft:birch_trapdoor":8,"minecraft:wooden_axe":2,"minecraft:iron_shovel":7,"minecraft:white_bed":12,"minecraft:oak_planks":6925,"minecraft:cobblestone_slab":3648,"minecraft:cooked_chicken":300,"minecraft:stone":16,"minecraft:hopper":1,"minecraft:bow":3,"minecraft:chest":2,"minecraft:oak_button":1,"minecraft:copper_block":7,"minecraft:stone_hoe":3,"minecraft:oak_fence":27,"minecraft:cherry_fence":33,"minecraft:dropper":1,"minecraft:oak_slab":5681,"minecraft:arrow":90,"minecraft:cauldron":2,"minecraft:crafting_table":6,"minecraft:spruce_planks":116,"minecraft:wooden_pickaxe":1,"minecraft:gold_block":17,"minecraft:birch_planks":120,"minecraft:brewing_stand":1,"minecraft:dark_oak_slab":24,"minecraft:book":16,"minecraft:paper":60,"minecraft:shield":3,"minecraft:diamond_pickaxe":3,"minecraft:emerald_block":30,"minecraft:stick":8782,"minecraft:iron_ingot":334,"minecraft:snow_block":93,"minecraft:shears":2,"minecraft:cherry_planks":68,"minecraft:raw_iron":36,"minecraft:furnace":1,"minecraft:dark_oak_trapdoor":4,"minecraft:raw_copper_block":118,"minecraft:oak_trapdoor":12,"minecraft:flint_and_steel":1,"minecraft:scaffolding":36,"minecraft:iron_axe":10,"minecraft:minecart":2,"minecraft:cooked_beef":4,"minecraft:diamond_sword":1,"minecraft:powered_rail":6,"minecraft:iron_sword":5,"minecraft:mangrove_planks":136,"minecraft:bucket":7,"minecraft:stone_axe":13,"minecraft:air":0,"minecraft:bread":138,"minecraft:jungle_planks":8,"minecraft:cut_copper":4,"minecraft:oak_boat":2,"minecraft:raw_gold":45,"minecraft:anvil":1,"minecraft:acacia_planks":72,"minecraft:torch":256,"minecraft:clay":19,"minecraft:lapis_block":70}},"DataVersion":3700}