{"stats":{"minecraft:killed":{"minecraft:cave_spider":1,"minecraft:shulker":1,"minecraft:skeleton":17,"minecraft:guardian":5,"minecraft:fox":4,"minecraft:chicken":305,"minecraft:tropical_fish":1,"minecraft:magma_cube":51,"minecraft:salmon":1,"minecraft:pillager":5,"minecraft:zombie":27,"minecraft:glow_squid":2,"minecraft:cow":2,"minecraft:vindicator":6,"minecraft:zoglin":3,"minecraft:husk":15,"minecraft:sniffer":5,"minecraft:rabbit":6,"minecraft:wandering_trader":7,"minecraft:frog":4,"minecraft:polar_bear":2,"minecraft:zombified_piglin":1,"minecraft:witch":10,"minecraft:spider":23,"minecraft:bee":4,"minecraft:silverfish":1,"minecraft:turtle":3,"minecraft:camel":1,"minecraft:wolf":2,"minecraft:pig":32,"minecraft:zombie_villager":4,"minecraft:creeper":7,"minecraft:sheep":145,"minecraft:trader_llama":6,"minecraft:mooshroom":2,"minecraft:stray":6,"minecraft:blaze":3,"minecraft:vex":3,"minecraft:slime":206,"minecraft:phantom":7,"minecraft:drowned":6,"minecraft:hoglin":1},"minecraft:dropped":{"minecraft:iron_sword":3,"minecraft:lapis_lazuli":62,"minecraft:cooked_beef":1,"minecraft:glow_ink_sac":16,"minecraft:glass_bottle":1,"minecraft:diamond":15,"minecraft:spore_blossom":2,"minecraft:crafting_table":1,"minecraft:cooked_porkchop":17,"minecraft:crossbow":1,"minecraft:rooted_dirt":20,"minecraft:archer_pottery_sherd":4,"minecraft:rail":3,"minecraft:leather_helmet":1,"minecraft:red_mushroom":2,"minecraft:emerald":16,"minecraft:packed_mud":3,"minecraft:dirt":280,"minecraft:gold_nugget":3,"minecraft:writable_book":7,"minecraft:wooden_sword":1,"minecraft:bone_meal":7,"minecraft:sand":18,"minecraft:sugar":2,"minecraft:iron_pickaxe":4,"minecraft:white_wool":41,"minecraft:bone":3,"minecraft:stone_axe":3,"minecraft:cooked_chicken":126,"minecraft:cobbled_deepslate":34,"minecraft:birch_sapling":2,"minecraft:wheat":36,"minecraft:rotten_flesh":21,"minecraft:oak_planks":451,"minecraft:music_disc_far":1,"minecraft:dead_fire_coral_block":1,"minecraft:salmon":3,"minecraft:tipped_arrow":3,"minecraft:jungle_log":2,"minecraft:heart_pottery_sherd":4,"minecraft:glass":2,"minecraft:beef":2,"minecraft:cherry_fence":4,"minecraft:egg":228,"minecraft:iron_ingot":9,"minecraft:wolf_spawn_egg":1,"minecraft:wheat_seeds":708,"minecraft:dripstone_block":1,"minecraft:book":6,"minecraft:oak_fence":3,"minecraft:yellow_terracotta":7,"minecraft:feather":95,"minecraft:cobblestone":1744,"minecraft:prismarine_crystals":18,"minecraft:apple":16,"minecraft:granite":6,"minecraft:explorer_pottery_sherd":1,"minecraft:bamboo_block":8,"minecraft:chainmail_helmet":1,"minecraft:coal":59,"minecraft:dried_kelp_block":2,"minecraft:ink_sac":4,"minecraft:golden_carrot":3,"minecraft:wooden_axe":1,"minecraft:rabbit":7,"minecraft:brown_terracotta":2,"minecraft:stripped_birch_log":2,"minecraft:pumpkin":19,"minecraft:mud":4,"minecraft:angler_pottery_sherd":10,"minecraft:iron_shovel":1,"minecraft:string":4,"minecraft:lily_pad":5,"minecraft:spruce_sapling":3,"minecraft:moss_carpet":4,"minecraft:green_terracotta":12,"minecraft:stone_sword":1,"minecraft:stone_shovel":2,"minecraft:chicken":9,"minecraft:white_carpet":2,"minecraft:clay_ball":56,"minecraft:white_terracotta":3,"minecraft:glow_lichen":2,"minecraft:budding_amethyst":1,"minecraft:nether_bricks":4,"minecraft:pumpkin_seeds":3,"minecraft:big_dripleaf":1,"minecraft:cobblestone_slab":64,"minecraft:diamond_pickaxe":2,"minecraft:wooden_shovel":6,"minecraft:carved_pumpkin":1,"minecraft:bamboo":84,"minecraft:sandstone":6,"minecraft:red_sand":6,"minecraft:bow":1,"minecraft:dark_prismarine":1,"minecraft:cooked_rabbit":4,"minecraft:terracotta":6,"minecraft:moss_block":45,"minecraft:birch_planks":68,"minecraft:oak_log":83,"minecraft:birch_slab":5,"minecraft:cod":1,"minecraft:flint":1,"minecraft:cyan_terracotta":1,"minecraft:dark_oak_log":6,"minecraft:mutton":1,"minecraft:snowball":195,"minecraft:axolotl_bucket":2,"minecraft:birch_log":2,"minecraft:gold_ingot":4,"minecraft:honeycomb_block":7,"minecraft:gravel":11,"minecraft:pink_terracotta":12,"minecraft:blackstone":6,"minecraft:music_disc_otherside":1,"minecraft:pointed_dripstone":1,"minecraft:cherry_sapling":2,"minecraft:prismarine":16,"minecraft:cooked_mutton":36,"minecraft:carrot":4,"minecraft:trident":1,"minecraft:gunpowder":12,"minecraft:melon_seeds":7,"minecraft:blade_pottery_sherd":1,"minecraft:chest":29,"minecraft:arrow":35,"minecraft:prismarine_bricks":3,"minecraft:netherrack":4,"minecraft:stone_hoe":3,"minecraft:bread":7,"minecraft:oak_slab":164,"minecraft:cherry_log":5,"minecraft:mossy_cobblestone":6,"minecraft:minecart":1,"minecraft:prismarine_shard":6,"minecraft:lead":4,"minecraft:amethyst_block":25,"minecraft:frogspawn":2,"minecraft:copper_ingot":1,"minecraft:tropical_fish":17,"minecraft:grass_block":1,"minecraft:stick":4049,"minecraft:milk_bucket":1,"minecraft:diorite":9,"minecraft:torch":18,"minecraft:melon_slice":75,"minecraft:flowering_azalea":2,"minecraft:iron_axe":3,"minecraft:raw_iron_block":1,"minecraft:cactus":3,"minecraft:bucket":1,"minecraft:redstone":10,"minecraft:sweet_berries":238,"minecraft:oak_trapdoor":4,"minecraft:raw_copper":127,"minecraft:tuff":11,"minecraft:raw_iron":16,"minecraft:iron_hoe":1,"minecraft:andesite":26,"minecraft:oak_boat":3,"minecraft:oak_sapling":127,"minecraft:spruce_log":4,"minecraft:raw_gold":21,"minecraft:stone_pickaxe":39,"minecraft:wooden_pickaxe":2,"minecraft:music_disc_mellohi":1,"minecraft:dead_brain_coral_block":2,"minecraft:calcite":12,"minecraft:amethyst_cluster":2},"minecraft:broken":{"minecraft:wooden_shovel":2,"minecraft:iron_sword":2,"minecraft:iron_axe":9,"minecraft:iron_pickaxe":10,"minecraft:iron_helmet":3,"minecraft:golden_helmet":2,"minecraft:iron_shovel":7,"minecraft:stone_pickaxe":25,"minecraft:stone_axe":13,"minecraft:wooden_axe":1,"minecraft:leather_chestplate":2},"minecraft:used":{"minecraft:writable_book":1,"minecraft:spruce_slab":40,"minecraft:chest":42,"minecraft:snowball":91,"minecraft:lava_bucket":15,"minecraft:grass_block":1,"minecraft:birch_sapling":1,"minecraft:dark_oak_slab":68,"minecraft:bow":118,"minecraft:sweet_berries":62,"minecraft:oak_sapling":523,"minecraft:furnace":2,"minecraft:egg":631,"minecraft:powered_rail":9,"minecraft:wooden_pickaxe":9,"minecraft:leather_chestplate":1,"minecraft:dark_oak_trapdoor":4,"minecraft:sand":5,"minecraft:pumpkin_seeds":16,"minecraft:lightning_rod":2,"minecraft:birch_slab":94,"minecraft:lectern":234,"minecraft:oak_pressure_plate":3,"minecraft:diamond_sword":14,"minecraft:ice":1,"minecraft:oak_boat":4,"minecraft:oak_trapdoor":29,"minecraft:torch":266,"minecraft:brewing_stand":1,"minecraft:anvil":2,"minecraft:music_disc_mellohi":7,"minecraft:rooted_dirt":1,"minecraft:iron_axe":2286,"minecraft:melon_seeds":3,"minecraft:bamboo":25,"minecraft:cherry_fence":30,"minecraft:pointed_dripstone":21,"minecraft:wheat_seeds":963,"minecraft:water_bucket":72,"minecraft:cauldron":6,"minecraft:fletching_table":4,"minecraft:rail":8,"minecraft:oak_slab":5780,"minecraft:crafting_table":11,"minecraft:white_bed":22,"minecraft:oak_log":12,"minecraft:diamond_pickaxe":234,"minecraft:iron_pickaxe":3057,"minecraft:cobblestone":283,"minecraft:cooked_porkchop":3,"minecraft:candle":8,"minecraft:red_sand":2,"minecraft:iron_shovel":1360,"minecraft:oak_sign":1,"minecraft:shield":74,"minecraft:white_terracotta":36,"minecraft:iron_sword":930,"minecraft:green_terracotta":2,"minecraft:carrot":60,"minecraft:milk_bucket":4,"minecraft:glass":28,"minecraft:birch_trapdoor":8,"minecraft:scaffolding":24,"minecraft:dropper":2,"minecraft:stone_pickaxe":3478,"minecraft:oak_planks":36,"minecraft:diamond_axe":235,"minecraft:white_wool":2,"minecraft:loom":1,"minecraft:dripstone_block":23,"minecraft:lever":1,"minecraft:melon_slice":130,"minecraft:bread":10,"minecraft:cooked_rabbit":5,"minecraft:bone_meal":97,"minecraft:oak_fence":52,"minecraft:trident":1,"minecraft:flint_and_steel":3,"minecraft:stone_shovel":13,"minecraft:redstone":2,"minecraft:wooden_shovel":153,"minecraft:stone_hoe":102,"minecraft:cooked_chicken":109,"minecraft:dirt":551,"minecraft:spyglass":18,"minecraft:white_carpet":19,"minecraft:hopper":1,"minecraft:granite":1,"minecraft:spruce_fence":2,"minecraft:iron_hoe":17,"minecraft:wooden_axe":102,"minecraft:golden_carrot":3,"minecraft:minecart":5,"minecraft:cooked_beef":1,"minecraft:pumpkin":1,"minecraft:cooked_mutton":66,"minecraft:cobblestone_slab":3157,"minecraft:gray_terracotta":1,"minecraft:apple":2,"minecraft:detector_rail":2,"minecraft:stone_axe":1391,"minecraft:bucket":104},"minecraft:killed_by":{"minecraft:magma_cube":1,"minecraft:stray":1,"minecraft:slime":1,"minecraft:elder_guardian":1,"minecraft:player":7},"minecraft:custom":{"minecraft:interact_with_crafting_table":391,"minecraft:leave_game":10,"minecraft:time_since_death":108878,"minecraft:damage_blocked_by_shield":521,"minecraft:play_time":1700408,"minecraft:deaths":14,"minecraft:jump":17218,"minecraft:interact_with_furnace":306,"minecraft:play_record":7,"minecraft:traded_with_villager":279,"minecraft:sleep_in_bed":2,"minecraft:damage_dealt":75774,"minecraft:use_cauldron":23,"minecraft:horse_one_cm":40438,"minecraft:inspect_dropper":7,"minecraft:interact_with_anvil":5,"minecraft:sneak_time":176350,"minecraft:total_world_time":1700408,"minecraft:interact_with_stonecutter":1,"minecraft:time_since_rest":40424,"minecraft:fly_one_cm":3040570,"minecraft:open_chest":3575,"minecraft:fall_one_cm":239327,"minecraft:animals_bred":442,"minecraft:sprint_one_cm":2273159,"minecraft:drop":1323,"minecraft:talked_to_villager":509,"minecraft:interact_with_brewingstand":3,"minecraft:walk_on_water_one_cm":12196,"minecraft:interact_with_loom":6,"minecraft:player_kills":16,"minecraft:crouch_one_cm":739157,"minecraft:mob_kills":955,"minecraft:damage_dealt_resisted":850,"minecraft:climb_one_cm":18527,"minecraft:walk_one_cm":3501959,"minecraft:walk_under_water_one_cm":10831,"minecraft:boat_one_cm":13973,"minecraft:damage_taken":15053},"minecraft:mined":{"minecraft:white_bed":11,"minecraft:cherry_log":75,"minecraft:jungle_leaves":3,"minecraft:red_nether_bricks":10,"minecraft:obsidian":2,"minecraft:carved_pumpkin":2,"minecraft:granite":52,"minecraft:red_sand":67,"minecraft:acacia_log":14,"minecraft:jungle_log":13,"minecraft:oak_pressure_plate":2,"minecraft:deepslate_bricks":52,"minecraft:bamboo_block":41,"minecraft:tube_coral_block":3,"minecraft:magma_block":1,"minecraft:cobbled_deepslate":11,"minecraft:fire":14,"minecraft:pumpkin":135,"minecraft:fletching_table":3,"minecraft:deepslate_lapis_ore":30,"minecraft:crimson_nylium":16,"minecraft:powder_snow":14,"minecraft:torch":35,"minecraft:melon":47,"minecraft:glass":16,"minecraft:bamboo_mosaic":29,"minecraft:sugar_cane":14,"minecraft:amethyst_block":165,"minecraft:birch_sapling":1,"minecraft:white_terracotta":31,"minecraft:cherry_fence":1,"minecraft:verdant_froglight":3,"minecraft:mud":48,"minecraft:wheat":878,"minecraft:pumpkin_stem":6,"minecraft:smooth_quartz":70,"minecraft:mangrove_log":11,"minecraft:smooth_basalt":29,"minecraft:red_mushroom_block":17,"minecraft:deepslate":215,"minecraft:suspicious_gravel":50,"minecraft:attached_pumpkin_stem":1,"minecraft:yellow_terracotta":18,"minecraft:deepslate_tiles":19,"minecraft:dark_prismarine":36,"minecraft:mossy_cobblestone":28,"minecraft:dark_oak_log":12,"minecraft:sea_lantern":22,"minecraft:nether_bricks":18,"minecraft:spruce_fence":2,"minecraft:cherry_wood":10,"minecraft:moss_block":155,"minecraft:redstone_ore":29,"minecraft:packed_mud":24,"minecraft:red_sandstone":27,"minecraft:snow":477,"minecraft:suspicious_sand":13,"minecraft:green_terracotta":9,"minecraft:andesite":56,"minecraft:cobblestone_slab":134,"minecraft:bamboo":98,"minecraft:fire_coral_block":4,"minecraft:white_wool":2,"minecraft:oak_slab":177,"minecraft:soul_sand":15,"minecraft:emerald_ore":36,"minecraft:sponge":11,"minecraft:dropper":1,"minecraft:copper_ore":128,"minecraft:dried_kelp_block":4,"minecraft:deepslate_gold_ore":40,"minecraft:diorite":79,"minecraft:warped_wart_block":14,"minecraft:pearlescent_froglight":1,"minecraft:red_terracotta":8,"minecraft:white_carpet":10,"minecraft:spruce_log":17,"minecraft:quartz_pillar":42,"minecraft:gravel":105,"minecraft:dripstone_block":82,"minecraft:brown_terracotta":11,"minecraft:gold_ore":45,"minecraft:deepslate_emerald_ore":20,"minecraft:attached_melon_stem":1,"minecraft:oak_sapling":1,"minecraft:budding_amethyst":39,"minecraft:grass_block":267,"minecraft:dead_tube_coral_block":1,"minecraft:soul_soil":5,"minecraft:mud_bricks":24,"minecraft:gilded_blackstone":8,"minecraft:raw_iron_block":3,"minecraft:glowstone":3,"minecraft:iron_ore":97,"minecraft:anvil":2,"minecraft:pointed_dripstone":23,"minecraft:brain_coral_block":12,"minecraft:spruce_slab":30,"minecraft:deepslate_redstone_ore":3,"minecraft:gray_terracotta":7,"minecraft:quartz_block":108,"minecraft:cyan_terracotta":9,"minecraft:blackstone":26,"minecraft:orange_terracotta":16,"minecraft:chiseled_quartz_block":66,"minecraft:clay":75,"minecraft:light_gray_terracotta":10,"minecraft:calcite":129,"minecraft:chest":78,"minecraft:mushroom_stem":13,"minecraft:nether_quartz_ore":3,"minecraft:cobblestone":3056,"minecraft:honeycomb_block":17,"minecraft:prismarine":53,"minecraft:oak_planks":35,"minecraft:wall_torch":3,"minecraft:deepslate_copper_ore":74,"minecraft:light_blue_terracotta":16,"minecraft:warped_nylium":6,"minecraft:blue_terracotta":7,"minecraft:powered_rail":3,"minecraft:dark_oak_slab":50,"minecraft:nether_wart_block":7,"minecraft:birch_log":35,"minecraft:blue_ice":8,"minecraft:lava_cauldron":4,"minecraft:oak_log":1981,"minecraft:lime_terracotta":4,"minecraft:sand":117,"minecraft:dirt":353,"minecraft:raw_copper_block":23,"minecraft:netherrack":36,"minecraft:oak_leaves":256,"minecraft:horn_coral_block":2,"minecraft:nether_gold_ore":7,"minecraft:diamond_ore":16,"minecraft:crying_obsidian":2,"minecraft:tuff":76,"minecraft:deepslate_diamond_ore":26,"minecraft:candle":1,"minecraft:mangrove_roots":8,"minecraft:chiseled_bookshelf":32,"minecraft:brown_mushroom_block":27,"minecraft:birch_slab":82,"minecraft:sandstone":58,"minecraft:rooted_dirt":21,"minecraft:hay_block":9,"minecraft:oak_trapdoor":20,"minecraft:furnace":1,"minecraft:carrots":56,"minecraft:raw_gold_block":5,"minecraft:detector_rail":2,"minecraft:dead_horn_coral_block":4,"minecraft:deepslate_iron_ore":67,"minecraft:shroomlight":11,"minecraft:packed_ice":19,"minecraft:stone":205,"minecraft:pink_terracotta":23,"minecraft:podzol":35,"minecraft:scaffolding":1,"minecraft:snow_block":71,"minecraft:basalt":2,"minecraft:oak_fence":51,"minecraft:crafting_table":9,"minecraft:honey_block":8,"minecraft:lectern":231,"minecraft:deepslate_coal_ore":68,"minecraft:lapis_ore":37,"minecraft:prismarine_bricks":50,"minecraft:beehive":10,"minecraft:magenta_terracotta":20,"minecraft:sweet_berry_bush":10,"minecraft:ice":2,"minecraft:bee_nest":6,"minecraft:muddy_mangrove_roots":7,"minecraft:dead_brain_coral_block":2,"minecraft:coal_ore":60,"minecraft:ochre_froglight":3,"minecraft:cherry_leaves":13,"minecraft:terracotta":26},"minecraft:crafted":{"minecraft:smooth_stone":3,"minecraft:oak_sign":3,"minecraft:oak_pressure_plate":1,"minecraft:blaze_powder":4,"minecraft:birch_slab":78,"minecraft:loom":1,"minecraft:lever":2,"minecraft:bookshelf":3,"minecraft:cooked_mutton":134,"minecraft:glass":64,"minecraft:stone_pressure_plate":1,"minecraft:cooked_rabbit":9,"minecraft:wooden_shovel":2,"minecraft:emerald":329,"minecraft:cooked_porkchop":53,"minecraft:diamond_axe":1,"minecraft:copper_ingot":64,"minecraft:fletching_table":1,"minecraft:lectern":3,"minecraft:iron_pickaxe":14,"minecraft:iron_block":12,"minecraft:gold_ingot":172,"minecraft:stone_shovel":2,"minecraft:bone_meal":108,"minecraft:white_carpet":18,"minecraft:detector_rail":6,"minecraft:spruce_slab":18,"minecraft:stone_pickaxe":49,"minecraft:redstone_block":18,"minecraft:dark_oak_planks":188,"minecraft:golden_helmet":1,"minecraft:wheat":99,"minecraft:enchanted_book":7,"minecraft:jungle_slab":6,"minecraft:wooden_axe":2,"minecraft:birch_trapdoor":8,"minecraft:iron_shovel":7,"minecraft:white_bed":11,"minecraft:oak_planks":6397,"minecraft:cobblestone_slab":3402,"minecraft:cooked_chicken":261,"minecraft:stone":16,"minecraft:hopper":1,"minecraft:bow":3,"minecraft:chest":2,"minecraft:oak_button":1,"minecraft:copper_block":7,"minecraft:stone_hoe":2,"minecraft:oak_fence":27,"minecraft:cherry_fence":33,"minecraft:dropper":1,"minecraft:oak_slab":5681,"minecraft:arrow":90,"minecraft:cauldron":2,"minecraft:crafting_table":6,"minecraft:spruce_planks":116,"minecraft:wooden_pickaxe":1,"minecraft:gold_block":17,"minecraft:birch_planks":120,"minecraft:brewing_stand":1,"minecraft:dark_oak_slab":24,"minecraft:book":13,"minecraft:paper":24,"minecraft:shield":3,"minecraft:diamond_pickaxe":2,"minecraft:emerald_block":21,"minecraft:stick":7698,"minecraft:iron_ingot":318,"minecraft:snow_block":93,"minecraft:shears":2,"minecraft:cherry_planks":68,"minecraft:raw_iron":36,"minecraft:furnace":1,"minecraft:dark_oak_trapdoor":4,"minecraft:raw_copper_block":118,"minecraft:oak_trapdoor":12,"minecraft:flint_and_steel":1,"minecraft:scaffolding":36,"minecraft:iron_axe":10,"minecraft:minecart":2,"minecraft:cooked_beef":4,"minecraft:diamond_sword":1,"minecraft:powered_rail":6,"minecraft:iron_sword":5,"minecraft:mangrove_planks":136,"minecraft:bucket":7,"minecraft:stone_axe":13,"minecraft:air":0,"minecraft:bread":138,"minecraft:jungle_planks":8,"minecraft:cut_copper":4,"minecraft:oak_boat":2,"minecraft:raw_gold":45,"minecraft:anvil":1,"minecraft:acacia_planks":72,"minecraft:torch":256,"minecraft:clay":19,"minecraft:lapis_block":70},"minecraft:picked_up":{"minecraft:seagrass":7,"minecraft:anvil":2,"minecraft:prismarine_shard":12,"minecraft:lead":15,"minecraft:enchanted_book":7,"minecraft:amethyst_block":172,"minecraft:string":40,"minecraft:red_nether_bricks":2,"minecraft:explorer_pottery_sherd":1,"minecraft:shroomlight":7,"minecraft:gold_nugget":58,"minecraft:cobbled_deepslate":200,"minecraft:spruce_planks":1,"minecraft:melon_slice":442,"minecraft:mangrove_log":11,"minecraft:golden_helmet":2,"minecraft:beehive":7,"minecraft:sheaf_pottery_sherd":8,"minecraft:big_dripleaf":6,"minecraft:acacia_log":11,"minecraft:honeycomb_block":17,"minecraft:cherry_log":77,"minecraft:pink_terracotta":33,"minecraft:rabbit_foot":1,"minecraft:green_terracotta":17,"minecraft:cauldron":4,"minecraft:bamboo_block":39,"minecraft:stone_sword":2,"minecraft:honey_bottle":11,"minecraft:horn_coral_fan":2,"minecraft:tropical_fish":21,"minecraft:iron_block":2,"minecraft:carved_pumpkin":1,"minecraft:cyan_terracotta":4,"minecraft:wolf_spawn_egg":1,"minecraft:white_terracotta":39,"minecraft:blaze_rod":2,"minecraft:snowball":650,"minecraft:sponge":11,"minecraft:birch_log":32,"minecraft:magma_block":4,"minecraft:feather":386,"minecraft:cooked_beef":1,"minecraft:birch_slab":73,"minecraft:water_bucket":10,"minecraft:jungle_log":14,"minecraft:flint":13,"minecraft:cherry_fence":5,"minecraft:magenta_terracotta":20,"minecraft:disc_fragment_5":3,"minecraft:gray_terracotta":1,"minecraft:rabbit":22,"minecraft:glowstone_dust":84,"minecraft:moss_block":202,"minecraft:pitcher_pod":1,"minecraft:honeycomb":4,"minecraft:warped_wart_block":2,"minecraft:dropper":1,"minecraft:ink_sac":16,"minecraft:dark_oak_log":12,"minecraft:red_terracotta":9,"minecraft:iron_hoe":3,"minecraft:snout_armor_trim_smithing_template":1,"minecraft:blue_terracotta":6,"minecraft:angler_pottery_sherd":18,"minecraft:writable_book":11,"minecraft:dead_brain_coral_block":15,"minecraft:granite":53,"minecraft:chainmail_helmet":1,"minecraft:bread":43,"minecraft:rooted_dirt":36,"minecraft:plenty_pottery_sherd":5,"minecraft:diamond_pickaxe":8,"minecraft:crafting_table":12,"minecraft:mud":43,"minecraft:shelter_pottery_sherd":5,"minecraft:nether_wart":2,"minecraft:clay_ball":260,"minecraft:dead_horn_coral_block":5,"minecraft:flint_and_steel":1,"minecraft:white_carpet":11,"minecraft:iron_shovel":12,"minecraft:music_disc_otherside":2,"minecraft:beef":12,"minecraft:jungle_sapling":4,"minecraft:spruce_slab":29,"minecraft:minecart":7,"minecraft:chest":114,"minecraft:birch_sapling":5,"minecraft:raw_copper_block":20,"minecraft:egg":909,"minecraft:sandstone":40,"minecraft:raw_gold_block":10,"minecraft:amethyst_cluster":1,"minecraft:music_disc_mellohi":9,"minecraft:spruce_fence":2,"minecraft:fire_charge":2,"minecraft:skull_pottery_sherd":8,"minecraft:carrot":229,"minecraft:redstone":193,"minecraft:prismarine_crystals":60,"minecraft:beetroot_seeds":10,"minecraft:tube_coral_fan":1,"minecraft:shears":1,"minecraft:deepslate_bricks":32,"minecraft:hay_block":5,"minecraft:yellow_terracotta":19,"minecraft:gold_ingot":7,"minecraft:glow_berries":4,"minecraft:mutton":230,"minecraft:white_wool":355,"minecraft:rail":8,"minecraft:mud_bricks":15,"minecraft:red_mushroom":20,"minecraft:ochre_froglight":34,"minecraft:packed_mud":20,"minecraft:oak_log":1993,"minecraft:lily_pad":12,"minecraft:ancient_debris":1,"minecraft:paper":2,"minecraft:apple":113,"minecraft:kelp":1,"minecraft:creeper_spawn_egg":1,"minecraft:spore_blossom":2,"minecraft:music_disc_far":2,"minecraft:stone_pickaxe":19,"minecraft:blade_pottery_sherd":6,"minecraft:glass_bottle":3,"minecraft:iron_sword":13,"minecraft:flowering_azalea":5,"minecraft:smooth_basalt":15,"minecraft:dark_oak_slab":70,"minecraft:sweet_berries":590,"minecraft:spyglass":2,"minecraft:torchflower_seeds":2,"minecraft:gravel":127,"minecraft:dead_fire_coral_block":7,"minecraft:spruce_sapling":2,"minecraft:spruce_log":14,"minecraft:crying_obsidian":2,"minecraft:archer_pottery_sherd":4,"minecraft:leather_helmet":1,"minecraft:husk_spawn_egg":1,"minecraft:slime_ball":164,"minecraft:snort_pottery_sherd":5,"minecraft:stone_axe":8,"minecraft:short_grass":2,"minecraft:oak_button":1,"minecraft:melon_seeds":4,"minecraft:mangrove_propagule":1,"minecraft:wheat":881,"minecraft:gilded_blackstone":4,"minecraft:dead_tube_coral_block":4,"minecraft:raw_copper":756,"minecraft:deepslate_tiles":10,"minecraft:red_sand":53,"minecraft:bucket":3,"minecraft:cobblestone_slab":319,"minecraft:calcite":127,"minecraft:smooth_quartz":73,"minecraft:wooden_shovel":4,"minecraft:iron_pickaxe":12,"minecraft:furnace":1,"minecraft:tipped_arrow":3,"minecraft:stick":3424,"minecraft:brown_terracotta":9,"minecraft:oak_fence":57,"minecraft:torch":105,"minecraft:porkchop":63,"minecraft:pointed_dripstone":31,"minecraft:diorite":87,"minecraft:quartz_block":115,"minecraft:rotten_flesh":51,"minecraft:mangrove_roots":5,"minecraft:obsidian":2,"minecraft:cod":3,"minecraft:cobblestone":4138,"minecraft:pink_petals":3,"minecraft:muddy_mangrove_roots":2,"minecraft:leather_chestplate":2,"minecraft:magma_cream":7,"minecraft:andesite":132,"minecraft:chiseled_quartz_block":66,"minecraft:magenta_dye":4,"minecraft:tuff":73,"minecraft:prismarine_bricks":47,"minecraft:lapis_lazuli":450,"minecraft:dirt":1027,"minecraft:stripped_birch_log":4,"minecraft:glass":1,"minecraft:bone":36,"minecraft:bow":11,"minecraft:orange_tulip":3,"minecraft:wheat_seeds":2747,"minecraft:raw_gold":65,"minecraft:fletching_table":3,"minecraft:bamboo":889,"minecraft:powered_rail":4,"minecraft:prismarine":62,"minecraft:oak_planks":576,"minecraft:stone_hoe":4,"minecraft:cooked_porkchop":38,"minecraft:oak_pressure_plate":2,"minecraft:sand":91,"minecraft:grass_block":1,"minecraft:mossy_cobblestone":22,"minecraft:dark_prismarine":51,"minecraft:light_gray_terracotta":7,"minecraft:sugar":2,"minecraft:light_blue_terracotta":16,"minecraft:diamond":52,"minecraft:cherry_wood":10,"minecraft:crossbow":1,"minecraft:bone_meal":6,"minecraft:golden_apple":2,"minecraft:emerald":79,"minecraft:oak_sapling":826,"minecraft:netherrack":44,"minecraft:lingering_potion":1,"minecraft:chicken":307,"minecraft:brown_mushroom":8,"minecraft:wooden_pickaxe":1,"minecraft:shield":10,"minecraft:oak_trapdoor":24,"minecraft:moss_carpet":4,"minecraft:iron_axe":11,"minecraft:vex_spawn_egg":1,"minecraft:blackstone":18,"minecraft:candle":5,"minecraft:detector_rail":2,"minecraft:oak_boat":8,"minecraft:lectern":231,"minecraft:sugar_cane":29,"minecraft:phantom_membrane":2,"minecraft:raw_iron":172,"minecraft:music_disc_relic":1,"minecraft:copper_ingot":1,"minecraft:quartz_pillar":39,"minecraft:trident":5,"minecraft:arrow":249,"minecraft:nether_bricks":79,"minecraft:glistering_melon_slice":7,"minecraft:basalt":2,"minecraft:golden_carrot":8,"minecraft:glow_ink_sac":25,"minecraft:salmon":2,"minecraft:leather":16,"minecraft:birch_planks":102,"minecraft:crimson_fungus":1,"minecraft:nether_wart_block":3,"minecraft:gunpowder":16,"minecraft:heart_pottery_sherd":12,"minecraft:orange_terracotta":12,"minecraft:cooked_mutton":33,"minecraft:pearlescent_froglight":1,"minecraft:red_sandstone":21,"minecraft:rabbit_hide":3,"minecraft:iron_ingot":76,"minecraft:cooked_chicken":120,"minecraft:frogspawn":2,"minecraft:verdant_froglight":3,"minecraft:soul_sand":14,"minecraft:book":9,"minecraft:sculk_catalyst":2,"minecraft:scaffolding":10,"minecraft:oak_slab":867,"minecraft:warped_fungus":2,"minecraft:pitcher_plant":1,"minecraft:pumpkin":144,"minecraft:budding_amethyst":2,"minecraft:quartz":6,"minecraft:raw_iron_block":3,"minecraft:dripstone_block":55,"minecraft:amethyst_shard":1,"minecraft:white_bed":11,"minecraft:spider_eye":9,"minecraft:bamboo_mosaic":27,"minecraft:pumpkin_seeds":12,"minecraft:dried_kelp_block":6,"minecraft:honey_block":8,"minecraft:dead_bubble_coral_block":2,"minecraft:iron_helmet":3,"minecraft:cherry_sapling":7,"minecraft:terracotta":23,"minecraft:coal":184}},"DataVersion":3700}