{"stats":{"minecraft:mined":{"minecraft:carved_pumpkin":2,"minecraft:granite":37,"minecraft:budding_amethyst":17,"minecraft:grass_block":166,"minecraft:deepslate_bricks":52,"minecraft:tube_coral_block":3,"minecraft:raw_iron_block":3,"minecraft:iron_ore":43,"minecraft:pumpkin":75,"minecraft:deepslate_lapis_ore":18,"minecraft:brain_coral_block":8,"minecraft:spruce_slab":5,"minecraft:gray_terracotta":7,"minecraft:cyan_terracotta":9,"minecraft:powder_snow":14,"minecraft:clay":56,"minecraft:torch":11,"minecraft:light_gray_terracotta":8,"minecraft:calcite":63,"minecraft:melon":18,"minecraft:chest":40,"minecraft:prismarine":44,"minecraft:amethyst_block":78,"minecraft:deepslate_copper_ore":26,"minecraft:birch_sapling":1,"minecraft:white_terracotta":21,"minecraft:blue_terracotta":7,"minecraft:dark_oak_slab":27,"minecraft:birch_log":31,"minecraft:wheat":233,"minecraft:blue_ice":8,"minecraft:pumpkin_stem":5,"minecraft:oak_log":317,"minecraft:sand":26,"minecraft:dirt":110,"minecraft:smooth_basalt":26,"minecraft:raw_copper_block":3,"minecraft:oak_leaves":82,"minecraft:deepslate":110,"minecraft:suspicious_gravel":40,"minecraft:attached_pumpkin_stem":1,"minecraft:deepslate_tiles":19,"minecraft:dark_prismarine":28,"minecraft:diamond_ore":3,"minecraft:tuff":38,"minecraft:deepslate_diamond_ore":8,"minecraft:candle":1,"minecraft:dark_oak_log":9,"minecraft:sea_lantern":21,"minecraft:moss_block":88,"minecraft:rooted_dirt":20,"minecraft:furnace":1,"minecraft:carrots":16,"minecraft:raw_gold_block":5,"minecraft:snow":443,"minecraft:green_terracotta":9,"minecraft:andesite":49,"minecraft:dead_horn_coral_block":3,"minecraft:deepslate_iron_ore":33,"minecraft:packed_ice":17,"minecraft:bamboo":3,"minecraft:stone":158,"minecraft:white_wool":2,"minecraft:podzol":34,"minecraft:oak_slab":51,"minecraft:snow_block":68,"minecraft:oak_fence":4,"minecraft:crafting_table":4,"minecraft:copper_ore":82,"minecraft:deepslate_coal_ore":21,"minecraft:dried_kelp_block":4,"minecraft:lapis_ore":10,"minecraft:deepslate_gold_ore":27,"minecraft:diorite":66,"minecraft:prismarine_bricks":42,"minecraft:sweet_berry_bush":4,"minecraft:ice":2,"minecraft:spruce_log":16,"minecraft:dead_brain_coral_block":2,"minecraft:coal_ore":20,"minecraft:gravel":94,"minecraft:dripstone_block":64,"minecraft:terracotta":9,"minecraft:gold_ore":22},"minecraft:used":{"minecraft:iron_shovel":811,"minecraft:spruce_slab":9,"minecraft:chest":25,"minecraft:shield":17,"minecraft:iron_sword":303,"minecraft:green_terracotta":2,"minecraft:carrot":20,"minecraft:snowball":69,"minecraft:milk_bucket":4,"minecraft:birch_sapling":1,"minecraft:dark_oak_slab":49,"minecraft:bow":17,"minecraft:sweet_berries":51,"minecraft:oak_sapling":67,"minecraft:furnace":2,"minecraft:egg":1,"minecraft:stone_pickaxe":39,"minecraft:wooden_pickaxe":9,"minecraft:leather_chestplate":1,"minecraft:white_wool":2,"minecraft:sand":5,"minecraft:pumpkin_seeds":16,"minecraft:melon_slice":37,"minecraft:bread":5,"minecraft:cooked_rabbit":5,"minecraft:ice":1,"minecraft:bone_meal":97,"minecraft:oak_fence":12,"minecraft:trident":1,"minecraft:flint_and_steel":3,"minecraft:stone_shovel":13,"minecraft:wooden_shovel":153,"minecraft:cooked_chicken":1,"minecraft:stone_hoe":82,"minecraft:torch":53,"minecraft:dirt":221,"minecraft:white_carpet":3,"minecraft:iron_hoe":5,"minecraft:wooden_axe":102,"minecraft:iron_axe":672,"minecraft:melon_seeds":2,"minecraft:bamboo":3,"minecraft:pumpkin":1,"minecraft:wheat_seeds":293,"minecraft:cooked_mutton":16,"minecraft:water_bucket":22,"minecraft:oak_slab":1435,"minecraft:crafting_table":4,"minecraft:oak_log":7,"minecraft:gray_terracotta":1,"minecraft:iron_pickaxe":1454,"minecraft:bucket":26,"minecraft:candle":8},"minecraft:picked_up":{"minecraft:seagrass":2,"minecraft:wheat":230,"minecraft:prismarine_shard":8,"minecraft:amethyst_block":84,"minecraft:string":25,"minecraft:dead_tube_coral_block":3,"minecraft:raw_copper":440,"minecraft:explorer_pottery_sherd":1,"minecraft:deepslate_tiles":10,"minecraft:cobbled_deepslate":73,"minecraft:bucket":1,"minecraft:calcite":65,"minecraft:wooden_shovel":4,"minecraft:iron_pickaxe":3,"minecraft:melon_slice":102,"minecraft:furnace":1,"minecraft:tipped_arrow":3,"minecraft:golden_helmet":1,"minecraft:stick":108,"minecraft:sheaf_pottery_sherd":8,"minecraft:oak_fence":7,"minecraft:torch":42,"minecraft:porkchop":43,"minecraft:diorite":80,"minecraft:green_terracotta":17,"minecraft:rabbit_foot":1,"minecraft:rotten_flesh":31,"minecraft:tropical_fish":5,"minecraft:carved_pumpkin":1,"minecraft:cyan_terracotta":4,"minecraft:white_terracotta":21,"minecraft:cod":3,"minecraft:snowball":528,"minecraft:cobblestone":166,"minecraft:birch_log":28,"minecraft:leather_chestplate":2,"minecraft:feather":12,"minecraft:birch_slab":5,"minecraft:water_bucket":1,"minecraft:andesite":118,"minecraft:flint":7,"minecraft:tuff":32,"minecraft:prismarine_bricks":31,"minecraft:lapis_lazuli":160,"minecraft:stripped_birch_log":4,"minecraft:dirt":534,"minecraft:disc_fragment_5":3,"minecraft:bone":31,"minecraft:bow":4,"minecraft:gray_terracotta":1,"minecraft:wheat_seeds":786,"minecraft:raw_gold":36,"minecraft:rabbit":22,"minecraft:bamboo":7,"minecraft:moss_block":134,"minecraft:prismarine":53,"minecraft:stone_hoe":2,"minecraft:oak_planks":2,"minecraft:cooked_porkchop":17,"minecraft:sand":17,"minecraft:ink_sac":16,"minecraft:dark_prismarine":42,"minecraft:iron_hoe":2,"minecraft:light_gray_terracotta":5,"minecraft:blue_terracotta":6,"minecraft:diamond":22,"minecraft:angler_pottery_sherd":5,"minecraft:writable_book":9,"minecraft:dead_brain_coral_block":11,"minecraft:granite":37,"minecraft:bone_meal":4,"minecraft:chainmail_helmet":1,"minecraft:rooted_dirt":35,"minecraft:oak_sapling":149,"minecraft:diamond_pickaxe":1,"minecraft:crafting_table":5,"minecraft:chicken":12,"minecraft:clay_ball":152,"minecraft:wooden_pickaxe":1,"minecraft:dead_horn_coral_block":3,"minecraft:shield":3,"minecraft:iron_axe":3,"minecraft:iron_shovel":5,"minecraft:candle":5,"minecraft:music_disc_otherside":2,"minecraft:beef":12,"minecraft:spruce_slab":5,"minecraft:birch_sapling":5,"minecraft:chest":68,"minecraft:egg":12,"minecraft:raw_iron":70,"minecraft:raw_gold_block":10,"minecraft:music_disc_relic":1,"minecraft:copper_ingot":1,"minecraft:music_disc_mellohi":2,"minecraft:carrot":72,"minecraft:redstone":1,"minecraft:prismarine_crystals":40,"minecraft:arrow":40,"minecraft:tube_coral_fan":1,"minecraft:deepslate_bricks":32,"minecraft:mutton":68,"minecraft:rail":8,"minecraft:white_wool":62,"minecraft:golden_carrot":6,"minecraft:glow_ink_sac":4,"minecraft:salmon":2,"minecraft:leather":7,"minecraft:red_mushroom":4,"minecraft:birch_planks":102,"minecraft:oak_log":326,"minecraft:gunpowder":14,"minecraft:paper":2,"minecraft:cooked_mutton":14,"minecraft:apple":20,"minecraft:kelp":1,"minecraft:creeper_spawn_egg":1,"minecraft:iron_ingot":43,"minecraft:rabbit_hide":3,"minecraft:music_disc_far":2,"minecraft:stone_pickaxe":7,"minecraft:blade_pottery_sherd":1,"minecraft:iron_sword":2,"minecraft:flowering_azalea":5,"minecraft:book":2,"minecraft:sculk_catalyst":2,"minecraft:oak_slab":122,"minecraft:smooth_basalt":13,"minecraft:dark_oak_slab":48,"minecraft:pumpkin":84,"minecraft:sweet_berries":384,"minecraft:raw_iron_block":3,"minecraft:dripstone_block":39,"minecraft:gravel":119,"minecraft:dead_fire_coral_block":4,"minecraft:amethyst_shard":1,"minecraft:spruce_sapling":1,"minecraft:spruce_log":9,"minecraft:spider_eye":6,"minecraft:leather_helmet":1,"minecraft:pumpkin_seeds":6,"minecraft:dried_kelp_block":6,"minecraft:dead_bubble_coral_block":2,"minecraft:iron_helmet":2,"minecraft:terracotta":2,"minecraft:melon_seeds":1,"minecraft:coal":78},"minecraft:custom":{"minecraft:animals_bred":93,"minecraft:interact_with_crafting_table":101,"minecraft:leave_game":5,"minecraft:time_since_death":29943,"minecraft:sprint_one_cm":460859,"minecraft:damage_blocked_by_shield":242,"minecraft:drop":486,"minecraft:play_time":401725,"minecraft:deaths":5,"minecraft:jump":3263,"minecraft:walk_on_water_one_cm":1125,"minecraft:interact_with_furnace":88,"minecraft:damage_dealt":26782,"minecraft:player_kills":7,"minecraft:crouch_one_cm":142410,"minecraft:mob_kills":189,"minecraft:damage_dealt_resisted":97,"minecraft:walk_one_cm":1015941,"minecraft:sneak_time":34960,"minecraft:walk_under_water_one_cm":1822,"minecraft:total_world_time":401725,"minecraft:time_since_rest":29967,"minecraft:damage_taken":3406,"minecraft:fly_one_cm":432326,"minecraft:open_chest":931,"minecraft:fall_one_cm":38583},"minecraft:dropped":{"minecraft:iron_sword":1,"minecraft:moss_block":30,"minecraft:birch_planks":68,"minecraft:lapis_lazuli":60,"minecraft:oak_log":78,"minecraft:diamond":11,"minecraft:cooked_porkchop":17,"minecraft:rooted_dirt":20,"minecraft:rail":3,"minecraft:leather_helmet":1,"minecraft:birch_slab":5,"minecraft:red_mushroom":2,"minecraft:cod":1,"minecraft:flint":1,"minecraft:cyan_terracotta":1,"minecraft:dirt":172,"minecraft:snowball":147,"minecraft:wooden_sword":1,"minecraft:writable_book":6,"minecraft:bone_meal":5,"minecraft:axolotl_bucket":2,"minecraft:bone":1,"minecraft:gravel":11,"minecraft:stone_axe":1,"minecraft:cobbled_deepslate":22,"minecraft:music_disc_otherside":1,"minecraft:wheat":9,"minecraft:birch_sapling":2,"minecraft:rotten_flesh":20,"minecraft:oak_planks":3,"minecraft:prismarine":15,"minecraft:music_disc_far":1,"minecraft:cooked_mutton":34,"minecraft:tipped_arrow":3,"minecraft:gunpowder":12,"minecraft:melon_seeds":2,"minecraft:blade_pottery_sherd":1,"minecraft:chest":21,"minecraft:arrow":16,"minecraft:beef":2,"minecraft:egg":14,"minecraft:stone_hoe":1,"minecraft:bread":3,"minecraft:iron_ingot":6,"minecraft:oak_slab":73,"minecraft:wheat_seeds":269,"minecraft:prismarine_shard":6,"minecraft:oak_fence":2,"minecraft:feather":4,"minecraft:cobblestone":6,"minecraft:prismarine_crystals":6,"minecraft:book":1,"minecraft:amethyst_block":11,"minecraft:apple":3,"minecraft:granite":2,"minecraft:explorer_pottery_sherd":1,"minecraft:copper_ingot":1,"minecraft:tropical_fish":1,"minecraft:chainmail_helmet":1,"minecraft:coal":27,"minecraft:stick":27,"minecraft:dried_kelp_block":2,"minecraft:milk_bucket":1,"minecraft:diorite":6,"minecraft:golden_carrot":3,"minecraft:ink_sac":4,"minecraft:torch":14,"minecraft:wooden_axe":1,"minecraft:rabbit":7,"minecraft:melon_slice":40,"minecraft:stripped_birch_log":2,"minecraft:pumpkin":19,"minecraft:flowering_azalea":2,"minecraft:raw_iron_block":1,"minecraft:string":4,"minecraft:spruce_sapling":3,"minecraft:sweet_berries":185,"minecraft:green_terracotta":12,"minecraft:stone_sword":1,"minecraft:raw_copper":99,"minecraft:tuff":5,"minecraft:raw_iron":8,"minecraft:stone_shovel":1,"minecraft:clay_ball":12,"minecraft:iron_hoe":1,"minecraft:glow_lichen":2,"minecraft:pumpkin_seeds":3,"minecraft:andesite":21,"minecraft:oak_sapling":32,"minecraft:wooden_shovel":6,"minecraft:carved_pumpkin":1,"minecraft:stone_pickaxe":9,"minecraft:wooden_pickaxe":2,"minecraft:raw_gold":14,"minecraft:music_disc_mellohi":1,"minecraft:dead_brain_coral_block":2,"minecraft:calcite":8,"minecraft:cooked_rabbit":4,"minecraft:amethyst_cluster":2},"minecraft:killed_by":{"minecraft:elder_guardian":1,"minecraft:player":1,"minecraft:stray":1},"minecraft:killed":{"minecraft:spider":19,"minecraft:skeleton":17,"minecraft:guardian":5,"minecraft:chicken":11,"minecraft:turtle":2,"minecraft:tropical_fish":1,"minecraft:wolf":2,"minecraft:pig":22,"minecraft:salmon":1,"minecraft:creeper":6,"minecraft:sheep":50,"minecraft:zombie":22,"minecraft:mooshroom":2,"minecraft:stray":6,"minecraft:glow_squid":2,"minecraft:cow":2,"minecraft:drowned":6,"minecraft:rabbit":6,"minecraft:polar_bear":2},"minecraft:broken":{"minecraft:iron_shovel":5,"minecraft:wooden_shovel":2,"minecraft:wooden_axe":1,"minecraft:leather_chestplate":2,"minecraft:iron_axe":3,"minecraft:iron_pickaxe":4,"minecraft:iron_helmet":2},"minecraft:crafted":{"minecraft:oak_planks":768,"minecraft:cooked_chicken":14,"minecraft:cooked_mutton":59,"minecraft:stone_hoe":1,"minecraft:oak_fence":9,"minecraft:cooked_rabbit":9,"minecraft:oak_slab":1410,"minecraft:wooden_shovel":2,"minecraft:cooked_porkchop":28,"minecraft:crafting_table":1,"minecraft:spruce_planks":20,"minecraft:wooden_pickaxe":1,"minecraft:birch_planks":48,"minecraft:dark_oak_slab":24,"minecraft:diamond_pickaxe":1,"minecraft:shield":1,"minecraft:stick":68,"minecraft:iron_ingot":139,"minecraft:iron_pickaxe":5,"minecraft:iron_block":9,"minecraft:snow_block":84,"minecraft:gold_ingot":113,"minecraft:shears":1,"minecraft:raw_iron":36,"minecraft:stone_shovel":1,"minecraft:furnace":1,"minecraft:bone_meal":108,"minecraft:white_carpet":6,"minecraft:raw_copper_block":68,"minecraft:flint_and_steel":1,"minecraft:iron_axe":3,"minecraft:spruce_slab":6,"minecraft:stone_pickaxe":3,"minecraft:dark_oak_planks":12,"minecraft:cooked_beef":3,"minecraft:iron_sword":2,"minecraft:bucket":5,"minecraft:stone_axe":1,"minecraft:bread":18,"minecraft:air":0,"minecraft:raw_gold":45,"minecraft:wooden_axe":2,"minecraft:iron_shovel":4,"minecraft:torch":48,"minecraft:lapis_block":37}},"DataVersion":3700}