{"stats":{"minecraft:crafted":{"minecraft:oak_planks":412,"minecraft:cooked_chicken":1,"minecraft:cooked_mutton":31,"minecraft:stone_hoe":1,"minecraft:oak_fence":9,"minecraft:cooked_rabbit":9,"minecraft:oak_slab":702,"minecraft:wooden_shovel":2,"minecraft:crafting_table":1,"minecraft:spruce_planks":8,"minecraft:wooden_pickaxe":1,"minecraft:birch_planks":48,"minecraft:dark_oak_slab":24,"minecraft:shield":1,"minecraft:stick":60,"minecraft:iron_ingot":56,"minecraft:iron_pickaxe":4,"minecraft:snow_block":80,"minecraft:gold_ingot":53,"minecraft:shears":1,"minecraft:raw_iron":18,"minecraft:stone_shovel":1,"minecraft:furnace":1,"minecraft:bone_meal":99,"minecraft:white_carpet":6,"minecraft:iron_axe":2,"minecraft:spruce_slab":6,"minecraft:stone_pickaxe":3,"minecraft:dark_oak_planks":12,"minecraft:cooked_beef":3,"minecraft:iron_sword":2,"minecraft:bucket":3,"minecraft:stone_axe":1,"minecraft:bread":8,"minecraft:air":0,"minecraft:raw_gold":45,"minecraft:wooden_axe":2,"minecraft:iron_shovel":4,"minecraft:torch":32},"minecraft:broken":{"minecraft:iron_shovel":5,"minecraft:wooden_shovel":2,"minecraft:wooden_axe":1,"minecraft:iron_axe":1,"minecraft:iron_pickaxe":3},"minecraft:dropped":{"minecraft:birch_planks":68,"minecraft:lapis_lazuli":60,"minecraft:oak_log":78,"minecraft:rooted_dirt":20,"minecraft:rail":3,"minecraft:leather_helmet":1,"minecraft:birch_slab":5,"minecraft:red_mushroom":2,"minecraft:cod":1,"minecraft:dirt":154,"minecraft:snowball":146,"minecraft:wooden_sword":1,"minecraft:bone_meal":5,"minecraft:axolotl_bucket":1,"minecraft:bone":1,"minecraft:gravel":3,"minecraft:stone_axe":1,"minecraft:cobbled_deepslate":16,"minecraft:music_disc_otherside":1,"minecraft:wheat":9,"minecraft:rotten_flesh":7,"minecraft:oak_planks":3,"minecraft:cooked_mutton":13,"minecraft:tipped_arrow":3,"minecraft:gunpowder":12,"minecraft:chest":20,"minecraft:arrow":9,"minecraft:beef":2,"minecraft:egg":14,"minecraft:iron_ingot":6,"minecraft:bread":3,"minecraft:oak_slab":73,"minecraft:wheat_seeds":190,"minecraft:oak_fence":2,"minecraft:feather":4,"minecraft:cobblestone":1,"minecraft:book":1,"minecraft:amethyst_block":2,"minecraft:apple":3,"minecraft:granite":2,"minecraft:tropical_fish":1,"minecraft:coal":27,"minecraft:stick":15,"minecraft:milk_bucket":1,"minecraft:golden_carrot":3,"minecraft:ink_sac":4,"minecraft:torch":14,"minecraft:wooden_axe":1,"minecraft:rabbit":7,"minecraft:melon_slice":37,"minecraft:stripped_birch_log":2,"minecraft:pumpkin":19,"minecraft:flowering_azalea":2,"minecraft:raw_iron_block":1,"minecraft:string":4,"minecraft:spruce_sapling":3,"minecraft:sweet_berries":30,"minecraft:green_terracotta":12,"minecraft:raw_copper":89,"minecraft:tuff":5,"minecraft:raw_iron":8,"minecraft:stone_shovel":1,"minecraft:clay_ball":12,"minecraft:iron_hoe":1,"minecraft:pumpkin_seeds":1,"minecraft:andesite":9,"minecraft:oak_sapling":1,"minecraft:wooden_shovel":6,"minecraft:carved_pumpkin":1,"minecraft:stone_pickaxe":8,"minecraft:wooden_pickaxe":2,"minecraft:raw_gold":12,"minecraft:calcite":8,"minecraft:cooked_rabbit":4,"minecraft:amethyst_cluster":2},"minecraft:killed":{"minecraft:spider":14,"minecraft:skeleton":13,"minecraft:tropical_fish":1,"minecraft:wolf":2,"minecraft:creeper":6,"minecraft:sheep":29,"minecraft:zombie":16,"minecraft:mooshroom":2,"minecraft:stray":6,"minecraft:cow":1,"minecraft:rabbit":6,"minecraft:polar_bear":2},"minecraft:killed_by":{"minecraft:player":1,"minecraft:stray":1},"minecraft:custom":{"minecraft:animals_bred":31,"minecraft:interact_with_crafting_table":78,"minecraft:leave_game":4,"minecraft:time_since_death":87725,"minecraft:sprint_one_cm":303459,"minecraft:damage_blocked_by_shield":242,"minecraft:drop":347,"minecraft:play_time":273531,"minecraft:deaths":4,"minecraft:jump":1970,"minecraft:walk_on_water_one_cm":1051,"minecraft:interact_with_furnace":50,"minecraft:damage_dealt":15381,"minecraft:player_kills":6,"minecraft:crouch_one_cm":83907,"minecraft:mob_kills":103,"minecraft:damage_dealt_resisted":7,"minecraft:walk_one_cm":691233,"minecraft:sneak_time":22493,"minecraft:walk_under_water_one_cm":1822,"minecraft:total_world_time":273531,"minecraft:time_since_rest":87778,"minecraft:damage_taken":2337,"minecraft:fly_one_cm":252003,"minecraft:open_chest":513,"minecraft:fall_one_cm":18059},"minecraft:mined":{"minecraft:carved_pumpkin":2,"minecraft:granite":33,"minecraft:budding_amethyst":14,"minecraft:grass_block":163,"minecraft:deepslate_bricks":52,"minecraft:raw_iron_block":3,"minecraft:iron_ore":37,"minecraft:pumpkin":18,"minecraft:deepslate_lapis_ore":15,"minecraft:spruce_slab":5,"minecraft:gray_terracotta":7,"minecraft:powder_snow":14,"minecraft:clay":26,"minecraft:torch":7,"minecraft:calcite":52,"minecraft:melon":12,"minecraft:chest":33,"minecraft:amethyst_block":69,"minecraft:deepslate_copper_ore":22,"minecraft:birch_sapling":1,"minecraft:white_terracotta":21,"minecraft:blue_terracotta":3,"minecraft:dark_oak_slab":13,"minecraft:birch_log":29,"minecraft:wheat":132,"minecraft:blue_ice":8,"minecraft:pumpkin_stem":3,"minecraft:oak_log":185,"minecraft:dirt":102,"minecraft:smooth_basalt":20,"minecraft:raw_copper_block":3,"minecraft:oak_leaves":48,"minecraft:deepslate":74,"minecraft:suspicious_gravel":39,"minecraft:deepslate_tiles":19,"minecraft:diamond_ore":2,"minecraft:tuff":26,"minecraft:deepslate_diamond_ore":5,"minecraft:candle":1,"minecraft:dark_oak_log":8,"minecraft:moss_block":31,"minecraft:rooted_dirt":13,"minecraft:furnace":1,"minecraft:carrots":2,"minecraft:raw_gold_block":5,"minecraft:snow":443,"minecraft:andesite":35,"minecraft:green_terracotta":8,"minecraft:deepslate_iron_ore":25,"minecraft:packed_ice":14,"minecraft:stone":145,"minecraft:podzol":33,"minecraft:oak_slab":33,"minecraft:snow_block":68,"minecraft:oak_fence":2,"minecraft:crafting_table":4,"minecraft:copper_ore":71,"minecraft:deepslate_coal_ore":16,"minecraft:deepslate_gold_ore":20,"minecraft:lapis_ore":6,"minecraft:diorite":62,"minecraft:sweet_berry_bush":4,"minecraft:ice":2,"minecraft:spruce_log":15,"minecraft:coal_ore":18,"minecraft:gravel":70,"minecraft:dripstone_block":43,"minecraft:terracotta":9,"minecraft:gold_ore":12},"minecraft:used":{"minecraft:iron_shovel":717,"minecraft:spruce_slab":9,"minecraft:shield":17,"minecraft:chest":18,"minecraft:iron_sword":190,"minecraft:green_terracotta":2,"minecraft:carrot":6,"minecraft:snowball":69,"minecraft:milk_bucket":3,"minecraft:birch_sapling":1,"minecraft:dark_oak_slab":28,"minecraft:bow":17,"minecraft:sweet_berries":51,"minecraft:furnace":2,"minecraft:oak_sapling":28,"minecraft:stone_pickaxe":39,"minecraft:wooden_pickaxe":9,"minecraft:leather_chestplate":1,"minecraft:pumpkin_seeds":15,"minecraft:melon_slice":32,"minecraft:bread":5,"minecraft:cooked_rabbit":5,"minecraft:ice":1,"minecraft:bone_meal":81,"minecraft:oak_fence":10,"minecraft:stone_shovel":13,"minecraft:wooden_shovel":153,"minecraft:stone_hoe":82,"minecraft:cooked_chicken":1,"minecraft:torch":35,"minecraft:dirt":207,"minecraft:white_carpet":3,"minecraft:wooden_axe":102,"minecraft:iron_axe":343,"minecraft:pumpkin":1,"minecraft:wheat_seeds":187,"minecraft:cooked_mutton":2,"minecraft:water_bucket":22,"minecraft:oak_slab":708,"minecraft:crafting_table":4,"minecraft:oak_log":7,"minecraft:gray_terracotta":1,"minecraft:iron_pickaxe":1013,"minecraft:bucket":24,"minecraft:candle":2},"minecraft:picked_up":{"minecraft:wheat":122,"minecraft:amethyst_block":70,"minecraft:string":21,"minecraft:raw_copper":351,"minecraft:deepslate_tiles":10,"minecraft:cobbled_deepslate":40,"minecraft:bucket":1,"minecraft:calcite":58,"minecraft:wooden_shovel":4,"minecraft:iron_pickaxe":2,"minecraft:melon_slice":74,"minecraft:furnace":1,"minecraft:golden_helmet":1,"minecraft:tipped_arrow":3,"minecraft:stick":56,"minecraft:sheaf_pottery_sherd":8,"minecraft:oak_fence":5,"minecraft:torch":37,"minecraft:porkchop":1,"minecraft:diorite":72,"minecraft:green_terracotta":12,"minecraft:rabbit_foot":1,"minecraft:rotten_flesh":16,"minecraft:tropical_fish":5,"minecraft:carved_pumpkin":1,"minecraft:white_terracotta":21,"minecraft:snowball":528,"minecraft:cod":1,"minecraft:cobblestone":154,"minecraft:birch_log":27,"minecraft:leather_chestplate":1,"minecraft:feather":2,"minecraft:birch_slab":5,"minecraft:andesite":90,"minecraft:flint":4,"minecraft:tuff":21,"minecraft:lapis_lazuli":153,"minecraft:dirt":504,"minecraft:stripped_birch_log":4,"minecraft:disc_fragment_5":3,"minecraft:bone":29,"minecraft:gray_terracotta":1,"minecraft:bow":4,"minecraft:wheat_seeds":433,"minecraft:raw_gold":23,"minecraft:rabbit":22,"minecraft:moss_block":75,"minecraft:oak_planks":2,"minecraft:stone_hoe":1,"minecraft:ink_sac":8,"minecraft:iron_hoe":2,"minecraft:blue_terracotta":2,"minecraft:diamond":6,"minecraft:writable_book":1,"minecraft:granite":34,"minecraft:bone_meal":3,"minecraft:rooted_dirt":24,"minecraft:oak_sapling":60,"minecraft:crafting_table":5,"minecraft:chicken":1,"minecraft:clay_ball":100,"minecraft:wooden_pickaxe":1,"minecraft:shield":2,"minecraft:iron_axe":2,"minecraft:iron_shovel":4,"minecraft:candle":2,"minecraft:music_disc_otherside":2,"minecraft:beef":11,"minecraft:spruce_slab":5,"minecraft:birch_sapling":1,"minecraft:chest":59,"minecraft:egg":12,"minecraft:raw_iron":61,"minecraft:raw_gold_block":10,"minecraft:music_disc_relic":1,"minecraft:carrot":8,"minecraft:arrow":38,"minecraft:deepslate_bricks":32,"minecraft:mutton":43,"minecraft:white_wool":33,"minecraft:rail":8,"minecraft:golden_carrot":6,"minecraft:leather":5,"minecraft:red_mushroom":4,"minecraft:birch_planks":102,"minecraft:oak_log":195,"minecraft:gunpowder":14,"minecraft:paper":2,"minecraft:cooked_mutton":2,"minecraft:apple":10,"minecraft:rabbit_hide":3,"minecraft:iron_ingot":36,"minecraft:stone_pickaxe":7,"minecraft:flowering_azalea":5,"minecraft:iron_sword":1,"minecraft:book":2,"minecraft:oak_slab":104,"minecraft:smooth_basalt":11,"minecraft:dark_oak_slab":34,"minecraft:pumpkin":29,"minecraft:sweet_berries":111,"minecraft:raw_iron_block":3,"minecraft:dripstone_block":25,"minecraft:gravel":105,"minecraft:amethyst_shard":1,"minecraft:spruce_sapling":1,"minecraft:spruce_log":8,"minecraft:spider_eye":5,"minecraft:leather_helmet":1,"minecraft:pumpkin_seeds":2,"minecraft:iron_helmet":1,"minecraft:terracotta":2,"minecraft:coal":68}},"DataVersion":3700}